Ana Santos;+43 335800228
Ana Pereira;+49 537014964
Ana Martins;+39 871234256
Ana Fernandes;+43 371012667
Ana Fernandes;+351 886199319
Ana Gomes;+39 244111702
Ana Santos;+41 818670843
Ana Martins;+41 713253951
Ana Santos;+41 660315374
Ana Alves;+49 314957324
Ana Gomes;+41 550896047
Ana Pereira;+39 234518058
Ana Gomes;+43 828617880
Ana Fernandes;+44 447356408
Ana Mendes;+49 095196638
Ana Gomes;+32 538961622
Ana Silva;+41 447316737
Ana Silva;+351 292321713
Ana Alves;+39 408977190
Ana Pereira;+43 216420211
Ana Santos;+351 778522999
Ana Silva;+44 018495449
Ana Fernandes;+44 740801357
Ana Gonçalves;+49 096811013
Ana Mendes;+41 494992463
Ana Ferreira;+44 925607653
Ana Alves;+39 609329141
Ana Gomes;+43 877130957
Ana Gomes;+33 997392776
Ana Mendes;+41 739888372
Ana Mendes;+39 962219918
Ana Santos;+351 572191279
Ana Alves;+33 352443744
Ana Fernandes;+49 586921359
Ana Mendes;+43 261502754
Ana Ferreira;+33 481097441
Ana Alves;+39 091124695
Ana Mendes;+41 606528470
Ana Martins;+351 183768179
Ana Fernandes;+32 098237398
Ana Mendes;+33 258719980
Ana Martins;+41 769394611
Ana Gomes;+351 474808347
Ana Alves;+39 674340383
Ana Santos;+32 992292286
Ana Gomes;+351 786778806
Ana Martins;+41 881500665
Ana Santos;+43 412598060
Ana Silva;+41 058832699
Ana Alves;+44 377669905
Ana Silva;+43 427390158
Ana Mendes;+32 308727166
Ana Santos;+49 257531067
Ana Ferreira;+44 674067311
Ana Pereira;+49 033063220
Ana Martins;+41 941688977
Ana Martins;+41 333550906
Ana Silva;+351 525690360
Ana Mendes;+44 358121576
Ana Martins;+43 465738717
Ana Santos;+33 831645675
Ana Mendes;+44 984951291
Ana Gomes;+49 321719801
Ana Santos;+351 524865124
Ana Ferreira;+32 597494002
Ana Gomes;+33 398945843
Ana Alves;+351 675208273
Ana Gomes;+41 171947685
Ana Gomes;+39 852810448
Ana Fernandes;+44 381479015
Ana Fernandes;+33 478702836
Ana Santos;+351 845365270
Ana Silva;+351 824990863
Ana Silva;+32 323466560
Ana Mendes;+41 977993384
Ana Pereira;+33 296942287
Ana Pereira;+49 969016823
Ana Pereira;+44 751665108
Ana Alves;+32 444785603
Ana Gonçalves;+351 997598787
Ana Fernandes;+32 477002524
Ana Gomes;+32 447126927
Ana Gonçalves;+43 120579898
Ana Gonçalves;+351 346452543
Ana Fernandes;+44 175436642
Ana Fernandes;+33 598805349
Ana Martins;+33 718935870
Ana Silva;+44 832070133
Ana Fernandes;+44 901857447
Ana Gomes;+44 006601297
Ana Ferreira;+43 922507200
Ana Ferreira;+32 295600848
Ana Santos;+39 025398253
Ana Fernandes;+43 235499395
Ana Silva;+39 457590093
Ana Martins;+43 380645150
Ana Mendes;+33 551692187
Ana Fernandes;+44 460393115
Ana Pereira;+43 830175621
Ana Ferreira;+43 823539857
