Catarina Silva;+351 010876807
Catarina Martins;+351 594514920
Catarina Alves;+49 253844306
Carlos Pereira;+44 716064131
Catarina Alves;+44 310290311
Carlos Ferreira;+43 580017001
Catarina Pereira;+41 317222406
Catarina Martins;+39 375366676
Carlos Fernandes;+32 524983291
Carlos Alves;+43 430605434
Catarina Gonçalves;+44 457513448
Catarina Gonçalves;+49 997443893
Catarina Martins;+43 383693826
Carlos Mendes;+39 637205298
Catarina Ferreira;+41 609086754
Catarina Ferreira;+33 320267035
Carlos Mendes;+39 693767453
Carlos Fernandes;+351 131921562
Carlos Fernandes;+351 531786790
Catarina Silva;+49 025423695
Carlos Gonçalves;+351 550916545
Carlos Martins;+33 239556087
Carlos Gonçalves;+49 423278190
Carlos Gonçalves;+44 419931966
Carlos Fernandes;+43 070446415
Catarina Gonçalves;+33 946345591
Carlos Santos;+49 275358128
Catarina Martins;+44 722258367
Catarina Martins;+32 788474729
Carlos Gonçalves;+33 245286333
Catarina Pereira;+32 260562628
Carlos Ferreira;+32 673205338
Carlos Santos;+41 361587259
Carlos Fernandes;+49 411499043
Catarina Alves;+32 542404969
Catarina Ferreira;+32 786842540
Catarina Fernandes;+351 311980080
Carlos Ferreira;+43 122796770
Catarina Silva;+41 881031756
Carlos Gonçalves;+43 408293484
Carlos Santos;+33 179720160
Carlos Gomes;+351 960131831
Catarina Santos;+39 396854292
Carlos Silva;+39 715259919
Catarina Martins;+39 150170389
Carlos Gonçalves;+43 071419707
Carlos Ferreira;+32 390068381
Carlos Pereira;+39 537342398
Carlos Mendes;+44 400614505
Carlos Santos;+39 579265038
Catarina Martins;+33 729552557
Carlos Santos;+351 518221779
Catarina Gomes;+33 723603817
Catarina Pereira;+41 457806484
Carlos Gomes;+32 943903339
Carlos Alves;+41 698546080
Catarina Gomes;+41 600297431
Catarina Pereira;+33 421504042
Catarina Fernandes;+32 746881405
Carlos Martins;+43 474187401
Catarina Ferreira;+44 091898569
Carlos Gonçalves;+49 850768097
Catarina Gomes;+49 499547173
Catarina Ferreira;+41 151490704
Carlos Alves;+32 613345136
Carlos Silva;+39 989786652
Carlos Gonçalves;+32 133151524
Carlos Santos;+41 270274082
Carlos Gonçalves;+39 233745565
Carlos Alves;+33 612842745
Catarina Martins;+43 157348712
Catarina Santos;+41 716887187
Catarina Pereira;+41 569385465
Carlos Silva;+351 429935831
Catarina Alves;+33 974658946
Catarina Ferreira;+39 102493701
Catarina Santos;+351 083794664
Carlos Gomes;+32 666623110
Catarina Fernandes;+41 948837418
Catarina Gomes;+32 134611197
Catarina Mendes;+351 051099095
Catarina Martins;+49 750058313
Catarina Mendes;+33 520134404
Catarina Pereira;+44 929235776
Catarina Santos;+351 067771249
Carlos Gonçalves;+351 701229907
Catarina Martins;+41 016569203
Catarina Martins;+49 239332882
Catarina Gonçalves;+32 753277537
Carlos Alves;+32 908063402
Carlos Fernandes;+351 846637410
Catarina Ferreira;+32 887184488
Catarina Fernandes;+41 590694332
Carlos Gonçalves;+39 024392361
Carlos Martins;+39 648612805
Catarina Alves;+32 177732556
Catarina Martins;+32 917331497
Catarina Martins;+351 959423915
Carlos Ferreira;+44 418351530
Carlos Alves;+49 720567319
