Sofia Silva;+351 528275330
Sofia Mendes;+44 552242574
Sofia Ferreira;+32 934523259
Sofia Fernandes;+49 566773267
Sofia Silva;+43 738265126
Sofia Gomes;+39 576564761
Sofia Ferreira;+49 293494918
Sofia Martins;+351 723203390
Sofia Santos;+32 223684432
Sofia Martins;+32 757440151
Sofia Mendes;+32 014630380
Sofia Gomes;+351 915099500
Sofia Mendes;+351 438625059
Sofia Silva;+41 804887952
Sofia Pereira;+39 045799940
Sofia Silva;+33 699853192
Sofia Alves;+39 298722790
Sofia Ferreira;+351 178078143
Sofia Gomes;+49 033961025
Sofia Martins;+351 378309130
Sofia Santos;+32 520105846
Sofia Martins;+33 403727092
Sofia Alves;+33 364510950
Sofia Fernandes;+351 477949779
Sofia Alves;+41 611395241
Sofia Ferreira;+44 878536677
Sofia Gomes;+33 047807377
Sofia Santos;+49 908520284
Sofia Mendes;+41 685131936
Sofia Pereira;+49 711682654
Sofia Fernandes;+49 911002313
Sofia Ferreira;+351 763194650
Sofia Gonçalves;+32 557575456
Sofia Pereira;+32 530940319
Sofia Ferreira;+32 448271429
Sofia Silva;+41 190815099
Sofia Ferreira;+33 315376630
Sofia Martins;+44 972279604
Sofia Mendes;+33 723333392
Sofia Gomes;+32 802748143
Sofia Pereira;+44 520953238
Sofia Gonçalves;+44 955038307
Sofia Martins;+351 305617281
Sofia Fernandes;+39 656602480
Sofia Pereira;+43 366685451
Sofia Silva;+44 746718626
Sofia Pereira;+44 432064862
Sofia Gomes;+39 468608122
Sofia Silva;+351 565424054
Sofia Martins;+351 362564086
Sofia Alves;+49 591777671
Sofia Fernandes;+351 207923792
Sofia Alves;+41 757223767
Sofia Fernandes;+44 132110554
Sofia Mendes;+43 234933260
Sofia Fernandes;+41 298836551
Sofia Fernandes;+39 171296396
Sofia Pereira;+39 406610455
Sofia Fernandes;+44 860313382
Sofia Ferreira;+39 457133715
Sofia Alves;+32 465959624
Sofia Ferreira;+32 119273733
Sofia Fernandes;+33 324792727
Sofia Martins;+43 602185626
Sofia Alves;+39 205850388
Sofia Martins;+39 169528434
Sofia Gonçalves;+49 271853971
Sofia Mendes;+43 967667849
Sofia Fernandes;+32 363081278
Sofia Mendes;+32 875946058
Sofia Pereira;+33 093081075
Sofia Santos;+41 747676432
Sofia Martins;+32 957179699
Sofia Ferreira;+32 625009164
Sofia Silva;+351 471283573
Sofia Santos;+351 193109669
Sofia Mendes;+32 055367243
Sofia Martins;+32 140850571
Sofia Alves;+43 714567870
Sofia Silva;+351 972073795
Sofia Mendes;+49 150410777
Sofia Alves;+44 199180921
Sofia Pereira;+351 776720333
Sofia Gomes;+43 810921741
Sofia Mendes;+49 887628989
Sofia Mendes;+41 355784277
Sofia Gomes;+39 696302287
Sofia Mendes;+44 010777151
Sofia Pereira;+33 319805232
Sofia Mendes;+43 447310545
Sofia Martins;+44 496221922
Sofia Ferreira;+41 814590521
Sofia Fernandes;+44 726940904
Sofia Alves;+43 070164936
Sofia Santos;+49 625764891
Sofia Silva;+351 529514374
Sofia Pereira;+43 770589896
Sofia Alves;+33 567812743
Sofia Pereira;+43 073962183
Sofia Alves;+33 319381917
