Catarina Gonçalves;+43 547821845
Carlos Mendes;+44 932634830
Carlos Martins;+49 566014810
Carlos Gomes;+41 970344536
Carlos Martins;+44 645000405
Catarina Fernandes;+351 351563734
Carlos Santos;+351 493262688
Catarina Gomes;+33 767823045
Carlos Pereira;+44 028398427
Catarina Ferreira;+351 179886367
Carlos Pereira;+41 201195337
Carlos Pereira;+33 896409901
Carlos Mendes;+49 751739285
Carlos Pereira;+49 633833226
Catarina Santos;+39 974267986
Catarina Gomes;+41 315793986
Carlos Alves;+39 219432881
Carlos Santos;+351 729535981
Carlos Fernandes;+44 745567715
Catarina Fernandes;+351 281025974
Catarina Gonçalves;+351 525187797
Catarina Ferreira;+32 214470600
Carlos Ferreira;+32 130843408
Catarina Santos;+32 568319556
Catarina Gomes;+49 970913290
Catarina Mendes;+41 361286228
Carlos Alves;+41 236107119
Catarina Pereira;+49 182084839
Carlos Pereira;+49 371183377
Carlos Gonçalves;+41 237642901
Catarina Fernandes;+44 872558331
Carlos Ferreira;+49 042891592
Catarina Mendes;+44 933900433
Catarina Alves;+41 039449219
Catarina Santos;+351 204855213
Carlos Gonçalves;+41 331526762
Catarina Ferreira;+351 336084460
Catarina Gomes;+351 600021471
Carlos Gomes;+41 970470780
Catarina Martins;+32 091256100
Catarina Martins;+33 302464389
Carlos Martins;+39 932819984
Catarina Pereira;+43 913008418
Carlos Mendes;+44 627191519
Carlos Alves;+49 089159898
Carlos Martins;+32 218462361
Catarina Silva;+32 138094485
Carlos Martins;+43 318133481
Catarina Fernandes;+49 437076754
Catarina Mendes;+44 955402920
Catarina Gonçalves;+39 773289603
Carlos Mendes;+43 471441258
Catarina Alves;+39 254520175
Carlos Ferreira;+32 068689228
Carlos Alves;+44 594782557
Carlos Alves;+32 405196442
Catarina Fernandes;+44 795250141
Catarina Gonçalves;+41 124570559
Catarina Alves;+49 612644857
Carlos Ferreira;+41 801340774
Catarina Silva;+43 379452820
Carlos Ferreira;+351 119055354
Carlos Fernandes;+44 043964711
Catarina Pereira;+44 854312014
Catarina Martins;+39 464015772
Catarina Santos;+33 733047427
Carlos Martins;+49 208308813
Catarina Alves;+32 457467306
Carlos Pereira;+33 229291713
Catarina Fernandes;+33 885332342
Carlos Gomes;+49 772183726
Catarina Ferreira;+41 249307619
Carlos Fernandes;+351 832269920
Catarina Pereira;+49 322745666
Carlos Gonçalves;+351 821564827
Carlos Mendes;+32 466944712
Carlos Santos;+49 437607138
Catarina Gonçalves;+32 847101935
Catarina Gonçalves;+44 240145127
Catarina Gomes;+351 301714191
Carlos Ferreira;+44 245205417
Carlos Gonçalves;+41 798610875
Catarina Santos;+32 760752489
Catarina Gomes;+43 245793775
Carlos Martins;+43 616091510
Catarina Martins;+33 482592355
Carlos Gomes;+33 680224303
Catarina Mendes;+43 686686521
Carlos Pereira;+351 190274612
Catarina Martins;+351 610369148
Catarina Fernandes;+43 039657862
Carlos Gonçalves;+49 232806301
Catarina Pereira;+41 998531036
Carlos Fernandes;+351 533334845
Carlos Fernandes;+49 271376082
Catarina Alves;+351 667255565
Carlos Santos;+41 979101746
Catarina Mendes;+41 557193123
Catarina Ferreira;+49 412094877
Catarina Alves;+351 475077643
