Rui Mendes;+49 894008173
Ricardo Silva;+33 713774483
Rui Gonçalves;+33 299712133
Ricardo Santos;+49 968611238
Rui Mendes;+41 616688630
Rui Pereira;+32 424980808
Ricardo Ferreira;+43 570590704
Rui Santos;+39 797965819
Rui Gomes;+49 152183543
Rui Gomes;+39 523694850
Ricardo Santos;+44 761296445
Ricardo Fernandes;+33 880443733
Rui Martins;+43 474631198
Ricardo Fernandes;+44 925543965
Ricardo Alves;+43 244305493
Rui Gonçalves;+49 240367022
Rui Pereira;+39 242256546
Rui Silva;+41 041986238
Ricardo Santos;+49 333616235
Ricardo Fernandes;+32 516731355
Rui Silva;+33 176747148
Ricardo Ferreira;+32 102218211
Ricardo Pereira;+39 610642091
Rui Pereira;+44 928024242
Rui Fernandes;+32 980126374
Ricardo Santos;+32 078995966
Rui Fernandes;+39 605192194
Rui Santos;+49 247817301
Rui Gomes;+33 207691948
Ricardo Silva;+39 966663157
Rui Alves;+32 240881355
Rui Gonçalves;+41 975878149
Rui Silva;+49 751165241
Rui Santos;+49 701291837
Ricardo Mendes;+351 889811126
Ricardo Gomes;+44 815465230
Rui Alves;+32 758595462
Rui Gonçalves;+33 416054505
Rui Mendes;+39 683470604
Rui Martins;+33 753803857
Ricardo Martins;+43 129118698
Rui Mendes;+41 186759228
Ricardo Mendes;+39 768475121
Rui Pereira;+43 302403434
Ricardo Martins;+49 406431579
Rui Alves;+39 651115217
Ricardo Santos;+49 956969562
Ricardo Alves;+33 626649641
Rui Santos;+39 546906621
Rui Mendes;+49 192599415
Rui Ferreira;+351 884229671
Ricardo Santos;+44 569505266
Rui Alves;+41 964595002
Ricardo Martins;+44 840001903
Ricardo Pereira;+33 503171347
Ricardo Mendes;+32 137049517
Ricardo Fernandes;+43 440019460
Ricardo Gonçalves;+351 530418339
Rui Gonçalves;+43 465371320
Rui Gomes;+44 574179855
Rui Gonçalves;+41 201937396
Ricardo Santos;+351 067470987
Rui Gonçalves;+33 631415321
Rui Gonçalves;+351 040001209
Ricardo Fernandes;+33 499851262
Ricardo Alves;+32 400394080
Ricardo Mendes;+41 942636740
Ricardo Pereira;+32 613878244
Rui Alves;+351 851091207
Rui Ferreira;+41 907334473
Rui Silva;+351 182563908
Rui Gomes;+32 926258267
Ricardo Silva;+43 908380124
Rui Martins;+351 925637639
Ricardo Martins;+41 461120745
Ricardo Gonçalves;+351 456100062
Ricardo Ferreira;+41 484895045
Rui Silva;+351 151091129
Ricardo Alves;+44 613565356
Ricardo Martins;+41 224516337
Ricardo Santos;+351 955294907
Rui Gomes;+41 486508778
Rui Silva;+351 726092871
Ricardo Santos;+41 803932762
Ricardo Martins;+351 679224387
Rui Mendes;+43 989669799
Ricardo Santos;+44 115231676
Rui Mendes;+49 486852786
Rui Fernandes;+351 884510255
Rui Fernandes;+49 158705217
Rui Gomes;+49 972243868
Rui Santos;+33 579956346
Rui Fernandes;+44 027175409
Ricardo Alves;+33 861170153
Rui Pereira;+33 654503950
Ricardo Pereira;+43 585540686
Ricardo Santos;+49 015250520
Rui Silva;+44 260998457
Ricardo Gonçalves;+351 374621566
Ricardo Gomes;+44 036416978
