Sofia Santos;+49 950454129
Sofia Martins;+44 275574292
Sofia Pereira;+39 491175654
Sofia Santos;+351 589990051
Sofia Gomes;+44 763936878
Sofia Gonçalves;+351 847564909
Sofia Martins;+32 170517797
Sofia Ferreira;+39 235287889
Sofia Fernandes;+41 424838392
Sofia Martins;+32 014867867
Sofia Alves;+41 313371789
Sofia Fernandes;+33 824348105
Sofia Ferreira;+43 824372258
Sofia Ferreira;+39 245004583
Sofia Gomes;+33 777970237
Sofia Gomes;+351 717713503
Sofia Gomes;+43 830590291
Sofia Gonçalves;+41 799267935
Sofia Alves;+351 565356562
Sofia Pereira;+39 691031311
Sofia Ferreira;+32 330051549
Sofia Gomes;+351 764703623
Sofia Alves;+39 210872146
Sofia Mendes;+49 702735248
Sofia Martins;+43 748922295
Sofia Gomes;+44 907969005
Sofia Pereira;+32 360883922
Sofia Mendes;+41 890737720
Sofia Santos;+43 093784331
Sofia Fernandes;+32 736524090
Sofia Alves;+44 115973336
Sofia Mendes;+41 880634204
Sofia Gonçalves;+41 162721329
Sofia Silva;+44 694350005
Sofia Martins;+351 563146001
Sofia Ferreira;+41 264258009
Sofia Gomes;+41 713803296
Sofia Silva;+41 560122985
Sofia Silva;+41 926344607
Sofia Martins;+351 759667031
Sofia Ferreira;+32 048495640
Sofia Santos;+43 582130778
Sofia Alves;+32 326415239
Sofia Ferreira;+33 564648792
Sofia Pereira;+33 620839034
Sofia Mendes;+49 700735099
Sofia Pereira;+33 479012856
Sofia Gonçalves;+41 997722626
Sofia Gonçalves;+44 447078080
Sofia Silva;+32 227280551
Sofia Silva;+33 193736364
Sofia Martins;+44 000502430
Sofia Ferreira;+33 465034302
Sofia Gomes;+351 608024649
Sofia Pereira;+44 071838789
Sofia Alves;+41 491713509
Sofia Pereira;+43 223927972
Sofia Fernandes;+33 477210434
Sofia Martins;+351 359946907
Sofia Fernandes;+49 755539425
Sofia Martins;+39 042026929
Sofia Santos;+44 814849821
Sofia Gomes;+39 026589097
Sofia Pereira;+33 756658220
Sofia Mendes;+351 313518831
Sofia Mendes;+33 055495249
Sofia Gonçalves;+41 538144641
Sofia Ferreira;+39 773755195
Sofia Gonçalves;+49 777993796
Sofia Pereira;+43 954870526
Sofia Fernandes;+351 803253296
Sofia Gonçalves;+43 208198263
Sofia Silva;+44 341325724
Sofia Gonçalves;+351 741906515
Sofia Santos;+49 806002761
Sofia Gomes;+33 278242020
Sofia Gomes;+41 326718159
Sofia Alves;+49 412026415
Sofia Santos;+41 563252991
Sofia Santos;+351 195951645
Sofia Silva;+39 007097538
Sofia Ferreira;+32 486977271
Sofia Santos;+39 651414931
Sofia Pereira;+44 176805918
Sofia Fernandes;+41 806974296
Sofia Mendes;+43 301360088
Sofia Fernandes;+32 277390156
Sofia Santos;+32 285050391
Sofia Ferreira;+351 078203026
Sofia Mendes;+44 084704311
Sofia Ferreira;+44 790405131
Sofia Gomes;+49 125142526
Sofia Santos;+44 484745587
Sofia Martins;+39 034877297
Sofia Gonçalves;+32 333204026
Sofia Martins;+41 718660359
Sofia Silva;+33 445224055
Sofia Mendes;+44 252910339
Sofia Ferreira;+39 412971615
Sofia Pereira;+33 575776002
