Catarina Pereira;+351 607754145
Carlos Alves;+49 915287644
Carlos Silva;+39 866238970
Carlos Mendes;+44 000003030
Carlos Gonçalves;+32 308098689
Carlos Fernandes;+32 096623441
Catarina Mendes;+32 516292737
Carlos Silva;+32 133280955
Carlos Gonçalves;+39 306635422
Carlos Gomes;+32 536541373
Carlos Pereira;+49 794342600
Catarina Ferreira;+41 221497372
Carlos Fernandes;+32 989117986
Carlos Fernandes;+44 514995282
Carlos Mendes;+39 043835656
Catarina Alves;+39 696738868
Carlos Santos;+49 317964135
Carlos Ferreira;+41 192515912
Catarina Fernandes;+32 458248020
Catarina Silva;+32 486972956
Catarina Martins;+33 353204695
Catarina Mendes;+44 915097851
Carlos Ferreira;+33 689335708
Carlos Mendes;+351 494243837
Carlos Martins;+49 583045606
Carlos Pereira;+41 327670093
Carlos Santos;+41 597871388
Catarina Ferreira;+49 728797270
Carlos Gonçalves;+49 835648028
Carlos Ferreira;+49 874278474
Carlos Alves;+43 659643354
Carlos Martins;+43 027876112
Catarina Silva;+351 923556808
Carlos Alves;+43 489089347
Catarina Alves;+49 290008955
Carlos Gonçalves;+33 979831066
Carlos Santos;+32 196195127
Catarina Ferreira;+41 906991169
Carlos Silva;+49 034045390
Carlos Pereira;+43 236533421
Catarina Mendes;+44 190306153
Catarina Mendes;+32 900706956
Catarina Martins;+44 614216990
Catarina Fernandes;+33 563920629
Carlos Gonçalves;+43 546371758
Catarina Mendes;+41 704939941
Carlos Fernandes;+44 878241673
Catarina Mendes;+32 646618397
Catarina Santos;+41 606370037
Catarina Fernandes;+43 554391350
Catarina Martins;+43 423606256
Carlos Gomes;+49 512920668
Catarina Alves;+351 022660021
Carlos Alves;+33 953424817
Catarina Silva;+49 597169687
Catarina Santos;+351 463695689
Catarina Gomes;+39 776564707
Catarina Silva;+33 351004575
Catarina Silva;+33 506890130
Carlos Ferreira;+49 895408611
Carlos Fernandes;+49 617502165
Catarina Gonçalves;+32 349591233
Catarina Gonçalves;+33 504202713
Catarina Gomes;+351 436873013
Catarina Silva;+41 911140172
Carlos Fernandes;+33 260225083
Catarina Pereira;+44 138769361
Catarina Ferreira;+49 216191724
Carlos Fernandes;+41 360534962
Catarina Mendes;+43 583262120
Carlos Gonçalves;+33 141732865
Carlos Pereira;+39 573979732
Catarina Gomes;+49 376516679
Catarina Gonçalves;+33 755084769
Catarina Alves;+44 933715886
Carlos Alves;+33 105926063
Catarina Mendes;+33 379061062
Catarina Silva;+32 034253917
Carlos Santos;+33 402919704
Carlos Gonçalves;+44 399176968
Catarina Mendes;+32 092600123
Catarina Ferreira;+49 377491172
Catarina Ferreira;+43 485418552
Catarina Martins;+49 208573503
Carlos Pereira;+41 818506826
Catarina Mendes;+39 975417805
Catarina Gomes;+32 397071285
Carlos Gonçalves;+44 288643555
Carlos Fernandes;+39 758491245
Carlos Gomes;+43 488536026
Carlos Mendes;+49 843008472
Carlos Silva;+49 713432680
Carlos Ferreira;+44 510671666
Carlos Fernandes;+43 299015530
Catarina Gonçalves;+351 565319574
Carlos Pereira;+44 632571833
Carlos Alves;+49 193974819
Catarina Santos;+41 228296296
Carlos Alves;+44 845556457
Catarina Fernandes;+49 416444072
