Ana Ferreira;+39 344316464
Ana Alves;+49 657194981
Ana Silva;+43 779471982
Ana Ferreira;+44 061263922
Ana Mendes;+41 558040796
Ana Gonçalves;+43 817601148
Ana Santos;+351 138559896
Ana Silva;+33 424411048
Ana Ferreira;+49 488319186
Ana Gonçalves;+351 910317031
Ana Santos;+32 260044516
Ana Santos;+351 418638714
Ana Silva;+351 248796471
Ana Mendes;+49 502131368
Ana Gomes;+351 631339464
Ana Santos;+41 163265187
Ana Santos;+39 642765251
Ana Fernandes;+33 777707499
Ana Pereira;+44 533821652
Ana Alves;+44 993824316
Ana Gomes;+43 803699015
Ana Martins;+39 761822106
Ana Santos;+39 233959358
Ana Santos;+39 604649207
Ana Martins;+41 802332038
Ana Pereira;+33 383273607
Ana Fernandes;+351 120625667
Ana Gonçalves;+351 038144735
Ana Silva;+49 765349350
Ana Gomes;+32 495608569
Ana Ferreira;+41 747093132
Ana Pereira;+49 735918950
Ana Martins;+32 441508742
Ana Alves;+32 552604854
Ana Gomes;+33 034103264
Ana Martins;+43 659450132
Ana Alves;+39 167935197
Ana Pereira;+32 973243480
Ana Gomes;+41 542606660
Ana Silva;+351 846714376
Ana Martins;+43 437208026
Ana Gomes;+33 781979264
Ana Santos;+41 263129473
Ana Gonçalves;+39 154968451
Ana Martins;+33 960101240
Ana Mendes;+43 712930410
Ana Martins;+44 788828113
Ana Santos;+41 358989762
Ana Martins;+43 039147489
Ana Pereira;+41 949625739
Ana Gomes;+32 800475894
Ana Silva;+49 724525373
Ana Ferreira;+43 914616099
Ana Alves;+44 028517694
Ana Ferreira;+33 605482222
Ana Pereira;+39 186885107
Ana Ferreira;+33 170479125
Ana Gomes;+32 737601417
Ana Gomes;+43 225458262
Ana Gonçalves;+39 584294039
Ana Gomes;+39 782106116
Ana Alves;+39 942740135
Ana Fernandes;+33 120241934
Ana Martins;+351 198803411
Ana Gomes;+44 277153892
Ana Gonçalves;+33 399067527
Ana Fernandes;+32 165850239
Ana Silva;+49 198263317
Ana Alves;+49 877154803
Ana Santos;+39 795859980
Ana Martins;+33 819761020
Ana Gomes;+39 505308202
Ana Martins;+41 419979066
Ana Fernandes;+44 254724624
Ana Santos;+44 468282395
Ana Martins;+43 929755580
Ana Mendes;+351 921785614
Ana Ferreira;+351 715929622
Ana Silva;+49 265594752
Ana Santos;+44 387890868
Ana Fernandes;+351 196127233
Ana Ferreira;+39 231760366
Ana Ferreira;+32 406611332
Ana Martins;+33 775807256
Ana Silva;+33 451111258
Ana Fernandes;+33 742725767
Ana Gomes;+49 076997248
Ana Martins;+41 636152119
Ana Martins;+44 979698408
Ana Gomes;+49 397708924
Ana Gonçalves;+33 774005926
Ana Silva;+39 869300345
Ana Gomes;+351 086214292
Ana Mendes;+44 049454179
Ana Gonçalves;+41 806289294
Ana Mendes;+41 231131499
Ana Mendes;+32 625288504
Ana Pereira;+43 859300963
Ana Mendes;+351 349796029
Ana Ferreira;+49 492165797
