Ricardo Mendes;+32 392658176
Rui Pereira;+351 472802021
Rui Silva;+32 434537415
Rui Pereira;+39 176058680
Rui Pereira;+32 556895054
Ricardo Mendes;+41 879777543
Rui Ferreira;+49 173597975
Rui Alves;+49 250850043
Ricardo Ferreira;+49 977206154
Rui Mendes;+32 281351717
Rui Martins;+351 674249586
Rui Alves;+351 236453618
Rui Gonçalves;+33 805843521
Rui Santos;+41 105274746
Ricardo Gomes;+351 874491623
Rui Silva;+49 994946208
Ricardo Gonçalves;+351 462375188
Ricardo Fernandes;+351 022137185
Rui Martins;+33 723340801
Rui Fernandes;+43 041796888
Ricardo Gonçalves;+32 863770992
Rui Martins;+32 960838928
Ricardo Ferreira;+44 061992139
Rui Gomes;+32 445021822
Rui Gonçalves;+39 556880828
Ricardo Fernandes;+41 214440073
Ricardo Alves;+39 845435477
Ricardo Martins;+33 008482124
Ricardo Gomes;+33 971620130
Ricardo Gonçalves;+32 812247378
Rui Ferreira;+32 499102044
Rui Gonçalves;+43 394422650
Ricardo Silva;+351 148794552
Ricardo Santos;+44 185956923
Rui Ferreira;+39 436250401
Ricardo Ferreira;+39 652494471
Ricardo Pereira;+49 516531774
Rui Pereira;+44 738235630
Ricardo Ferreira;+39 438413651
Ricardo Fernandes;+43 393085178
Ricardo Fernandes;+44 467546774
Ricardo Silva;+49 070073206
Rui Santos;+32 161856453
Rui Silva;+41 703472401
Rui Pereira;+43 566424691
Ricardo Martins;+32 188140868
Rui Alves;+33 389764250
Ricardo Martins;+49 018150946
Ricardo Mendes;+33 980857216
Ricardo Alves;+41 102923787
Rui Gomes;+32 298960260
Ricardo Ferreira;+351 121270390
Ricardo Ferreira;+44 232393192
Ricardo Alves;+44 923421536
Rui Fernandes;+33 074741005
Rui Mendes;+43 787354880
Ricardo Gomes;+49 875243537
Rui Pereira;+49 739835531
Rui Alves;+32 639129133
Rui Mendes;+39 307858017
Ricardo Ferreira;+41 298710051
Rui Martins;+351 641399483
Ricardo Ferreira;+43 925676330
Rui Mendes;+32 868609051
Ricardo Silva;+49 437511545
Ricardo Gonçalves;+33 376247586
Rui Martins;+32 358556634
Ricardo Gomes;+44 668016886
Rui Gonçalves;+39 505026229
Rui Alves;+49 510292643
Rui Mendes;+41 165635148
Rui Mendes;+351 095443807
Ricardo Fernandes;+351 344883647
Rui Ferreira;+41 877427436
Rui Gomes;+39 161391897
Ricardo Santos;+32 542988151
Ricardo Martins;+351 601368799
Ricardo Gonçalves;+351 725998774
Ricardo Pereira;+33 229027835
Rui Gomes;+44 625180831
Ricardo Fernandes;+351 351787309
Ricardo Gomes;+41 845846610
Ricardo Santos;+41 703564765
Ricardo Mendes;+49 938050218
Ricardo Mendes;+49 294363088
Ricardo Pereira;+33 865959246
Ricardo Alves;+43 090769604
Rui Mendes;+43 034387711
Rui Ferreira;+44 348941941
Rui Pereira;+351 167167899
Ricardo Silva;+43 016226093
Rui Martins;+43 108551923
Rui Mendes;+43 045972985
Ricardo Fernandes;+44 200891771
Ricardo Ferreira;+49 059957438
Ricardo Pereira;+43 393080111
Rui Gomes;+33 232822801
Rui Gonçalves;+351 293168334
Rui Gonçalves;+41 651369549
Rui Pereira;+43 973105076
