Sofia Silva;+33 868045613
Sofia Ferreira;+39 925891115
Sofia Gonçalves;+32 435202604
Sofia Pereira;+49 139190172
Sofia Fernandes;+33 724389746
Sofia Alves;+41 092196868
Sofia Santos;+49 855765403
Sofia Ferreira;+49 578528577
Sofia Mendes;+43 889808431
Sofia Mendes;+33 542523842
Sofia Pereira;+39 171868408
Sofia Fernandes;+39 634870069
Sofia Gonçalves;+43 357778594
Sofia Pereira;+351 868085810
Sofia Gonçalves;+49 366847676
Sofia Gonçalves;+41 739531724
Sofia Gomes;+49 515939168
Sofia Ferreira;+43 740502359
Sofia Mendes;+32 668871321
Sofia Santos;+32 728269917
Sofia Alves;+351 448575264
Sofia Gomes;+49 199855628
Sofia Pereira;+39 881101787
Sofia Martins;+39 267891949
Sofia Mendes;+44 813870351
Sofia Pereira;+39 599534123
Sofia Pereira;+43 104693423
Sofia Fernandes;+33 660123778
Sofia Silva;+351 460501438
Sofia Fernandes;+39 445477746
Sofia Santos;+44 910196424
Sofia Silva;+33 142686631
Sofia Mendes;+44 511128876
Sofia Gonçalves;+41 149407477
Sofia Ferreira;+39 697838756
Sofia Santos;+43 688403183
Sofia Gonçalves;+32 544726538
Sofia Ferreira;+33 173310038
Sofia Martins;+39 211918689
Sofia Mendes;+32 782253572
Sofia Alves;+32 138834466
Sofia Gomes;+39 852234354
Sofia Fernandes;+43 426409421
Sofia Ferreira;+39 275133842
Sofia Mendes;+44 175734882
Sofia Mendes;+43 003260560
Sofia Ferreira;+49 925071664
Sofia Pereira;+351 505682361
Sofia Gonçalves;+33 394726511
Sofia Santos;+43 869016308
Sofia Gonçalves;+39 533830001
Sofia Alves;+39 138150520
Sofia Alves;+32 691644305
Sofia Gomes;+33 912584964
Sofia Santos;+351 789300355
Sofia Gomes;+43 016677485
Sofia Gomes;+32 025506557
Sofia Alves;+49 738931788
Sofia Ferreira;+44 190882903
Sofia Pereira;+49 572558850
Sofia Fernandes;+39 916506060
Sofia Mendes;+32 694661457
Sofia Silva;+43 312057843
Sofia Ferreira;+44 926395320
Sofia Silva;+43 153403322
Sofia Silva;+44 904955764
Sofia Gomes;+351 501888369
Sofia Alves;+41 968632709
Sofia Fernandes;+33 109904353
Sofia Pereira;+39 611141365
Sofia Silva;+41 273115899
Sofia Silva;+49 088740481
Sofia Mendes;+39 661408077
Sofia Ferreira;+39 708349395
Sofia Pereira;+39 181863349
Sofia Mendes;+49 781992829
Sofia Martins;+44 299169113
Sofia Gonçalves;+39 924791836
Sofia Pereira;+43 765848423
Sofia Mendes;+32 071278086
Sofia Gomes;+43 503420058
Sofia Mendes;+32 936806298
Sofia Santos;+351 520041942
Sofia Alves;+41 742416517
Sofia Gomes;+49 912806358
Sofia Santos;+32 040212638
Sofia Santos;+41 710975045
Sofia Alves;+33 082372400
Sofia Fernandes;+49 252766785
Sofia Gomes;+39 475185263
Sofia Mendes;+44 799764937
Sofia Mendes;+351 704591197
Sofia Santos;+49 061165802
Sofia Santos;+39 678238611
Sofia Pereira;+43 708491594
Sofia Pereira;+44 862088219
Sofia Ferreira;+41 257115628
Sofia Gomes;+33 913128343
Sofia Gomes;+351 805176945
Sofia Gomes;+32 446257217
