Ana Ferreira;+43 126388416
Ana Mendes;+44 719297403
Ana Gonçalves;+44 602743221
Ana Pereira;+49 830343902
Ana Gonçalves;+39 462555670
Ana Ferreira;+43 270066200
Ana Gonçalves;+351 616389183
Ana Gomes;+39 679865633
Ana Ferreira;+32 828615112
Ana Gonçalves;+39 362586547
Ana Mendes;+44 483062436
Ana Fernandes;+44 915840312
Ana Gonçalves;+33 408468819
Ana Santos;+43 146056718
Ana Gomes;+43 154370992
Ana Alves;+49 104348001
Ana Fernandes;+39 848042418
Ana Silva;+41 934432482
Ana Fernandes;+41 121747879
Ana Fernandes;+32 507128140
Ana Gomes;+41 261530751
Ana Silva;+41 992859944
Ana Alves;+44 541008040
Ana Pereira;+351 475383887
Ana Gomes;+41 601679669
Ana Fernandes;+39 026587733
Ana Gomes;+44 094856863
Ana Mendes;+33 323795569
Ana Pereira;+43 324282956
Ana Santos;+44 748250232
Ana Pereira;+44 285502511
Ana Silva;+33 731846699
Ana Santos;+44 681936119
Ana Martins;+44 522058117
Ana Gomes;+33 310270055
Ana Alves;+41 106279297
Ana Mendes;+39 170669757
Ana Alves;+39 170953465
Ana Santos;+39 128978006
Ana Gonçalves;+32 040813193
Ana Gonçalves;+351 024215987
Ana Gomes;+32 736469238
Ana Gomes;+351 239604354
Ana Gonçalves;+44 174223705
Ana Gomes;+44 079676038
Ana Fernandes;+33 388741917
Ana Pereira;+351 672508893
Ana Santos;+44 890451641
Ana Alves;+39 211486222
Ana Mendes;+49 524120782
Ana Ferreira;+39 243626582
Ana Ferreira;+351 066822650
Ana Silva;+351 982939504
Ana Fernandes;+43 273521145
Ana Fernandes;+32 754812851
Ana Silva;+44 664228312
Ana Gonçalves;+33 402383600
Ana Santos;+39 708866709
Ana Santos;+44 905038035
Ana Fernandes;+49 734501808
Ana Pereira;+49 167502540
Ana Alves;+44 779912226
Ana Martins;+33 396292585
Ana Gonçalves;+33 862748934
Ana Alves;+41 073068572
Ana Martins;+41 152403150
Ana Gonçalves;+41 945273331
Ana Gomes;+33 249973373
Ana Mendes;+44 545912355
Ana Santos;+44 263629453
Ana Santos;+351 121031375
Ana Mendes;+43 572179615
Ana Ferreira;+39 224577276
Ana Gonçalves;+39 149057486
Ana Pereira;+43 333997567
Ana Ferreira;+33 169068294
Ana Martins;+43 396622052
Ana Pereira;+49 241762648
Ana Ferreira;+49 051111933
Ana Pereira;+33 114553093
Ana Ferreira;+351 471813726
Ana Pereira;+43 103737839
Ana Martins;+33 789465826
Ana Gonçalves;+41 266597960
Ana Gomes;+33 650283592
Ana Silva;+33 066954687
Ana Mendes;+41 824895112
Ana Mendes;+39 409450030
Ana Fernandes;+39 173209561
Ana Fernandes;+39 973595855
Ana Fernandes;+39 713876746
Ana Ferreira;+33 910189412
Ana Santos;+39 193119638
Ana Silva;+41 834655269
Ana Gomes;+351 016969374
Ana Santos;+49 164596254
Ana Fernandes;+41 832300346
Ana Alves;+32 070053752
Ana Mendes;+351 062906475
Ana Gomes;+32 510711915
