Catarina Gonçalves;+351 382580792
Catarina Gonçalves;+44 863996678
Carlos Ferreira;+49 188297792
Catarina Gonçalves;+32 313702947
Catarina Pereira;+33 020847211
Carlos Mendes;+44 229599504
Catarina Ferreira;+41 944828424
Catarina Silva;+44 252586317
Carlos Martins;+351 665166459
Catarina Pereira;+43 765301558
Carlos Pereira;+351 982450366
Carlos Santos;+39 697998285
Carlos Alves;+32 788708785
Catarina Ferreira;+33 314701077
Catarina Alves;+43 477241305
Catarina Martins;+39 603412431
Catarina Gonçalves;+39 922852912
Carlos Pereira;+351 873304127
Carlos Silva;+41 449568228
Carlos Pereira;+41 352481550
Carlos Santos;+39 763946352
Catarina Ferreira;+43 568332746
Carlos Ferreira;+49 357047496
Carlos Gomes;+33 781854052
Catarina Martins;+33 940295707
Catarina Martins;+351 760660257
Catarina Ferreira;+32 238512899
Catarina Alves;+32 468553786
Catarina Santos;+33 411394372
Catarina Ferreira;+49 360324008
Carlos Martins;+44 245219951
Carlos Silva;+39 668746155
Catarina Santos;+32 715779013
Carlos Mendes;+351 880505526
Carlos Mendes;+49 490983759
Catarina Pereira;+43 320095703
Catarina Gomes;+49 873079081
Catarina Ferreira;+41 636970727
Catarina Fernandes;+39 902143236
Catarina Silva;+49 923804810
Catarina Silva;+32 078397373
Carlos Mendes;+43 258510586
Catarina Martins;+39 582175369
Carlos Gonçalves;+49 217900712
Carlos Silva;+33 439035717
Carlos Martins;+41 732994024
Catarina Fernandes;+351 658110891
Catarina Pereira;+41 833070135
Carlos Silva;+43 962041644
Carlos Fernandes;+49 345109476
Carlos Alves;+32 789985299
Catarina Silva;+44 664412926
Catarina Pereira;+33 490855069
Carlos Santos;+351 829531013
Catarina Pereira;+43 858593581
Catarina Mendes;+39 503842153
Carlos Gomes;+351 260646887
Catarina Santos;+44 890519990
Catarina Fernandes;+39 609619760
Catarina Fernandes;+351 857337905
Carlos Mendes;+32 605109585
Carlos Gonçalves;+44 832031868
Catarina Fernandes;+41 218092520
Carlos Santos;+351 561354544
Catarina Fernandes;+43 244617338
Carlos Alves;+49 112436667
Catarina Martins;+39 192698034
Catarina Pereira;+44 580066598
Catarina Pereira;+43 054471890
Catarina Martins;+49 588540040
Carlos Ferreira;+39 724153289
Carlos Pereira;+43 592521300
Catarina Mendes;+41 829120411
Carlos Mendes;+39 424557383
Catarina Fernandes;+44 479241649
Catarina Mendes;+32 172861936
Carlos Gonçalves;+44 765974812
Carlos Ferreira;+33 118448098
Catarina Gonçalves;+39 068798184
Catarina Alves;+49 382494143
Carlos Santos;+44 251444974
Carlos Ferreira;+39 473848039
Carlos Fernandes;+49 030653142
Carlos Silva;+33 796764694
Catarina Gonçalves;+49 851467096
Catarina Mendes;+43 846780516
Carlos Mendes;+44 734489716
Catarina Silva;+44 552184404
Carlos Gomes;+44 209702719
Carlos Alves;+44 639132313
Catarina Gonçalves;+32 131471431
Catarina Mendes;+44 556357757
Catarina Mendes;+39 230478077
Catarina Fernandes;+351 635444752
Catarina Santos;+351 987164058
Carlos Santos;+351 606166635
Catarina Pereira;+44 946822158
Carlos Ferreira;+351 409478704
Catarina Silva;+351 340053519
Carlos Pereira;+49 003463515
