Sofia Gonçalves;+39 638850836
Sofia Gomes;+33 822645234
Sofia Martins;+39 233105159
Sofia Silva;+43 967147564
Sofia Santos;+351 352652010
Sofia Alves;+49 448691475
Sofia Martins;+49 341782713
Sofia Alves;+32 523426860
Sofia Fernandes;+44 206180354
Sofia Alves;+43 330056083
Sofia Silva;+43 940693590
Sofia Silva;+44 651757672
Sofia Martins;+351 261007060
Sofia Gonçalves;+41 726560085
Sofia Martins;+33 748817773
Sofia Gonçalves;+33 970636522
Sofia Ferreira;+44 906120246
Sofia Gonçalves;+44 184658734
Sofia Mendes;+39 187573035
Sofia Gomes;+49 327742911
Sofia Santos;+41 442465958
Sofia Pereira;+33 851539449
Sofia Santos;+39 381419946
Sofia Fernandes;+49 349288834
Sofia Gomes;+43 984540985
Sofia Gomes;+351 134101729
Sofia Ferreira;+39 808501454
Sofia Alves;+43 150856573
Sofia Ferreira;+351 278453125
Sofia Mendes;+33 662987331
Sofia Gomes;+44 146150544
Sofia Fernandes;+43 707620127
Sofia Mendes;+351 320703928
Sofia Silva;+41 144691291
Sofia Gomes;+32 568273828
Sofia Ferreira;+351 010474856
Sofia Santos;+43 487341255
Sofia Pereira;+32 746400440
Sofia Mendes;+41 979056913
Sofia Santos;+41 558080536
Sofia Santos;+32 153712415
Sofia Fernandes;+33 979360004
Sofia Alves;+33 479384344
Sofia Gonçalves;+43 822468206
Sofia Martins;+41 739374051
Sofia Ferreira;+351 955750754
Sofia Mendes;+44 860847705
Sofia Gomes;+32 443265766
Sofia Fernandes;+44 586442932
Sofia Silva;+351 710842505
Sofia Mendes;+39 462762926
Sofia Fernandes;+32 855912467
Sofia Gomes;+44 403737022
Sofia Martins;+33 032695643
Sofia Ferreira;+351 019146673
Sofia Gomes;+44 883936900
Sofia Silva;+351 760910435
Sofia Santos;+41 230261422
Sofia Mendes;+49 304300258
Sofia Gonçalves;+44 225965682
Sofia Ferreira;+43 495096413
Sofia Santos;+39 946476064
Sofia Pereira;+49 029132806
Sofia Mendes;+39 129463744
Sofia Ferreira;+49 056550770
Sofia Fernandes;+41 501695872
Sofia Silva;+39 264252162
Sofia Martins;+49 054968722
Sofia Gomes;+41 641312510
Sofia Alves;+351 206988193
Sofia Pereira;+49 350068407
Sofia Silva;+43 248601371
Sofia Pereira;+44 920166627
Sofia Silva;+32 009475410
Sofia Gonçalves;+43 172671864
Sofia Alves;+33 795063917
Sofia Alves;+39 312025426
Sofia Ferreira;+44 784103882
Sofia Silva;+43 279367690
Sofia Gomes;+41 564149698
Sofia Alves;+44 905150489
Sofia Alves;+49 466866775
Sofia Mendes;+49 462792353
Sofia Martins;+39 641440308
Sofia Pereira;+44 886224705
Sofia Santos;+49 870246880
Sofia Mendes;+33 837829242
Sofia Alves;+351 969947995
Sofia Fernandes;+351 182658268
Sofia Mendes;+43 709680454
Sofia Ferreira;+33 559187423
Sofia Fernandes;+41 830727391
Sofia Fernandes;+32 873983565
Sofia Pereira;+43 512763895
Sofia Martins;+43 491671514
Sofia Alves;+351 184407967
Sofia Gonçalves;+32 552868282
Sofia Ferreira;+33 821355094
Sofia Gomes;+44 824531087
Sofia Gomes;+43 130596312
