Ricardo Pereira;+43 519611849
Ricardo Gonçalves;+44 747564480
Ricardo Alves;+44 835409539
Rui Silva;+49 750858819
Ricardo Santos;+32 232549589
Ricardo Martins;+33 888536407
Ricardo Silva;+32 559561334
Rui Ferreira;+351 217953818
Ricardo Gonçalves;+49 623242328
Rui Santos;+32 116738914
Ricardo Gonçalves;+41 247518211
Ricardo Ferreira;+43 721351026
Ricardo Gonçalves;+32 813913776
Ricardo Gonçalves;+44 476379734
Ricardo Santos;+32 696645599
Rui Silva;+49 079828022
Ricardo Gomes;+43 090121461
Ricardo Pereira;+41 419740932
Ricardo Ferreira;+49 963969102
Ricardo Mendes;+44 020310453
Ricardo Silva;+39 281059722
Ricardo Ferreira;+32 262588464
Rui Santos;+43 254058139
Rui Gonçalves;+41 175140295
Rui Pereira;+39 109521688
Ricardo Gomes;+32 898712291
Ricardo Gomes;+43 536442614
Ricardo Martins;+39 084656885
Ricardo Martins;+43 146282338
Ricardo Alves;+49 211841825
Ricardo Santos;+32 990471989
Ricardo Santos;+39 977704079
Rui Gonçalves;+39 858632137
Ricardo Ferreira;+32 290897384
Rui Ferreira;+44 941940082
Ricardo Gomes;+49 376218882
Rui Gonçalves;+43 272691749
Rui Silva;+351 586055360
Rui Martins;+33 900359355
Ricardo Mendes;+41 942145160
Ricardo Fernandes;+41 829571682
Ricardo Santos;+351 543606132
Rui Santos;+33 239159438
Rui Fernandes;+49 385334267
Rui Martins;+44 061827168
Ricardo Silva;+44 215768452
Rui Ferreira;+41 616321384
Ricardo Alves;+351 320470262
Rui Martins;+44 005738247
Rui Pereira;+44 291878189
Ricardo Gonçalves;+41 838702056
Ricardo Gomes;+41 077409424
Rui Fernandes;+41 469338475
Rui Gomes;+44 521861858
Ricardo Pereira;+39 011943365
Rui Santos;+33 438589660
Ricardo Santos;+44 250360900
Rui Gonçalves;+33 821399945
Rui Ferreira;+41 029483319
Rui Gomes;+43 546938235
Ricardo Pereira;+39 013978968
Rui Martins;+41 548277843
Rui Gonçalves;+32 337757063
Rui Alves;+39 468330732
Ricardo Martins;+351 464997189
Rui Ferreira;+41 056252854
Rui Gomes;+39 869851182
Rui Gonçalves;+32 098863026
Rui Fernandes;+43 762741002
Rui Martins;+33 259288733
Ricardo Alves;+41 923581989
Ricardo Ferreira;+44 340006995
Rui Martins;+39 372990569
Ricardo Martins;+39 802334368
Ricardo Santos;+351 090441598
Rui Martins;+39 989317804
Rui Martins;+39 903622319
Ricardo Ferreira;+43 635331747
Ricardo Pereira;+39 510244305
Rui Pereira;+351 840991809
Ricardo Martins;+43 961922487
Rui Gonçalves;+33 732540186
Ricardo Fernandes;+33 783239530
Ricardo Fernandes;+44 926454196
Ricardo Gomes;+43 914571957
Rui Gomes;+43 003926408
Ricardo Mendes;+43 933869925
Rui Gonçalves;+39 651616233
Rui Martins;+43 591189596
Ricardo Pereira;+39 605657388
Ricardo Gonçalves;+33 096515257
Ricardo Ferreira;+43 722896687
Ricardo Mendes;+32 880922244
Rui Martins;+39 532586643
Ricardo Alves;+41 169951420
Rui Mendes;+49 003205887
Ricardo Mendes;+351 931961980
Rui Gonçalves;+43 267815061
Rui Mendes;+33 938898767
Ricardo Silva;+39 853200605
