Rui Silva;+41 963090537
Rui Fernandes;+43 190218379
Ricardo Mendes;+39 549507417
Ricardo Fernandes;+32 149787104
Rui Pereira;+351 286174594
Ricardo Fernandes;+39 745383782
Rui Alves;+33 917058818
Rui Silva;+351 927176531
Ricardo Pereira;+41 112211757
Rui Mendes;+44 895620676
Rui Fernandes;+44 868941596
Ricardo Gomes;+43 251453052
Rui Ferreira;+33 019356203
Ricardo Pereira;+49 030770647
Rui Mendes;+41 918709304
Rui Pereira;+32 019749733
Rui Mendes;+43 596145922
Ricardo Ferreira;+351 457943207
Ricardo Mendes;+41 140779787
Rui Martins;+44 092510999
Ricardo Mendes;+33 514167464
Rui Mendes;+32 936044606
Ricardo Santos;+351 422759232
Ricardo Pereira;+33 872862579
Rui Gomes;+41 314169772
Rui Martins;+43 337603712
Rui Silva;+41 581958857
Ricardo Mendes;+32 204067569
Ricardo Silva;+43 909911364
Ricardo Fernandes;+41 802778668
Ricardo Pereira;+32 456953897
Rui Alves;+351 910168087
Ricardo Fernandes;+32 264904046
Ricardo Alves;+33 822322866
Ricardo Alves;+351 432412364
Ricardo Fernandes;+41 563686055
Ricardo Fernandes;+43 424829363
Rui Santos;+33 692514132
Rui Santos;+41 996715495
Rui Silva;+43 790576419
Rui Mendes;+41 754519074
Ricardo Gomes;+32 769794485
Rui Pereira;+44 090028850
Rui Martins;+41 435394514
Rui Martins;+32 064804867
Ricardo Mendes;+32 939875936
Rui Fernandes;+32 622031463
Rui Gonçalves;+351 984883205
Rui Gomes;+32 432752159
Rui Mendes;+41 903152230
Ricardo Gonçalves;+33 746890067
Rui Ferreira;+39 737774343
Ricardo Gomes;+39 379210352
Ricardo Gonçalves;+49 149001270
Ricardo Gomes;+43 459288040
Rui Ferreira;+41 669863502
Ricardo Martins;+351 688277784
Ricardo Gomes;+41 156992442
Rui Fernandes;+39 616647675
Ricardo Gomes;+32 639319913
Ricardo Silva;+44 997576124
Ricardo Ferreira;+49 404510883
Rui Pereira;+32 447320096
Rui Martins;+41 468929011
Rui Santos;+39 835072303
Rui Santos;+43 867770056
Rui Gomes;+33 593847449
Ricardo Mendes;+351 305354944
Rui Gomes;+41 339596662
Ricardo Santos;+43 829510771
Rui Alves;+49 696766278
Rui Santos;+44 522878915
Rui Ferreira;+32 506874832
Ricardo Gomes;+49 212585942
Ricardo Gomes;+351 402693122
Ricardo Santos;+41 698841902
Rui Alves;+43 532102477
Ricardo Martins;+33 354266018
Rui Fernandes;+351 301510103
Ricardo Pereira;+39 345499322
Ricardo Fernandes;+44 117414853
Ricardo Ferreira;+351 375734239
Ricardo Mendes;+49 431256218
Rui Ferreira;+49 944083764
Rui Mendes;+351 968323116
Ricardo Alves;+39 594653017
Ricardo Martins;+32 697790765
Ricardo Ferreira;+43 051851436
Rui Santos;+351 906142314
Rui Silva;+32 509007445
Rui Alves;+43 199952126
Ricardo Mendes;+33 650667651
Rui Martins;+43 521848182
Ricardo Ferreira;+43 910486529
Rui Gonçalves;+49 833050292
Rui Martins;+39 230391059
Ricardo Fernandes;+33 777563211
Ricardo Gonçalves;+39 432002567
Ricardo Gonçalves;+41 843587959
Rui Silva;+33 419312745
