Ricardo Ferreira;+33 579891550
Rui Santos;+351 984734593
Ricardo Martins;+43 262030829
Ricardo Martins;+49 381993102
Ricardo Silva;+41 915566658
Ricardo Santos;+39 638853702
Ricardo Alves;+43 476678577
Ricardo Santos;+33 454066399
Ricardo Mendes;+33 372943466
Rui Alves;+33 937591886
Rui Ferreira;+39 388584909
Ricardo Santos;+49 629996379
Ricardo Santos;+41 674719863
Ricardo Fernandes;+351 887045819
Rui Mendes;+44 201967682
Rui Silva;+44 154772618
Ricardo Silva;+39 778629947
Rui Santos;+39 925272052
Ricardo Silva;+39 559164820
Rui Alves;+43 913862088
Rui Gomes;+39 437858223
Ricardo Gomes;+41 746685562
Rui Mendes;+43 939900805
Rui Pereira;+32 253872453
Ricardo Alves;+32 770367240
Ricardo Ferreira;+44 504714418
Rui Fernandes;+351 207301569
Ricardo Gonçalves;+44 796700355
Ricardo Mendes;+43 922323815
Rui Ferreira;+351 985778389
Rui Martins;+41 342085455
Ricardo Martins;+43 367220400
Rui Pereira;+44 418373595
Rui Gonçalves;+39 391080072
Rui Ferreira;+44 925981694
Rui Mendes;+32 298330035
Ricardo Fernandes;+43 452504463
Ricardo Mendes;+49 019179619
Ricardo Gonçalves;+351 468240330
Ricardo Gomes;+44 360848343
Rui Gomes;+32 704125344
Ricardo Pereira;+44 947692475
Rui Alves;+43 649417343
Rui Alves;+39 375749960
Rui Gomes;+32 001790640
Rui Mendes;+351 111118957
Rui Alves;+32 567525953
Ricardo Gonçalves;+39 135956982
Rui Pereira;+41 037393839
Rui Fernandes;+49 864510106
Ricardo Martins;+41 314166173
Rui Alves;+44 401796780
Rui Gomes;+39 015422624
Rui Martins;+33 679028772
Rui Mendes;+49 956649975
Rui Gomes;+49 370707582
Rui Ferreira;+43 496780839
Rui Mendes;+32 529780552
Ricardo Pereira;+43 923805045
Ricardo Fernandes;+49 632288890
Rui Martins;+44 454246612
Ricardo Alves;+32 801335030
Rui Alves;+41 699664960
Rui Ferreira;+39 106191329
Rui Mendes;+33 034714953
Rui Pereira;+39 112308466
Ricardo Martins;+41 847816306
Rui Martins;+49 132335550
Rui Martins;+43 035450361
Ricardo Gomes;+32 401965711
Rui Ferreira;+41 725797763
Rui Santos;+44 908969992
Ricardo Mendes;+43 122838169
Rui Ferreira;+41 608685352
Ricardo Ferreira;+43 160081966
Ricardo Martins;+39 807526934
Rui Alves;+39 500871993
Ricardo Martins;+41 807278572
Ricardo Martins;+43 912497744
Ricardo Mendes;+41 969361657
Ricardo Ferreira;+351 556534679
Rui Santos;+32 301807749
Ricardo Fernandes;+351 324709246
Ricardo Fernandes;+41 656591806
Rui Mendes;+32 952212871
Ricardo Martins;+43 040415803
Ricardo Ferreira;+39 243995428
Ricardo Gomes;+33 170366245
Rui Mendes;+49 770118541
Rui Silva;+32 021899638
Ricardo Gomes;+33 590044837
Ricardo Ferreira;+39 763077159
Ricardo Ferreira;+41 916433740
Ricardo Ferreira;+33 114800983
Rui Gonçalves;+351 663242620
Ricardo Ferreira;+49 408743387
Rui Pereira;+41 395531976
Ricardo Mendes;+351 036587976
Ricardo Mendes;+43 898352277
Ricardo Ferreira;+351 258269428
