Rui Fernandes;+44 485702735
Ricardo Alves;+44 921765102
Ricardo Santos;+39 572510209
Rui Santos;+44 703876423
Rui Gomes;+44 538236958
Ricardo Santos;+43 925151597
Rui Ferreira;+43 278153269
Rui Pereira;+49 042215783
Ricardo Alves;+32 464691117
Ricardo Gonçalves;+33 691515962
Ricardo Silva;+49 904083744
Ricardo Martins;+44 667830099
Ricardo Martins;+44 218409757
Rui Pereira;+39 887341499
Rui Gonçalves;+39 294634654
Rui Alves;+39 838569804
Rui Gonçalves;+32 689492952
Ricardo Fernandes;+32 847649959
Rui Gomes;+351 312474677
Ricardo Ferreira;+43 371753214
Ricardo Silva;+41 418451944
Ricardo Ferreira;+39 202091022
Rui Gomes;+44 428644507
Rui Mendes;+43 935987449
Ricardo Fernandes;+44 980828163
Rui Martins;+43 384518564
Rui Gomes;+39 624931762
Ricardo Martins;+351 792977747
Rui Gonçalves;+351 559852317
Ricardo Ferreira;+43 646923309
Rui Gonçalves;+41 371991925
Ricardo Martins;+44 266328947
Ricardo Fernandes;+49 698513844
Rui Fernandes;+33 984176312
Ricardo Silva;+33 090342372
Ricardo Gonçalves;+41 692601970
Rui Silva;+49 736178285
Rui Fernandes;+44 394355912
Rui Gonçalves;+43 292953805
Rui Alves;+32 235089914
Rui Alves;+33 764476797
Ricardo Alves;+32 202303037
Rui Mendes;+49 255010935
Ricardo Fernandes;+41 417985788
Rui Ferreira;+43 216545955
Rui Santos;+39 002797807
Rui Fernandes;+351 973383502
Rui Mendes;+32 761867249
Rui Silva;+351 785987459
Rui Santos;+44 681437752
Ricardo Gonçalves;+43 146803623
Rui Gonçalves;+49 446582941
Ricardo Ferreira;+43 333970239
Ricardo Gonçalves;+39 967446388
Rui Pereira;+43 106378461
Ricardo Santos;+49 142593303
Ricardo Martins;+32 464013104
Rui Silva;+44 824037826
Ricardo Mendes;+33 884826984
Ricardo Mendes;+43 572563247
Rui Gomes;+44 621199638
Ricardo Mendes;+39 083813810
Ricardo Martins;+49 036025068
Rui Martins;+41 615534957
Rui Martins;+39 652881148
Rui Ferreira;+41 218431639
Rui Alves;+49 275110104
Rui Alves;+39 533873136
Rui Fernandes;+39 160228597
Rui Alves;+33 428117915
Rui Alves;+33 559097966
Ricardo Mendes;+44 624777478
Rui Fernandes;+33 638625199
Rui Mendes;+43 432413747
Rui Santos;+351 264957848
Ricardo Santos;+39 635890519
Ricardo Alves;+39 262951896
Ricardo Pereira;+39 131190592
Ricardo Fernandes;+351 862130003
Rui Pereira;+33 784209825
Ricardo Gomes;+39 151614121
Ricardo Ferreira;+32 893343926
Ricardo Gomes;+41 040545310
Ricardo Silva;+33 188358747
Rui Santos;+32 883453315
Rui Gonçalves;+41 977479043
Rui Alves;+44 309593665
Ricardo Martins;+39 191648580
Ricardo Martins;+351 312252654
Rui Fernandes;+49 237424040
Rui Alves;+49 184529039
Rui Fernandes;+41 920660422
Rui Mendes;+351 156778088
Ricardo Ferreira;+44 040796106
Rui Mendes;+33 606846209
Rui Martins;+32 441323692
Rui Mendes;+351 152163329
Rui Alves;+33 945522397
Rui Gomes;+351 321545546
Ricardo Gonçalves;+49 544880700
