Ana Mendes;+41 312225047
Ana Alves;+41 239970398
Ana Martins;+49 247637554
Ana Mendes;+43 262835308
Ana Mendes;+43 980992568
Ana Mendes;+351 710257992
Ana Gonçalves;+39 353742119
Ana Silva;+351 642409284
Ana Gonçalves;+32 857331547
Ana Santos;+49 147619570
Ana Martins;+44 375875119
Ana Martins;+43 404647791
Ana Ferreira;+49 535442555
Ana Silva;+44 585309795
Ana Martins;+49 425072770
Ana Mendes;+39 035768850
Ana Mendes;+49 816927085
Ana Martins;+41 750126635
Ana Alves;+33 481780149
Ana Fernandes;+351 853080226
Ana Pereira;+39 393020358
Ana Silva;+43 422040777
Ana Gomes;+351 925693704
Ana Santos;+44 813568971
Ana Santos;+44 282205659
Ana Alves;+41 658388735
Ana Martins;+351 104331307
Ana Santos;+44 069833302
Ana Alves;+351 540538522
Ana Alves;+41 180785328
Ana Martins;+32 365113595
Ana Mendes;+351 367267362
Ana Mendes;+41 684575289
Ana Fernandes;+33 393771628
Ana Santos;+32 480280029
Ana Fernandes;+43 534986079
Ana Gonçalves;+33 478899035
Ana Silva;+32 623519475
Ana Mendes;+49 937198029
Ana Ferreira;+33 773840207
Ana Gomes;+32 015624319
Ana Fernandes;+43 655915454
Ana Silva;+41 101641397
Ana Martins;+33 664043146
Ana Santos;+43 352702954
Ana Fernandes;+33 757705100
Ana Mendes;+41 881021664
Ana Pereira;+32 083037324
Ana Mendes;+49 574129140
Ana Mendes;+351 710791451
Ana Silva;+32 165907662
Ana Gonçalves;+49 160766350
Ana Alves;+39 466929068
Ana Alves;+39 216107458
Ana Silva;+351 646168422
Ana Fernandes;+44 930705995
Ana Mendes;+43 803166676
Ana Pereira;+44 728839096
Ana Pereira;+351 726807288
Ana Ferreira;+44 714785694
Ana Mendes;+44 716422578
Ana Ferreira;+41 655743922
Ana Martins;+33 906351725
Ana Gonçalves;+49 026835572
Ana Mendes;+39 616260672
Ana Mendes;+33 536391375
Ana Gomes;+41 831378441
Ana Fernandes;+44 548905463
Ana Santos;+49 682449518
Ana Martins;+33 659553124
Ana Mendes;+351 377698502
Ana Ferreira;+33 831516439
Ana Santos;+49 130389592
Ana Santos;+351 700342199
Ana Alves;+49 221002550
Ana Fernandes;+351 187366618
Ana Pereira;+43 694795311
Ana Gonçalves;+32 051161956
Ana Fernandes;+351 192217553
Ana Gonçalves;+32 594355520
Ana Mendes;+32 549138774
Ana Fernandes;+33 327945402
Ana Gonçalves;+43 461970194
Ana Mendes;+32 144416670
Ana Alves;+49 283259420
Ana Gomes;+351 536791005
Ana Ferreira;+49 747789590
Ana Pereira;+43 810301048
Ana Gonçalves;+351 968163865
Ana Pereira;+32 485539545
Ana Mendes;+33 130276856
Ana Alves;+49 098286137
Ana Santos;+39 436513778
Ana Martins;+32 042948094
Ana Mendes;+33 182770600
Ana Pereira;+43 223227903
Ana Gomes;+44 889229030
Ana Martins;+33 336200396
Ana Gonçalves;+43 436214642
Ana Ferreira;+43 517385150
