Catarina Alves;+33 103113006
Catarina Silva;+33 495344662
Carlos Gomes;+39 062975806
Carlos Alves;+32 146582857
Carlos Alves;+33 990041996
Catarina Gomes;+49 919007771
Catarina Alves;+41 099741787
Carlos Ferreira;+32 056764605
Catarina Santos;+44 454237231
Catarina Santos;+351 289300446
Catarina Santos;+32 228075958
Carlos Gomes;+49 516974373
Catarina Santos;+351 644140283
Catarina Gonçalves;+33 561520622
Catarina Silva;+32 777860917
Catarina Martins;+49 563039076
Carlos Fernandes;+33 380183434
Catarina Pereira;+39 878589733
Carlos Fernandes;+49 971475113
Carlos Pereira;+43 049270781
Catarina Mendes;+39 739429195
Carlos Alves;+351 790505568
Carlos Gonçalves;+49 017815815
Carlos Pereira;+49 422121772
Carlos Santos;+49 590066201
Catarina Fernandes;+39 105010105
Carlos Fernandes;+351 112144102
Catarina Mendes;+41 345468958
Catarina Mendes;+39 070918283
Carlos Gonçalves;+41 610140662
Catarina Santos;+44 914702152
Carlos Silva;+49 978121089
Catarina Ferreira;+41 740359380
Catarina Gonçalves;+351 887959070
Catarina Fernandes;+39 468781605
Catarina Silva;+41 473072076
Carlos Silva;+41 411875248
Carlos Mendes;+351 260503996
Catarina Fernandes;+351 771491290
Carlos Gonçalves;+351 382036434
Catarina Gonçalves;+351 387653531
Carlos Gonçalves;+39 040816407
Carlos Santos;+49 608522145
Catarina Santos;+33 230192887
Catarina Gonçalves;+32 364822769
Catarina Mendes;+49 648469576
Catarina Gomes;+41 410679126
Catarina Pereira;+43 171761657
Catarina Mendes;+41 719378158
Carlos Silva;+351 150193041
Carlos Martins;+39 861743691
Carlos Mendes;+43 361246375
Catarina Santos;+351 955121102
Carlos Gomes;+43 923848542
Carlos Martins;+44 923835459
Carlos Mendes;+351 931728624
Catarina Fernandes;+44 857888152
Catarina Ferreira;+39 738188133
Catarina Martins;+43 191842784
Catarina Gomes;+33 310396196
Carlos Pereira;+44 605733240
Carlos Alves;+41 521937886
Catarina Silva;+32 738416838
Carlos Martins;+33 195061922
Carlos Ferreira;+39 878862028
Catarina Santos;+32 863973246
Carlos Santos;+44 578036459
Catarina Gomes;+33 298396358
Carlos Gonçalves;+32 487109978
Carlos Pereira;+44 268478948
Catarina Fernandes;+44 596649319
Carlos Pereira;+41 005700478
Carlos Silva;+39 986471898
Carlos Mendes;+33 548905698
Catarina Ferreira;+351 478725870
Catarina Ferreira;+39 925205111
Catarina Gonçalves;+41 887759491
Carlos Ferreira;+33 764067634
Carlos Alves;+351 528346423
Carlos Silva;+33 473890380
Carlos Martins;+43 923596199
Carlos Alves;+32 275582600
Catarina Pereira;+32 372210063
Carlos Ferreira;+33 189720055
Catarina Martins;+49 341959802
Carlos Silva;+49 911726065
Carlos Gomes;+32 985414776
Carlos Pereira;+49 927786985
Carlos Silva;+33 924607297
Catarina Gomes;+41 814663919
Carlos Mendes;+39 052967469
Catarina Martins;+39 475516849
Carlos Silva;+351 702811595
Catarina Silva;+39 655303703
Catarina Santos;+44 996016560
Catarina Fernandes;+44 791597405
Carlos Alves;+351 085519223
Carlos Gomes;+33 743573660
Carlos Silva;+33 413512996
Carlos Gomes;+32 282798603
