Rui Gomes;+49 342631010
Ricardo Martins;+44 617693311
Ricardo Ferreira;+39 675890625
Ricardo Mendes;+43 139936591
Rui Gomes;+32 567839469
Rui Pereira;+33 167450907
Ricardo Gonçalves;+43 589450350
Ricardo Alves;+39 302734503
Rui Ferreira;+43 663084887
Rui Fernandes;+44 896404877
Ricardo Pereira;+32 575758210
Ricardo Ferreira;+351 940262210
Ricardo Gonçalves;+33 593506427
Ricardo Alves;+32 727069029
Ricardo Gomes;+49 608282781
Ricardo Ferreira;+351 057684495
Rui Silva;+33 157783130
Rui Ferreira;+351 290025221
Ricardo Fernandes;+44 814765314
Ricardo Ferreira;+33 610355045
Rui Martins;+44 819900450
Ricardo Martins;+32 916722003
Ricardo Mendes;+44 231240869
Rui Fernandes;+351 415625314
Ricardo Martins;+44 608780459
Rui Gomes;+39 014818669
Ricardo Ferreira;+39 324332457
Rui Martins;+43 301614586
Ricardo Pereira;+49 941847697
Rui Pereira;+32 591185312
Rui Alves;+49 995585849
Ricardo Santos;+49 465009225
Rui Mendes;+41 509205510
Ricardo Pereira;+41 433996757
Ricardo Gonçalves;+351 248835477
Ricardo Mendes;+49 953452425
Ricardo Alves;+33 453356077
Rui Fernandes;+351 017787679
Ricardo Gomes;+43 661138434
Rui Gomes;+33 524813334
Ricardo Mendes;+49 108069847
Rui Santos;+41 414308240
Ricardo Gonçalves;+351 931783844
Ricardo Martins;+49 125502260
Rui Gonçalves;+43 920903798
Rui Fernandes;+351 776895381
Rui Fernandes;+351 281690895
Rui Ferreira;+351 455785447
Rui Ferreira;+32 047485291
Ricardo Santos;+44 161659904
Ricardo Mendes;+43 544285177
Rui Silva;+41 154093937
Rui Mendes;+44 674741882
Ricardo Gomes;+39 479264209
Rui Gomes;+39 894209198
Ricardo Pereira;+351 529650740
Rui Ferreira;+39 393217232
Rui Gomes;+43 659690317
Ricardo Silva;+351 707011039
Ricardo Fernandes;+39 884816331
Ricardo Mendes;+49 627842374
Ricardo Martins;+33 276638662
Ricardo Martins;+43 610138361
Ricardo Santos;+39 198130311
Rui Gomes;+44 253631817
Rui Pereira;+33 420381328
Ricardo Santos;+49 239069943
Rui Mendes;+33 493728695
Ricardo Martins;+351 431807753
Ricardo Gomes;+44 377581657
Rui Ferreira;+44 478472967
Rui Santos;+43 155100473
Ricardo Gomes;+39 669782755
Ricardo Silva;+39 217502180
Ricardo Silva;+32 741138296
Rui Gomes;+41 296758987
Rui Santos;+39 449654373
Rui Silva;+44 092921348
Ricardo Silva;+32 856430340
Ricardo Martins;+43 393106513
Ricardo Ferreira;+43 925461715
Rui Silva;+49 432746379
Ricardo Santos;+351 649945055
Ricardo Gonçalves;+41 901954991
Ricardo Gomes;+44 785338119
Ricardo Fernandes;+43 052061227
Rui Gonçalves;+43 761149990
Ricardo Mendes;+32 870740718
Ricardo Santos;+351 079882971
Rui Alves;+44 120421335
Ricardo Santos;+41 141274446
Rui Santos;+41 231460979
Ricardo Gonçalves;+49 234117992
Ricardo Fernandes;+41 165254368
Rui Mendes;+33 130545496
Rui Gonçalves;+33 045275511
Rui Mendes;+49 989299540
Ricardo Gonçalves;+41 361629490
Ricardo Pereira;+43 556078066
Ricardo Gonçalves;+49 306275162
