Sofia Gonçalves;+44 305444936
Sofia Gonçalves;+49 297045383
Sofia Alves;+44 419489170
Sofia Santos;+32 771071769
Sofia Martins;+43 789479600
Sofia Mendes;+44 614018535
Sofia Pereira;+39 316235657
Sofia Ferreira;+43 122268723
Sofia Ferreira;+351 963334690
Sofia Gonçalves;+41 624445751
Sofia Gonçalves;+44 979061654
Sofia Gomes;+33 658062337
Sofia Mendes;+32 602779631
Sofia Mendes;+33 324467330
Sofia Pereira;+32 632364062
Sofia Silva;+41 923147509
Sofia Fernandes;+43 345363183
Sofia Fernandes;+49 542478716
Sofia Pereira;+32 789914298
Sofia Gomes;+32 745244079
Sofia Silva;+33 983388426
Sofia Silva;+39 641402672
Sofia Alves;+44 745568891
Sofia Mendes;+39 523446587
Sofia Gomes;+41 102370944
Sofia Pereira;+32 189338263
Sofia Silva;+44 705374480
Sofia Mendes;+49 334188892
Sofia Pereira;+351 652402200
Sofia Fernandes;+351 103678999
Sofia Martins;+44 407526514
Sofia Gonçalves;+44 885502644
Sofia Silva;+33 455356125
Sofia Martins;+39 628679887
Sofia Martins;+43 619538667
Sofia Alves;+44 593478041
Sofia Santos;+44 955426895
Sofia Ferreira;+43 620394222
Sofia Silva;+39 672045606
Sofia Ferreira;+43 871116024
Sofia Ferreira;+33 178267205
Sofia Mendes;+41 895431532
Sofia Alves;+39 554464469
Sofia Martins;+33 138949232
Sofia Mendes;+33 948214465
Sofia Gomes;+43 791620535
Sofia Fernandes;+43 991022723
Sofia Ferreira;+49 431452176
Sofia Santos;+49 538914165
Sofia Ferreira;+351 654080330
Sofia Silva;+44 803051788
Sofia Martins;+41 502293522
Sofia Fernandes;+33 865393090
Sofia Martins;+351 982802627
Sofia Fernandes;+39 903313983
Sofia Fernandes;+39 101325443
Sofia Silva;+33 401463036
Sofia Martins;+351 655293053
Sofia Martins;+351 971364423
Sofia Alves;+39 302374666
Sofia Silva;+39 279179370
Sofia Silva;+44 050290905
Sofia Gonçalves;+43 031603594
Sofia Pereira;+351 299463178
Sofia Ferreira;+43 653104879
Sofia Gomes;+41 195971897
Sofia Gomes;+351 837192827
Sofia Gomes;+39 229532521
Sofia Mendes;+49 291514966
Sofia Gomes;+33 224254443
Sofia Martins;+351 949508212
Sofia Pereira;+351 127670025
Sofia Gomes;+41 960680224
Sofia Gomes;+49 045153055
Sofia Ferreira;+44 923651140
Sofia Gomes;+41 620169840
Sofia Gomes;+33 476191005
Sofia Ferreira;+33 652323334
Sofia Mendes;+41 044686354
Sofia Gonçalves;+41 073494245
Sofia Alves;+351 912905988
Sofia Fernandes;+41 790698666
Sofia Gomes;+39 842562283
Sofia Pereira;+351 246010535
Sofia Alves;+351 513443412
Sofia Mendes;+351 323568247
Sofia Gomes;+33 742261521
Sofia Santos;+41 161121867
Sofia Fernandes;+32 647230232
Sofia Fernandes;+33 948370250
Sofia Gonçalves;+32 418647296
Sofia Pereira;+41 413088751
Sofia Martins;+44 667984455
Sofia Ferreira;+44 613854746
Sofia Alves;+41 339828769
Sofia Ferreira;+44 853645450
Sofia Mendes;+44 482817836
Sofia Ferreira;+44 830822188
Sofia Ferreira;+39 152008745
Sofia Gonçalves;+41 466585395
