Carlos Mendes;+49 650771941
Catarina Silva;+44 244469939
Carlos Ferreira;+351 179147116
Catarina Santos;+49 105686436
Catarina Pereira;+41 695213915
Carlos Gomes;+351 893653793
Carlos Martins;+41 642132653
Catarina Santos;+44 858147845
Catarina Gonçalves;+49 473408427
Catarina Martins;+43 577983606
Carlos Pereira;+49 234757727
Catarina Gomes;+44 630314355
Catarina Ferreira;+33 798456825
Catarina Mendes;+44 672260676
Carlos Fernandes;+39 482365535
Carlos Ferreira;+33 560951874
Carlos Mendes;+43 486476485
Catarina Martins;+351 304807854
Carlos Santos;+32 143331772
Carlos Ferreira;+351 042319449
Catarina Mendes;+32 352215218
Carlos Gonçalves;+43 837314288
Carlos Santos;+41 944974092
Carlos Silva;+39 805901476
Carlos Alves;+32 242263039
Carlos Ferreira;+49 261430031
Catarina Silva;+43 673192110
Carlos Gonçalves;+32 805204198
Carlos Alves;+49 501021374
Carlos Silva;+32 964077461
Carlos Alves;+41 385263932
Carlos Fernandes;+44 223793109
Catarina Santos;+351 963930948
Catarina Santos;+49 770915162
Catarina Santos;+351 295806287
Catarina Santos;+41 075017072
Carlos Ferreira;+44 763774285
Carlos Ferreira;+44 172510224
Carlos Fernandes;+32 310752547
Catarina Santos;+41 377090143
Carlos Alves;+41 422716575
Catarina Pereira;+33 719030211
Catarina Santos;+33 216101903
Carlos Alves;+41 398672418
Catarina Gomes;+351 094076230
Carlos Gomes;+33 174325476
Carlos Pereira;+49 180101341
Catarina Mendes;+43 991738378
Catarina Santos;+49 133910439
Carlos Fernandes;+33 895810234
Catarina Pereira;+44 516591189
Carlos Fernandes;+43 798608849
Catarina Silva;+32 244822722
Catarina Fernandes;+351 701449579
Catarina Gonçalves;+44 731924588
Catarina Martins;+33 606503279
Catarina Gomes;+44 584267118
Carlos Silva;+43 309785681
Catarina Gonçalves;+32 099962510
Catarina Mendes;+351 825044907
Catarina Silva;+49 003229660
Catarina Mendes;+351 124338103
Catarina Gonçalves;+32 625826782
Carlos Fernandes;+43 691220123
Carlos Alves;+39 235943945
Carlos Gonçalves;+49 696867458
Catarina Alves;+49 219381780
Carlos Fernandes;+33 684237751
Catarina Mendes;+41 007821420
Carlos Martins;+39 752999038
Catarina Ferreira;+32 362165247
Carlos Alves;+39 301563162
Carlos Silva;+49 008686126
Carlos Alves;+351 159649161
Catarina Martins;+39 009877283
Carlos Santos;+33 368989642
Carlos Ferreira;+351 014699675
Carlos Santos;+43 465244980
Carlos Silva;+41 658588242
Catarina Gonçalves;+41 736010042
Catarina Silva;+33 079735498
Carlos Fernandes;+39 251480833
Catarina Alves;+33 721673457
Catarina Pereira;+351 101982613
Catarina Pereira;+43 438513649
Catarina Gomes;+44 044276825
Catarina Gomes;+44 775007647
Catarina Alves;+39 784712241
Catarina Ferreira;+49 005488779
Catarina Fernandes;+49 900971926
Catarina Ferreira;+33 987667865
Carlos Fernandes;+39 268821864
Carlos Silva;+43 576881858
Catarina Gonçalves;+32 628757328
Carlos Fernandes;+41 504343069
Carlos Alves;+33 642243118
Carlos Gomes;+39 222358050
Catarina Gonçalves;+33 884037953
Carlos Fernandes;+44 062228871
Carlos Gonçalves;+44 114661879
