Sofia Fernandes;+43 762092399
Sofia Silva;+39 143240340
Sofia Mendes;+39 887498894
Sofia Fernandes;+39 953921960
Sofia Santos;+49 809023997
Sofia Martins;+44 124740650
Sofia Ferreira;+32 263692336
Sofia Mendes;+43 624880520
Sofia Silva;+44 464186300
Sofia Gonçalves;+39 784984317
Sofia Pereira;+39 650498696
Sofia Fernandes;+49 583962924
Sofia Mendes;+39 550507149
Sofia Martins;+49 731954286
Sofia Fernandes;+351 924845261
Sofia Santos;+41 944885198
Sofia Gonçalves;+32 297945393
Sofia Alves;+33 249507501
Sofia Fernandes;+39 046468839
Sofia Gonçalves;+32 871911125
Sofia Fernandes;+44 581775898
Sofia Alves;+49 415728751
Sofia Pereira;+49 990833893
Sofia Ferreira;+32 978366604
Sofia Silva;+39 962269438
Sofia Silva;+43 889622583
Sofia Santos;+39 896793090
Sofia Ferreira;+32 077973107
Sofia Silva;+32 227258223
Sofia Gomes;+41 697051928
Sofia Ferreira;+44 728945838
Sofia Santos;+43 575801691
Sofia Mendes;+351 020371089
Sofia Gomes;+44 334202544
Sofia Ferreira;+49 074968793
Sofia Mendes;+33 444828061
Sofia Mendes;+44 109915746
Sofia Silva;+44 500352169
Sofia Gomes;+41 070952363
Sofia Alves;+43 093289822
Sofia Ferreira;+351 965107792
Sofia Pereira;+32 444138691
Sofia Silva;+39 490362221
Sofia Gonçalves;+39 094794294
Sofia Gomes;+32 013842540
Sofia Martins;+351 794897652
Sofia Fernandes;+39 266530606
Sofia Silva;+41 129449956
Sofia Ferreira;+44 531137870
Sofia Mendes;+39 303630036
Sofia Pereira;+49 828949458
Sofia Fernandes;+43 277954455
Sofia Ferreira;+49 168343000
Sofia Silva;+33 811956578
Sofia Martins;+32 678648653
Sofia Mendes;+351 304342559
Sofia Gonçalves;+41 723512384
Sofia Fernandes;+33 807082602
Sofia Santos;+351 420028881
Sofia Pereira;+39 579392180
Sofia Pereira;+39 496828958
Sofia Martins;+49 541390366
Sofia Ferreira;+44 037268136
Sofia Gomes;+49 766543952
Sofia Martins;+351 662347584
Sofia Ferreira;+44 742364833
Sofia Ferreira;+32 120240720
Sofia Gonçalves;+39 054374819
Sofia Silva;+39 759063001
Sofia Ferreira;+351 004150770
Sofia Pereira;+44 328931530
Sofia Fernandes;+43 766867715
Sofia Alves;+39 177671267
Sofia Gonçalves;+32 677006075
Sofia Mendes;+41 653027590
Sofia Mendes;+39 386093896
Sofia Martins;+33 295557880
Sofia Alves;+44 468775249
Sofia Santos;+49 707144478
Sofia Fernandes;+44 667466194
Sofia Alves;+41 445948661
Sofia Martins;+32 919621796
Sofia Santos;+44 784861559
Sofia Fernandes;+41 594899826
Sofia Gomes;+44 576174899
Sofia Martins;+39 785070829
Sofia Gomes;+32 083435101
Sofia Fernandes;+49 430272874
Sofia Ferreira;+43 646421577
Sofia Alves;+44 391074132
Sofia Gomes;+41 082975299
Sofia Pereira;+44 317519568
Sofia Ferreira;+32 563967064
Sofia Alves;+33 203829477
Sofia Gonçalves;+44 685946843
Sofia Martins;+49 672724426
Sofia Silva;+33 727706037
Sofia Mendes;+32 297874906
Sofia Gomes;+32 247907078
Sofia Gomes;+351 465349441
