Carlos Santos;+33 389627384
Catarina Mendes;+44 531787220
Carlos Gonçalves;+44 763817559
Catarina Ferreira;+41 310614017
Carlos Ferreira;+32 150613364
Carlos Alves;+41 237132193
Carlos Alves;+44 620993154
Catarina Alves;+32 573379350
Catarina Silva;+39 394866272
Carlos Pereira;+351 238899670
Carlos Alves;+351 597259364
Catarina Martins;+49 930876961
Catarina Santos;+43 340363657
Carlos Ferreira;+49 669795415
Catarina Santos;+43 355401988
Catarina Fernandes;+351 962689865
Catarina Martins;+32 678836099
Catarina Santos;+44 565290173
Carlos Santos;+49 436298697
Carlos Mendes;+39 917395157
Catarina Gonçalves;+43 869475562
Catarina Mendes;+33 661212352
Catarina Silva;+39 886928706
Carlos Gomes;+43 540202523
Carlos Gomes;+32 726601948
Catarina Ferreira;+351 103558231
Catarina Mendes;+44 922323063
Catarina Silva;+39 378107903
Carlos Martins;+41 295405595
Catarina Silva;+44 382874513
Catarina Santos;+39 910493316
Carlos Santos;+33 193026561
Carlos Gonçalves;+33 228595966
Catarina Silva;+44 504751372
Catarina Gomes;+44 352556041
Catarina Alves;+43 209258794
Catarina Alves;+39 552643961
Carlos Fernandes;+49 329355226
Catarina Mendes;+39 295001030
Catarina Alves;+44 536615494
Carlos Pereira;+41 262362297
Carlos Gomes;+41 176261387
Carlos Martins;+39 127052088
Carlos Gomes;+41 565442612
Carlos Mendes;+44 622557610
Catarina Martins;+49 287119787
Catarina Ferreira;+41 598948282
Carlos Fernandes;+33 720491569
Carlos Ferreira;+43 872384498
Catarina Pereira;+43 217786060
Catarina Alves;+32 184368703
Catarina Fernandes;+44 116468921
Carlos Santos;+43 437084491
Catarina Gomes;+33 302951703
Carlos Gonçalves;+41 048575133
Carlos Gomes;+32 410918615
Catarina Pereira;+33 958453966
Catarina Silva;+39 257545655
Carlos Pereira;+44 925849698
Carlos Fernandes;+44 215857543
Carlos Fernandes;+49 464915782
Catarina Mendes;+33 243397543
Carlos Mendes;+351 190628418
Catarina Silva;+41 903527675
Catarina Ferreira;+32 927264015
Carlos Gonçalves;+44 128346220
Carlos Gomes;+49 759492856
Catarina Martins;+351 336760647
Carlos Ferreira;+33 923014222
Catarina Fernandes;+33 988738850
Catarina Silva;+351 065812451
Carlos Alves;+39 809506407
Carlos Martins;+351 680009056
Carlos Silva;+351 881730237
Carlos Pereira;+44 419792981
Carlos Ferreira;+33 323882874
Catarina Ferreira;+41 556284127
Carlos Martins;+32 241168841
Carlos Gonçalves;+32 533047227
Carlos Silva;+49 254518101
Carlos Pereira;+33 582933864
Catarina Pereira;+39 362415988
Carlos Fernandes;+44 485183580
Catarina Martins;+32 416435282
Carlos Santos;+49 428325037
Carlos Silva;+44 345765190
Catarina Mendes;+351 388185684
Catarina Silva;+43 190226270
Carlos Ferreira;+39 614324932
Catarina Ferreira;+41 944508696
Catarina Gonçalves;+49 232986327
Carlos Alves;+41 175887993
Catarina Fernandes;+49 986256389
Catarina Martins;+43 755332484
Carlos Silva;+32 617356614
Carlos Silva;+32 326064952
Carlos Santos;+33 725653844
Carlos Ferreira;+39 219581114
Catarina Mendes;+32 830389109
Catarina Fernandes;+44 354500001
