Ana Ferreira;+39 108886712
Ana Mendes;+32 407761311
Ana Gomes;+33 338312781
Ana Ferreira;+41 497743575
Ana Pereira;+43 785072049
Ana Alves;+33 091537032
Ana Santos;+43 345727152
Ana Pereira;+43 119336960
Ana Pereira;+43 211969898
Ana Pereira;+41 442992640
Ana Alves;+41 160589382
Ana Fernandes;+39 376249351
Ana Ferreira;+39 647139176
Ana Gonçalves;+41 733987898
Ana Pereira;+41 342707415
Ana Gomes;+351 939805918
Ana Gonçalves;+44 393373351
Ana Martins;+49 320393533
Ana Gomes;+44 021792785
Ana Ferreira;+44 591892279
Ana Martins;+49 245455260
Ana Ferreira;+49 395655593
Ana Gonçalves;+39 165403424
Ana Mendes;+32 297914900
Ana Pereira;+43 365668268
Ana Mendes;+49 641160136
Ana Gonçalves;+351 485449182
Ana Gomes;+351 097096817
Ana Gonçalves;+39 497763941
Ana Pereira;+33 698325922
Ana Martins;+44 915328159
Ana Gomes;+33 883544236
Ana Mendes;+41 772536850
Ana Martins;+351 787126089
Ana Ferreira;+33 924692651
Ana Ferreira;+49 052323374
Ana Fernandes;+39 979192186
Ana Santos;+39 743814193
Ana Mendes;+49 397762930
Ana Alves;+351 243061360
Ana Ferreira;+49 359304274
Ana Mendes;+43 797387435
Ana Ferreira;+41 022220204
Ana Fernandes;+351 455384342
Ana Gomes;+351 987461056
Ana Pereira;+32 626005182
Ana Pereira;+351 352865235
Ana Pereira;+351 327668175
Ana Pereira;+39 099111555
Ana Mendes;+33 165162343
Ana Mendes;+49 386585900
Ana Fernandes;+41 823397110
Ana Gomes;+44 162040008
Ana Alves;+33 714202540
Ana Martins;+32 561097246
Ana Alves;+351 645753881
Ana Santos;+351 992127370
Ana Ferreira;+43 891466495
Ana Santos;+351 299799251
Ana Fernandes;+43 016984558
Ana Santos;+351 241221736
Ana Santos;+44 596651480
Ana Santos;+33 958564528
Ana Fernandes;+43 577219136
Ana Ferreira;+39 165721618
Ana Mendes;+33 457190156
Ana Gonçalves;+49 099394635
Ana Ferreira;+39 959658331
Ana Gomes;+44 675917200
Ana Gomes;+33 183203430
Ana Ferreira;+49 753730966
Ana Pereira;+351 665249431
Ana Pereira;+41 394501958
Ana Martins;+44 205999349
Ana Santos;+351 751816698
Ana Ferreira;+49 345376309
Ana Martins;+32 726956406
Ana Gomes;+351 900306534
Ana Mendes;+32 754508137
Ana Martins;+39 814316492
Ana Silva;+33 548591072
Ana Silva;+32 182463434
Ana Fernandes;+43 365093231
Ana Gomes;+32 692369913
Ana Fernandes;+39 126999011
Ana Gonçalves;+43 798119510
Ana Ferreira;+39 456908475
Ana Mendes;+43 410901678
Ana Silva;+32 452856034
Ana Santos;+49 621433181
Ana Mendes;+351 749088221
Ana Mendes;+49 855631508
Ana Gomes;+43 928418878
Ana Fernandes;+33 858504580
Ana Alves;+49 726242414
Ana Santos;+44 495112013
Ana Ferreira;+351 632796149
Ana Silva;+49 474983843
Ana Martins;+32 281023725
Ana Mendes;+49 952605337
