Sofia Fernandes;+351 635149980
Sofia Martins;+32 630887696
Sofia Gonçalves;+49 124657216
Sofia Santos;+351 296364857
Sofia Alves;+43 888847648
Sofia Pereira;+43 928757953
Sofia Gomes;+351 701000169
Sofia Martins;+43 683700453
Sofia Fernandes;+49 579680178
Sofia Fernandes;+32 395991726
Sofia Gomes;+49 627745845
Sofia Alves;+44 187836315
Sofia Santos;+33 864483565
Sofia Ferreira;+351 456315729
Sofia Gonçalves;+39 024624830
Sofia Ferreira;+33 815066436
Sofia Gonçalves;+351 541408503
Sofia Fernandes;+351 366602806
Sofia Alves;+33 914832750
Sofia Ferreira;+32 611302795
Sofia Silva;+33 172001310
Sofia Silva;+41 813237619
Sofia Alves;+41 200729448
Sofia Gomes;+43 913021536
Sofia Fernandes;+351 143628518
Sofia Pereira;+33 888753416
Sofia Silva;+41 573677308
Sofia Gomes;+39 241410802
Sofia Santos;+33 166583041
Sofia Martins;+351 718285588
Sofia Santos;+39 966970050
Sofia Mendes;+41 393097229
Sofia Santos;+43 406639455
Sofia Silva;+33 122870543
Sofia Gonçalves;+351 929912947
Sofia Gonçalves;+44 427326277
Sofia Alves;+39 725846509
Sofia Santos;+49 654846769
Sofia Martins;+49 409325856
Sofia Pereira;+49 845317700
Sofia Santos;+33 753386145
Sofia Gomes;+43 018223033
Sofia Santos;+41 405807287
Sofia Silva;+32 420877621
Sofia Fernandes;+41 811412608
Sofia Silva;+32 111197469
Sofia Silva;+39 701040747
Sofia Gomes;+32 793351287
Sofia Ferreira;+43 962337822
Sofia Mendes;+351 390579816
Sofia Martins;+44 098559198
Sofia Silva;+39 422476563
Sofia Alves;+33 983094086
Sofia Pereira;+32 427800811
Sofia Santos;+44 097773580
Sofia Martins;+351 995820694
Sofia Alves;+43 986732359
Sofia Santos;+44 675550212
Sofia Silva;+44 725403980
Sofia Pereira;+33 084426424
Sofia Silva;+33 068210382
Sofia Fernandes;+33 249106872
Sofia Alves;+32 280070536
Sofia Martins;+33 027240836
Sofia Gonçalves;+43 339962026
Sofia Gonçalves;+32 962473358
Sofia Alves;+44 537469561
Sofia Ferreira;+44 387644690
Sofia Gomes;+39 546683885
Sofia Alves;+33 471737575
Sofia Silva;+41 996765289
Sofia Silva;+32 882715357
Sofia Gomes;+351 103342439
Sofia Gonçalves;+49 631937070
Sofia Gomes;+43 886799010
Sofia Gonçalves;+44 576412728
Sofia Martins;+351 854964199
Sofia Silva;+351 005072135
Sofia Ferreira;+33 710633393
Sofia Gonçalves;+43 752103292
Sofia Martins;+33 576164115
Sofia Fernandes;+43 175794111
Sofia Martins;+49 819378815
Sofia Martins;+43 920224968
Sofia Gonçalves;+32 973813213
Sofia Fernandes;+39 781379686
Sofia Ferreira;+43 332078030
Sofia Alves;+43 732733131
Sofia Ferreira;+49 944173078
Sofia Fernandes;+49 077745392
Sofia Alves;+44 070234124
Sofia Ferreira;+44 906232195
Sofia Gonçalves;+351 634050138
Sofia Pereira;+43 787761731
Sofia Martins;+33 768734290
Sofia Gonçalves;+43 021069619
Sofia Alves;+32 660987890
Sofia Fernandes;+49 458968912
Sofia Fernandes;+351 223568598
Sofia Gonçalves;+44 022922978
