Sofia Fernandes;+41 509656521
Sofia Silva;+43 778688269
Sofia Pereira;+49 327473550
Sofia Alves;+44 201661265
Sofia Mendes;+44 897413214
Sofia Pereira;+39 079141971
Sofia Santos;+351 621286456
Sofia Gonçalves;+39 124894404
Sofia Gomes;+44 274625328
Sofia Martins;+41 812632610
Sofia Ferreira;+32 962640859
Sofia Mendes;+33 126100237
Sofia Silva;+43 468854618
Sofia Ferreira;+351 479921740
Sofia Santos;+43 219402680
Sofia Fernandes;+351 668772215
Sofia Fernandes;+43 988551361
Sofia Alves;+41 877790023
Sofia Gonçalves;+49 889436976
Sofia Pereira;+39 689854318
Sofia Alves;+39 411169862
Sofia Martins;+44 901457819
Sofia Fernandes;+32 697380372
Sofia Alves;+44 907392512
Sofia Gomes;+32 356138774
Sofia Pereira;+44 840771370
Sofia Silva;+39 837625488
Sofia Silva;+43 579499859
Sofia Martins;+33 156813846
Sofia Alves;+49 105112494
Sofia Gonçalves;+33 789225214
Sofia Pereira;+39 477416407
Sofia Gomes;+32 843959370
Sofia Ferreira;+43 529817483
Sofia Fernandes;+49 707760875
Sofia Gonçalves;+43 723215730
Sofia Gomes;+43 400501472
Sofia Alves;+44 895328551
Sofia Santos;+351 523655962
Sofia Alves;+39 176301815
Sofia Pereira;+351 343876230
Sofia Mendes;+351 834397202
Sofia Alves;+32 750767822
Sofia Martins;+41 659786301
Sofia Santos;+39 334620380
Sofia Silva;+49 264196795
Sofia Silva;+351 152280614
Sofia Santos;+39 379208156
Sofia Gomes;+44 531131253
Sofia Santos;+43 981714240
Sofia Silva;+41 631259160
Sofia Alves;+41 935612978
Sofia Ferreira;+49 730733564
Sofia Silva;+33 144307732
Sofia Martins;+43 030735631
Sofia Alves;+41 619217736
Sofia Pereira;+43 117386117
Sofia Silva;+41 245666837
Sofia Alves;+32 310179812
Sofia Alves;+44 629911694
Sofia Alves;+351 993424643
Sofia Gonçalves;+32 360216783
Sofia Alves;+43 473000185
Sofia Gomes;+44 140765038
Sofia Silva;+49 974402287
Sofia Gomes;+49 277871722
Sofia Gonçalves;+43 020770257
Sofia Fernandes;+33 197820957
Sofia Silva;+32 911311505
Sofia Silva;+32 063538395
Sofia Silva;+49 386642796
Sofia Martins;+43 754228302
Sofia Gomes;+41 836316402
Sofia Martins;+39 764074043
Sofia Martins;+39 998878005
Sofia Ferreira;+351 430694509
Sofia Santos;+32 331262972
Sofia Gomes;+351 412711456
Sofia Fernandes;+39 429306250
Sofia Mendes;+43 453620217
Sofia Gonçalves;+33 313147064
Sofia Martins;+44 165575682
Sofia Gomes;+32 340831076
Sofia Ferreira;+33 146686055
Sofia Pereira;+44 937615368
Sofia Fernandes;+44 112576263
Sofia Gonçalves;+49 080095585
Sofia Mendes;+44 333800327
Sofia Ferreira;+41 385627919
Sofia Martins;+39 663893833
Sofia Pereira;+33 114032155
Sofia Alves;+41 263967009
Sofia Santos;+49 113598107
Sofia Santos;+43 154424664
Sofia Silva;+43 111669180
Sofia Ferreira;+39 558770891
Sofia Pereira;+351 731907270
Sofia Gonçalves;+43 685703529
Sofia Gonçalves;+41 457668334
Sofia Mendes;+43 750807137
