Carlos Ferreira;+43 538874764
Catarina Gonçalves;+351 965489712
Catarina Ferreira;+351 808473024
Catarina Ferreira;+49 336556728
Carlos Ferreira;+44 736630536
Carlos Santos;+351 990264637
Carlos Mendes;+43 367569013
Catarina Gomes;+33 194774930
Catarina Gomes;+351 728895004
Catarina Gomes;+33 455114120
Carlos Pereira;+49 389826423
Catarina Martins;+32 845985590
Carlos Pereira;+39 660639169
Catarina Gomes;+41 312291859
Catarina Silva;+351 825211844
Catarina Santos;+32 695370266
Carlos Alves;+44 708072127
Carlos Fernandes;+351 745637890
Catarina Pereira;+41 783051745
Catarina Alves;+39 809841579
Carlos Santos;+32 444136374
Carlos Martins;+39 607051788
Carlos Pereira;+44 851054170
Carlos Pereira;+44 313740128
Carlos Martins;+44 802114660
Catarina Santos;+32 656335652
Carlos Mendes;+49 366719228
Carlos Gomes;+351 112048238
Catarina Fernandes;+32 269533361
Carlos Pereira;+33 580373784
Carlos Fernandes;+49 748911357
Carlos Mendes;+44 973770026
Catarina Martins;+39 829257771
Catarina Santos;+32 390448812
Carlos Ferreira;+33 918605394
Catarina Alves;+41 791261947
Catarina Mendes;+49 684994388
Catarina Gonçalves;+32 731813226
Catarina Mendes;+33 965614592
Carlos Santos;+351 752133751
Carlos Santos;+41 469666638
Carlos Martins;+351 584781975
Carlos Alves;+33 833584599
Carlos Martins;+39 055180072
Catarina Silva;+351 390187988
Carlos Gomes;+49 433885302
Carlos Mendes;+41 349028331
Catarina Alves;+39 623127542
Carlos Mendes;+49 339466850
Carlos Silva;+44 411435342
Carlos Gomes;+39 068830297
Catarina Alves;+351 477183832
Carlos Santos;+39 801323894
Carlos Gomes;+39 750737015
Carlos Alves;+351 682842795
Carlos Ferreira;+33 429060380
Carlos Silva;+41 792626372
Carlos Mendes;+49 805792296
Catarina Silva;+32 817561614
Carlos Pereira;+32 034154667
Catarina Silva;+41 999219044
Catarina Silva;+43 779421812
Carlos Martins;+351 715447149
Catarina Santos;+351 120978567
Carlos Silva;+39 226650280
Catarina Pereira;+49 749368681
Carlos Ferreira;+49 754511828
Catarina Gonçalves;+32 895720756
Catarina Ferreira;+39 556788308
Carlos Ferreira;+49 221724133
Carlos Pereira;+49 733681189
Catarina Fernandes;+44 347421141
Carlos Alves;+32 362838145
Carlos Fernandes;+39 814602737
Carlos Santos;+33 246678650
Carlos Pereira;+32 459738275
Catarina Silva;+43 642689724
Carlos Fernandes;+43 822113050
Carlos Martins;+44 021550741
Carlos Pereira;+44 229174281
Catarina Gonçalves;+43 550562019
Catarina Mendes;+43 322850041
Catarina Silva;+44 231880139
Catarina Gonçalves;+43 541168468
Carlos Gonçalves;+43 195322347
Carlos Alves;+33 464239914
Carlos Gomes;+49 984313871
Carlos Fernandes;+44 467174184
Carlos Fernandes;+33 151142975
Catarina Santos;+33 669444024
Carlos Santos;+41 752718543
Catarina Pereira;+39 764050319
Catarina Silva;+32 247143206
Catarina Fernandes;+49 533460318
Carlos Alves;+49 994787246
Catarina Martins;+43 308953154
Catarina Santos;+39 883312173
Catarina Gomes;+44 798958988
Carlos Alves;+351 723283368
Carlos Martins;+41 002368498
