Rui Gomes;+44 927897970
Rui Gonçalves;+39 517075540
Rui Gomes;+33 620224223
Ricardo Silva;+32 302884624
Rui Martins;+39 291411532
Ricardo Alves;+39 009324917
Rui Pereira;+44 766941417
Rui Alves;+41 907939560
Ricardo Gonçalves;+32 128028068
Rui Santos;+43 158908093
Rui Fernandes;+32 494827637
Rui Gomes;+44 963304805
Ricardo Ferreira;+33 974866519
Ricardo Mendes;+44 715436142
Rui Alves;+41 321574150
Ricardo Fernandes;+39 639378911
Rui Santos;+351 857423368
Ricardo Mendes;+33 021890818
Rui Silva;+351 970985525
Rui Alves;+44 986410954
Ricardo Martins;+39 790291462
Ricardo Martins;+43 742632338
Rui Gomes;+32 900865597
Ricardo Silva;+33 214263288
Rui Mendes;+32 932026712
Rui Gomes;+49 415323717
Ricardo Pereira;+32 457253553
Rui Ferreira;+39 262777805
Rui Gonçalves;+49 753041040
Rui Mendes;+33 001402129
Rui Santos;+39 914777252
Rui Martins;+351 231845838
Ricardo Fernandes;+41 594882527
Ricardo Pereira;+351 684659866
Rui Ferreira;+44 389536576
Rui Martins;+32 788555978
Rui Fernandes;+33 145725183
Ricardo Alves;+351 522284635
Rui Martins;+44 624295863
Ricardo Mendes;+39 294676666
Ricardo Martins;+43 983949285
Ricardo Silva;+32 892709213
Rui Pereira;+32 974194460
Ricardo Mendes;+43 120210754
Rui Alves;+351 868336525
Rui Alves;+44 688870124
Ricardo Ferreira;+351 586947687
Ricardo Silva;+39 998361630
Ricardo Martins;+39 542837112
Rui Mendes;+44 334422309
Rui Silva;+43 884311677
Rui Pereira;+32 536287732
Rui Santos;+41 092924535
Ricardo Fernandes;+41 489519768
Rui Gomes;+351 203802003
Rui Pereira;+351 525618443
Ricardo Alves;+33 457960361
Ricardo Silva;+39 102714472
Ricardo Gonçalves;+43 965392346
Ricardo Silva;+33 521309249
Rui Pereira;+43 445280242
Rui Silva;+33 315447135
Rui Pereira;+41 341130288
Rui Martins;+49 568117601
Rui Mendes;+33 083202024
Rui Santos;+33 702549497
Rui Mendes;+33 378925756
Rui Silva;+39 809022635
Ricardo Santos;+44 693809296
Ricardo Santos;+49 551424298
Ricardo Pereira;+44 599616663
Rui Ferreira;+41 205113344
Rui Ferreira;+39 424564197
Ricardo Fernandes;+43 973272515
Rui Gomes;+44 825878518
Ricardo Gomes;+49 700223342
Ricardo Gonçalves;+49 985824322
Rui Ferreira;+32 044025532
Rui Mendes;+43 014664288
Ricardo Mendes;+43 885656673
Rui Gomes;+33 444520804
Rui Mendes;+41 912387985
Ricardo Gomes;+39 517919953
Rui Mendes;+49 555023663
Rui Santos;+44 034470871
Ricardo Santos;+49 753365662
Rui Martins;+32 022114255
Rui Alves;+43 870956590
Rui Gomes;+33 146211065
Ricardo Gonçalves;+43 810038682
Rui Gomes;+32 406392917
Ricardo Martins;+33 470486317
Ricardo Mendes;+49 625451521
Rui Gomes;+41 396879426
Ricardo Gonçalves;+33 721634039
Ricardo Silva;+43 781161193
Rui Silva;+33 957064895
Ricardo Fernandes;+41 455545601
Rui Alves;+39 199976423
Ricardo Fernandes;+351 164751498
