Ana Mendes;+39 836082752
Ana Gonçalves;+33 826965926
Ana Gonçalves;+39 257610328
Ana Martins;+33 008768364
Ana Mendes;+33 623675463
Ana Fernandes;+49 830177376
Ana Martins;+41 606091829
Ana Gomes;+49 490720673
Ana Ferreira;+39 983542294
Ana Ferreira;+39 446230004
Ana Pereira;+44 749806088
Ana Silva;+32 270393319
Ana Silva;+49 498772368
Ana Fernandes;+49 522330837
Ana Ferreira;+41 846094167
Ana Martins;+43 185804816
Ana Silva;+351 056066373
Ana Ferreira;+41 932598680
Ana Mendes;+49 029503587
Ana Gonçalves;+43 728902170
Ana Mendes;+39 496851158
Ana Fernandes;+39 456554744
Ana Gomes;+43 437458285
Ana Ferreira;+41 583638441
Ana Ferreira;+32 151550769
Ana Alves;+44 834928375
Ana Fernandes;+32 531747139
Ana Silva;+32 429580192
Ana Gonçalves;+44 431450441
Ana Silva;+44 866509430
Ana Alves;+49 149149337
Ana Gomes;+44 009773108
Ana Santos;+351 610771939
Ana Mendes;+351 545446207
Ana Martins;+39 058282953
Ana Fernandes;+33 686489841
Ana Mendes;+41 052008889
Ana Gomes;+351 621231589
Ana Santos;+351 376561526
Ana Fernandes;+39 951756348
Ana Gomes;+41 627364053
Ana Gonçalves;+33 525494304
Ana Ferreira;+39 996937417
Ana Gonçalves;+44 327070313
Ana Mendes;+43 956588958
Ana Santos;+44 137583417
Ana Gonçalves;+43 352813744
Ana Gonçalves;+32 318113858
Ana Fernandes;+49 488781262
Ana Pereira;+351 750088650
Ana Santos;+41 371837736
Ana Fernandes;+32 965319497
Ana Fernandes;+33 690045816
Ana Santos;+43 736199824
Ana Gomes;+44 821873625
Ana Gonçalves;+49 670319007
Ana Gomes;+43 572343529
Ana Silva;+41 952737091
Ana Fernandes;+351 160672234
Ana Mendes;+32 994802427
Ana Ferreira;+32 693036383
Ana Mendes;+39 031828156
Ana Alves;+351 073921522
Ana Martins;+41 402412052
Ana Santos;+32 895485146
Ana Pereira;+351 510717144
Ana Mendes;+33 082409595
Ana Fernandes;+43 950420663
Ana Fernandes;+39 602786037
Ana Pereira;+32 461207462
Ana Silva;+32 656065321
Ana Alves;+43 811018758
Ana Fernandes;+44 115426627
Ana Santos;+32 204914793
Ana Gonçalves;+43 141266110
Ana Martins;+351 557742351
Ana Martins;+39 494979078
Ana Pereira;+351 916237245
Ana Pereira;+49 525566527
Ana Gonçalves;+32 753135680
Ana Pereira;+39 125669634
Ana Alves;+32 775636501
Ana Mendes;+44 155544424
Ana Silva;+44 639445242
Ana Gomes;+39 069317348
Ana Martins;+41 996702683
Ana Ferreira;+49 786237385
Ana Silva;+39 749431602
Ana Ferreira;+32 182145162
Ana Ferreira;+44 880974525
Ana Gonçalves;+43 692665388
Ana Fernandes;+33 243156577
Ana Gomes;+33 446487077
Ana Pereira;+33 635630963
Ana Mendes;+351 549764903
Ana Martins;+32 676094833
Ana Alves;+41 436463080
Ana Martins;+44 291947116
Ana Pereira;+32 537805967
Ana Pereira;+43 118138969
