Ana Silva;+39 559547535
Ana Santos;+44 781397061
Ana Silva;+39 850016390
Ana Silva;+41 369316724
Ana Ferreira;+39 970660237
Ana Ferreira;+39 301109816
Ana Fernandes;+33 379284106
Ana Mendes;+49 791587228
Ana Gonçalves;+44 950806224
Ana Mendes;+44 559221690
Ana Silva;+39 131115508
Ana Silva;+39 872044193
Ana Fernandes;+43 010127779
Ana Mendes;+43 928652554
Ana Fernandes;+43 488501238
Ana Gonçalves;+49 965503415
Ana Gomes;+43 231631028
Ana Santos;+43 306474263
Ana Ferreira;+44 053816691
Ana Martins;+32 495135877
Ana Ferreira;+41 496577710
Ana Martins;+33 784179972
Ana Gomes;+39 808601323
Ana Silva;+44 441425092
Ana Gomes;+44 138690988
Ana Martins;+39 409411293
Ana Ferreira;+351 051920695
Ana Alves;+39 029789800
Ana Gomes;+49 557746941
Ana Gonçalves;+41 158219618
Ana Silva;+41 814828361
Ana Mendes;+43 705792236
Ana Ferreira;+44 101138168
Ana Martins;+351 316459666
Ana Gomes;+41 958589567
Ana Mendes;+33 984410157
Ana Mendes;+32 913220884
Ana Silva;+33 818192446
Ana Pereira;+33 762192896
Ana Fernandes;+44 863412938
Ana Martins;+351 308021361
Ana Gomes;+32 767275986
Ana Silva;+44 848382812
Ana Martins;+44 164759834
Ana Gonçalves;+41 610068247
Ana Ferreira;+44 296018341
Ana Mendes;+33 607919196
Ana Silva;+49 584647975
Ana Santos;+43 692494807
Ana Fernandes;+43 736004756
Ana Gomes;+351 461036287
Ana Alves;+43 524503795
Ana Fernandes;+39 089454458
Ana Mendes;+41 627375548
Ana Gomes;+43 979319579
Ana Gomes;+44 577071055
Ana Fernandes;+41 288324726
Ana Pereira;+33 333239828
Ana Alves;+39 292782321
Ana Martins;+44 511192704
Ana Gomes;+39 092237634
Ana Martins;+44 152308473
Ana Alves;+351 912514725
Ana Gomes;+41 504203073
Ana Ferreira;+33 218720739
Ana Ferreira;+32 998406878
Ana Gonçalves;+351 980096511
Ana Silva;+351 548836653
Ana Fernandes;+39 633739568
Ana Silva;+41 156825306
Ana Ferreira;+351 812603399
Ana Gomes;+33 608453140
Ana Martins;+43 617516509
Ana Fernandes;+32 616229751
Ana Fernandes;+39 048142695
Ana Pereira;+32 632955527
Ana Mendes;+33 949374663
Ana Alves;+39 339437443
Ana Martins;+33 917840519
Ana Martins;+32 686362109
Ana Martins;+39 446529033
Ana Alves;+41 928175415
Ana Mendes;+44 767650001
Ana Santos;+351 104239889
Ana Alves;+351 830658585
Ana Mendes;+351 129004085
Ana Fernandes;+41 931924347
Ana Alves;+32 314850142
Ana Martins;+33 473559838
Ana Ferreira;+43 400352123
Ana Mendes;+351 519911093
Ana Gomes;+33 535535790
Ana Alves;+43 328674796
Ana Alves;+33 069215652
Ana Mendes;+41 043464089
Ana Pereira;+32 933755594
Ana Fernandes;+39 164328706
Ana Fernandes;+33 000013085
Ana Ferreira;+49 559332065
Ana Silva;+41 518435145
