Ana Fernandes;+39 409122646
Ana Gonçalves;+32 912592046
Ana Gonçalves;+32 358805383
Ana Ferreira;+41 774985310
Ana Mendes;+33 621665652
Ana Silva;+33 358127888
Ana Alves;+49 047152708
Ana Mendes;+39 936121420
Ana Gomes;+49 942756487
Ana Alves;+49 828752874
Ana Martins;+351 366909286
Ana Fernandes;+33 225796174
Ana Fernandes;+49 096767191
Ana Pereira;+39 839839359
Ana Martins;+39 937871486
Ana Santos;+351 495035234
Ana Gonçalves;+44 141349745
Ana Gomes;+351 355518939
Ana Pereira;+33 032579841
Ana Gonçalves;+44 075631953
Ana Gomes;+41 457302141
Ana Pereira;+33 542017319
Ana Gonçalves;+43 732298874
Ana Alves;+32 566830625
Ana Gonçalves;+33 383978017
Ana Silva;+43 490373857
Ana Mendes;+41 860209417
Ana Pereira;+44 704621606
Ana Alves;+43 206924584
Ana Santos;+351 526755908
Ana Pereira;+32 729565311
Ana Fernandes;+33 310352292
Ana Ferreira;+39 774290599
Ana Gonçalves;+44 772799977
Ana Mendes;+32 700750373
Ana Martins;+49 717979329
Ana Mendes;+44 925272119
Ana Pereira;+41 239131904
Ana Fernandes;+44 679945607
Ana Gonçalves;+33 109539531
Ana Martins;+44 706524984
Ana Santos;+41 714947462
Ana Ferreira;+44 641906317
Ana Gonçalves;+351 528366561
Ana Martins;+41 227216168
Ana Fernandes;+351 918849679
Ana Silva;+43 777163540
Ana Silva;+44 764369671
Ana Pereira;+43 133302830
Ana Martins;+41 225175112
Ana Fernandes;+43 301926141
Ana Martins;+49 678455538
Ana Santos;+44 055671962
Ana Martins;+351 851942156
Ana Mendes;+32 484657418
Ana Santos;+44 148181417
Ana Martins;+32 506879419
Ana Martins;+351 069214840
Ana Martins;+32 618705756
Ana Alves;+39 772672211
Ana Alves;+33 068193424
Ana Martins;+39 556801758
Ana Pereira;+39 379197125
Ana Martins;+49 158020208
Ana Santos;+39 333992136
Ana Pereira;+351 558715713
Ana Gonçalves;+32 977404390
Ana Ferreira;+49 065431707
Ana Santos;+351 122846724
Ana Pereira;+41 142387482
Ana Silva;+43 483017994
Ana Fernandes;+49 681700251
Ana Silva;+39 093903367
Ana Gomes;+32 731746814
Ana Fernandes;+44 947583513
Ana Gomes;+49 722357760
Ana Fernandes;+32 854232849
Ana Gonçalves;+43 607722844
Ana Gonçalves;+49 819177748
Ana Martins;+43 088300758
Ana Mendes;+39 420750474
Ana Fernandes;+49 323514309
Ana Pereira;+33 739444726
Ana Gonçalves;+351 175268513
Ana Alves;+43 132903454
Ana Mendes;+49 332266056
Ana Alves;+351 672045737
Ana Mendes;+32 732999970
Ana Pereira;+49 349999739
Ana Gonçalves;+351 394427840
Ana Martins;+49 604530711
Ana Silva;+33 417909251
Ana Gonçalves;+33 172237743
Ana Martins;+43 298180161
Ana Pereira;+39 274207255
Ana Silva;+44 373032023
Ana Ferreira;+49 035323561
Ana Ferreira;+33 740478268
Ana Alves;+49 976286704
Ana Silva;+43 330549406
