Sofia Fernandes;+351 796447408
Sofia Gomes;+39 834349396
Sofia Martins;+351 500854146
Sofia Mendes;+41 435440980
Sofia Fernandes;+33 550844588
Sofia Martins;+39 615532002
Sofia Ferreira;+49 635131053
Sofia Ferreira;+41 585695859
Sofia Mendes;+39 784789434
Sofia Ferreira;+43 905989284
Sofia Martins;+32 763713719
Sofia Pereira;+41 573382237
Sofia Gonçalves;+32 833825893
Sofia Santos;+351 081611391
Sofia Fernandes;+41 224416789
Sofia Gonçalves;+39 694255980
Sofia Pereira;+39 432009190
Sofia Ferreira;+33 664062672
Sofia Alves;+32 041834761
Sofia Pereira;+33 365355984
Sofia Gomes;+41 273511512
Sofia Gonçalves;+49 596837767
Sofia Martins;+43 295910811
Sofia Alves;+41 830300936
Sofia Ferreira;+43 087718633
Sofia Gomes;+39 863074644
Sofia Mendes;+351 809139433
Sofia Mendes;+49 520189759
Sofia Gomes;+43 946283837
Sofia Santos;+351 605604711
Sofia Pereira;+351 553843482
Sofia Pereira;+44 753636697
Sofia Gonçalves;+44 264065332
Sofia Silva;+33 078413116
Sofia Silva;+43 320398183
Sofia Ferreira;+33 963702997
Sofia Alves;+49 917377552
Sofia Santos;+49 981206215
Sofia Martins;+41 467579611
Sofia Ferreira;+44 415091063
Sofia Mendes;+43 771802578
Sofia Gonçalves;+49 870914931
Sofia Silva;+33 097102444
Sofia Mendes;+44 427239572
Sofia Santos;+351 104478176
Sofia Gomes;+33 465398500
Sofia Silva;+32 967863099
Sofia Fernandes;+41 586950737
Sofia Gomes;+33 865160860
Sofia Martins;+41 734655703
Sofia Fernandes;+49 384813996
Sofia Martins;+44 804115968
Sofia Fernandes;+49 636004352
Sofia Gomes;+39 972247099
Sofia Gonçalves;+49 428786987
Sofia Mendes;+39 476683184
Sofia Silva;+33 739463830
Sofia Ferreira;+33 316712546
Sofia Alves;+33 613512296
Sofia Pereira;+33 518032189
Sofia Gomes;+351 152100594
Sofia Ferreira;+39 660283545
Sofia Fernandes;+43 171613271
Sofia Santos;+351 237616792
Sofia Santos;+41 142748865
Sofia Silva;+44 306848243
Sofia Alves;+32 979677910
Sofia Martins;+351 388035862
Sofia Martins;+41 782364455
Sofia Mendes;+32 303420089
Sofia Alves;+33 820740153
Sofia Silva;+351 553515241
Sofia Pereira;+33 728901209
Sofia Pereira;+32 161242355
Sofia Gonçalves;+49 466557837
Sofia Pereira;+39 835289127
Sofia Fernandes;+32 388659349
Sofia Alves;+43 438059126
Sofia Silva;+32 659451282
Sofia Ferreira;+32 925946858
Sofia Ferreira;+33 337245816
Sofia Alves;+43 508414697
Sofia Santos;+43 833657757
Sofia Gomes;+41 214053350
Sofia Alves;+41 258743410
Sofia Gomes;+49 088677938
Sofia Mendes;+44 774456145
Sofia Mendes;+44 203726335
Sofia Gonçalves;+43 149516090
Sofia Fernandes;+41 854793007
Sofia Alves;+33 070261923
Sofia Santos;+49 262887980
Sofia Santos;+32 788880101
Sofia Fernandes;+49 273870865
Sofia Silva;+39 452106089
Sofia Ferreira;+41 715692446
Sofia Santos;+351 249009774
Sofia Silva;+41 346446649
Sofia Pereira;+44 019586730
Sofia Fernandes;+44 997458286
