Rui Mendes;+33 034888596
Ricardo Martins;+351 777585029
Rui Mendes;+44 848885784
Rui Alves;+49 155168430
Rui Ferreira;+351 748736777
Rui Gonçalves;+32 514856935
Rui Silva;+49 110132494
Ricardo Gomes;+41 448136441
Ricardo Gonçalves;+33 631654343
Rui Pereira;+41 105339101
Rui Mendes;+44 631797593
Ricardo Mendes;+41 410430371
Ricardo Gomes;+39 473223147
Rui Fernandes;+44 218918328
Ricardo Gonçalves;+32 110850162
Ricardo Fernandes;+49 649209359
Rui Pereira;+351 729209193
Ricardo Martins;+39 962089396
Ricardo Ferreira;+43 506828711
Ricardo Silva;+32 062882749
Rui Silva;+49 895161906
Ricardo Ferreira;+49 660358977
Rui Fernandes;+39 131361243
Rui Pereira;+49 847059384
Ricardo Silva;+32 680345612
Rui Santos;+43 746437061
Rui Martins;+44 146560809
Rui Alves;+43 416405410
Ricardo Alves;+44 886278048
Ricardo Martins;+39 718536244
Rui Fernandes;+351 499129883
Ricardo Santos;+32 463833343
Rui Ferreira;+44 732546768
Ricardo Pereira;+49 776749536
Ricardo Santos;+41 398952841
Ricardo Silva;+43 455780379
Ricardo Fernandes;+43 832505898
Rui Martins;+44 330138307
Rui Silva;+351 859069485
Rui Ferreira;+41 544374985
Rui Gonçalves;+33 254390269
Ricardo Gomes;+351 242520786
Rui Fernandes;+43 268596031
Ricardo Gomes;+32 436199206
Ricardo Ferreira;+44 410384016
Ricardo Santos;+41 248617621
Rui Alves;+39 982760598
Ricardo Fernandes;+33 347452939
Rui Ferreira;+41 753275463
Ricardo Fernandes;+32 547988921
Ricardo Alves;+351 909013007
Rui Gonçalves;+43 122806921
Rui Gonçalves;+33 007298814
Ricardo Pereira;+39 174929815
Rui Santos;+33 396802136
Ricardo Fernandes;+43 920073373
Rui Fernandes;+32 405338400
Rui Santos;+43 424008130
Ricardo Gonçalves;+49 182152757
Ricardo Mendes;+43 960827000
Rui Gonçalves;+49 702674772
Rui Fernandes;+39 570585542
Ricardo Ferreira;+44 550116043
Ricardo Silva;+43 168085313
Rui Fernandes;+39 500604780
Rui Alves;+39 118835217
Rui Santos;+33 704748712
Rui Gomes;+49 178107768
Rui Santos;+33 386771092
Ricardo Pereira;+39 649069299
Ricardo Fernandes;+39 082063361
Ricardo Gomes;+39 523155809
Ricardo Gonçalves;+33 130850717
Ricardo Pereira;+33 462465447
Rui Ferreira;+39 150691659
Ricardo Silva;+39 577075641
Rui Silva;+39 152334312
Ricardo Mendes;+43 500844468
Rui Gonçalves;+33 359472211
Ricardo Silva;+32 697733489
Rui Santos;+33 483190523
Ricardo Alves;+49 337765713
Rui Fernandes;+39 733207050
Rui Fernandes;+44 616573745
Ricardo Mendes;+39 170106695
Rui Fernandes;+44 564157292
Ricardo Mendes;+32 813677091
Rui Mendes;+44 075733329
Rui Gomes;+33 274082620
Ricardo Fernandes;+32 279189794
Rui Fernandes;+43 966380212
Rui Fernandes;+39 225188997
Ricardo Santos;+49 638329105
Ricardo Fernandes;+351 455177484
Ricardo Ferreira;+32 542410725
Ricardo Mendes;+32 998351261
Ricardo Gomes;+33 912423964
Rui Silva;+41 084384979
Rui Gonçalves;+39 277912636
Rui Gonçalves;+32 642958483
