Catarina Ferreira;+41 490418852
Catarina Gonçalves;+41 610449386
Catarina Gomes;+39 319678177
Catarina Silva;+32 813882351
Carlos Fernandes;+39 412429011
Carlos Santos;+49 121676173
Carlos Pereira;+39 223475013
Carlos Santos;+44 524646428
Catarina Ferreira;+33 355123384
Catarina Mendes;+49 970981315
Carlos Santos;+33 271497584
Carlos Pereira;+39 964672685
Catarina Silva;+49 375978840
Catarina Santos;+41 522624848
Catarina Ferreira;+43 492398762
Catarina Alves;+351 343240828
Carlos Gonçalves;+351 358370819
Carlos Ferreira;+41 935102694
Catarina Alves;+39 178599387
Catarina Mendes;+32 278429289
Catarina Mendes;+49 025153666
Carlos Alves;+49 655584357
Carlos Alves;+39 498813428
Catarina Santos;+39 010726659
Catarina Gonçalves;+351 158000503
Catarina Santos;+32 872702993
Catarina Fernandes;+49 469615418
Carlos Martins;+44 801282658
Catarina Alves;+43 465428678
Carlos Pereira;+49 436120547
Catarina Gomes;+44 644596321
Carlos Fernandes;+39 093361092
Carlos Gomes;+351 885946551
Catarina Pereira;+41 444917604
Catarina Santos;+32 691577426
Catarina Gomes;+43 013473807
Carlos Alves;+351 602840535
Carlos Alves;+43 587612111
Catarina Gomes;+44 375086898
Catarina Mendes;+32 518057901
Catarina Silva;+351 227207543
Carlos Gomes;+39 383636767
Carlos Martins;+43 515843720
Carlos Silva;+33 139072564
Carlos Martins;+39 174574540
Carlos Silva;+33 742340717
Catarina Silva;+49 878595610
Carlos Martins;+49 117013730
Carlos Silva;+39 848287691
Carlos Santos;+43 625826726
Catarina Gonçalves;+39 408193616
Carlos Ferreira;+44 587082906
Catarina Ferreira;+44 007719329
Carlos Alves;+32 035544821
Carlos Pereira;+39 732310553
Catarina Gonçalves;+43 388965888
Carlos Santos;+32 219310823
Carlos Silva;+41 576041142
Catarina Fernandes;+33 284722508
Carlos Martins;+44 412635326
Carlos Mendes;+43 440970571
Catarina Ferreira;+49 604365098
Carlos Fernandes;+351 954867666
Catarina Martins;+43 850364092
Catarina Martins;+41 667663946
Carlos Gomes;+351 583829337
Catarina Pereira;+39 912897324
Catarina Silva;+33 908949053
Carlos Silva;+351 881629158
Carlos Gomes;+33 483038770
Carlos Gomes;+41 692129719
Catarina Silva;+43 631400999
Carlos Martins;+39 192404336
Carlos Alves;+32 810683304
Catarina Silva;+39 460314491
Carlos Santos;+43 592091508
Carlos Martins;+41 868968016
Catarina Fernandes;+49 435350764
Carlos Silva;+39 337526964
Catarina Alves;+351 756951582
Catarina Santos;+44 033734257
Catarina Santos;+39 184782323
Carlos Gonçalves;+44 992735148
Catarina Ferreira;+44 963368664
Carlos Alves;+41 146234717
Carlos Mendes;+41 074156065
Carlos Gonçalves;+32 734957575
Catarina Gonçalves;+39 258748095
Catarina Martins;+49 703491702
Carlos Martins;+44 911484402
Catarina Gomes;+43 476357269
Catarina Gonçalves;+43 861246149
Carlos Alves;+44 243831962
Carlos Ferreira;+351 024341385
Carlos Silva;+49 635374313
Carlos Martins;+39 733396074
Catarina Santos;+351 584204926
Carlos Martins;+43 417399092
Catarina Santos;+351 714694440
Catarina Gomes;+33 509311725
