Rui Santos;+41 796170071
Ricardo Mendes;+41 674629559
Ricardo Gonçalves;+39 578172331
Ricardo Gonçalves;+44 078944000
Ricardo Martins;+41 783868551
Ricardo Mendes;+39 923171872
Ricardo Martins;+44 767608055
Rui Ferreira;+44 605550656
Rui Pereira;+39 114083205
Rui Santos;+39 850101282
Rui Martins;+49 669309995
Ricardo Silva;+49 148801617
Rui Fernandes;+41 841061365
Rui Silva;+43 469601037
Ricardo Alves;+44 684768054
Ricardo Martins;+49 997243653
Rui Gonçalves;+49 279616270
Rui Pereira;+39 843338631
Rui Ferreira;+33 660074299
Ricardo Pereira;+33 522570486
Rui Ferreira;+41 968580037
Ricardo Fernandes;+351 577802537
Rui Gomes;+351 965933656
Rui Ferreira;+39 537129112
Rui Santos;+39 350445024
Rui Martins;+32 219214499
Ricardo Fernandes;+44 232557567
Ricardo Santos;+33 307338420
Rui Fernandes;+49 031523512
Rui Mendes;+44 407534627
Rui Fernandes;+49 689401122
Ricardo Martins;+41 577639864
Ricardo Martins;+41 717469313
Ricardo Pereira;+44 703274108
Ricardo Silva;+41 387785000
Ricardo Alves;+44 603089073
Ricardo Silva;+44 600596043
Rui Fernandes;+351 499063260
Ricardo Ferreira;+33 256136253
Rui Mendes;+43 408032233
Ricardo Gonçalves;+41 297016998
Rui Ferreira;+33 528137308
Ricardo Alves;+44 827788285
Rui Alves;+49 416870547
Ricardo Mendes;+41 698958758
Ricardo Silva;+43 948058896
Ricardo Martins;+39 294628978
Ricardo Martins;+41 469225823
Rui Alves;+49 161012909
Rui Gonçalves;+49 995530825
Rui Alves;+39 693841163
Rui Mendes;+33 682888863
Ricardo Mendes;+41 042064063
Rui Pereira;+43 623130021
Ricardo Silva;+39 764590633
Rui Gomes;+351 129270329
Ricardo Santos;+43 695747451
Rui Ferreira;+351 156334681
Ricardo Fernandes;+32 763837420
Ricardo Gonçalves;+33 162954282
Ricardo Gomes;+39 548006453
Rui Mendes;+32 376436520
Rui Fernandes;+351 406965361
Ricardo Santos;+39 275920785
Ricardo Santos;+33 051793164
Rui Pereira;+33 219634705
Rui Santos;+43 207867916
Rui Fernandes;+44 628473571
Rui Pereira;+43 983382912
Rui Gonçalves;+33 081343722
Ricardo Pereira;+351 309667423
Rui Fernandes;+43 318731370
Rui Martins;+43 956760979
Ricardo Martins;+33 077403167
Rui Alves;+39 285431126
Rui Alves;+41 907762564
Ricardo Santos;+41 255714274
Rui Gonçalves;+49 906622627
Rui Mendes;+39 370616873
Ricardo Mendes;+39 404255376
Ricardo Gonçalves;+351 904673847
Ricardo Alves;+41 743886959
Rui Gonçalves;+32 843763179
Ricardo Alves;+33 775003021
Ricardo Gomes;+39 708383513
Rui Gomes;+33 387253866
Rui Alves;+33 790103994
Ricardo Ferreira;+33 534943211
Ricardo Fernandes;+351 171443771
Rui Mendes;+33 625682260
Ricardo Silva;+43 297095810
Ricardo Ferreira;+44 817765543
Rui Martins;+351 240505938
Ricardo Martins;+43 387804486
Rui Santos;+43 043714615
Rui Santos;+43 453320142
Rui Martins;+49 125956834
Ricardo Pereira;+44 420928385
Rui Silva;+32 047231026
Ricardo Santos;+41 008121921
