Ana Silva;+49 940825598
Ana Ferreira;+43 708386109
Ana Martins;+32 710886504
Ana Gomes;+32 945407615
Ana Alves;+33 366077036
Ana Silva;+33 934191949
Ana Santos;+39 524790332
Ana Gonçalves;+32 722914557
Ana Gomes;+351 913403067
Ana Pereira;+49 844516026
Ana Silva;+41 947957439
Ana Gonçalves;+351 961264834
Ana Pereira;+351 663622209
Ana Gomes;+43 313786284
Ana Mendes;+41 200874126
Ana Ferreira;+49 595615254
Ana Santos;+33 359251593
Ana Gomes;+33 027178720
Ana Gomes;+33 703405390
Ana Santos;+33 511677321
Ana Silva;+32 271112245
Ana Alves;+39 896165621
Ana Gomes;+49 527864186
Ana Fernandes;+43 844225664
Ana Martins;+351 728265392
Ana Alves;+32 888979019
Ana Alves;+49 999703655
Ana Santos;+41 988856759
Ana Alves;+41 879070302
Ana Alves;+33 946100865
Ana Fernandes;+41 208284729
Ana Alves;+41 396857166
Ana Santos;+351 464436260
Ana Silva;+33 702903501
Ana Fernandes;+39 832091623
Ana Santos;+41 940030351
Ana Martins;+33 405330905
Ana Alves;+32 782129188
Ana Gomes;+351 248520596
Ana Pereira;+43 725881211
Ana Gonçalves;+33 677212147
Ana Fernandes;+49 953098682
Ana Santos;+41 665810591
Ana Silva;+33 083753848
Ana Fernandes;+49 372386820
Ana Alves;+43 875949836
Ana Fernandes;+33 258538663
Ana Gonçalves;+33 356704948
Ana Fernandes;+33 423366251
Ana Fernandes;+49 201823605
Ana Silva;+32 452190744
Ana Fernandes;+39 846594046
Ana Gomes;+44 488348481
Ana Santos;+41 084944573
Ana Martins;+49 019801268
Ana Silva;+41 638046686
Ana Santos;+44 075785093
Ana Santos;+32 429940152
Ana Santos;+43 027242281
Ana Alves;+41 389976062
Ana Gomes;+44 794914849
Ana Gomes;+39 626969620
Ana Martins;+49 098387783
Ana Gonçalves;+33 822849379
Ana Alves;+44 424410364
Ana Pereira;+39 044092304
Ana Alves;+44 435052541
Ana Mendes;+39 324239080
Ana Alves;+351 218424340
Ana Fernandes;+33 408503309
Ana Santos;+33 346306337
Ana Santos;+351 693410364
Ana Gonçalves;+351 347614356
Ana Mendes;+43 659147456
Ana Martins;+39 580856823
Ana Pereira;+39 378120569
Ana Pereira;+32 293989308
Ana Fernandes;+351 916338613
Ana Martins;+351 799384020
Ana Fernandes;+41 792268639
Ana Martins;+44 652794098
Ana Fernandes;+33 494353033
Ana Silva;+44 802232287
Ana Martins;+33 475405189
Ana Santos;+43 757781512
Ana Mendes;+351 372629232
Ana Fernandes;+44 820744638
Ana Alves;+43 700843038
Ana Alves;+32 342226456
Ana Santos;+351 373623763
Ana Gonçalves;+33 536866568
Ana Mendes;+43 536399861
Ana Alves;+44 472247448
Ana Martins;+32 993025060
Ana Ferreira;+43 246347629
Ana Santos;+43 560997821
Ana Alves;+351 388617954
Ana Pereira;+351 414779464
Ana Alves;+41 770104658
Ana Ferreira;+44 277936418
