Carlos Alves;+44 651609460
Catarina Santos;+33 113010366
Catarina Fernandes;+351 745686817
Carlos Fernandes;+43 370572186
Carlos Pereira;+41 778553376
Catarina Gomes;+32 836237204
Carlos Alves;+49 011138410
Carlos Gonçalves;+39 587846043
Catarina Ferreira;+33 426475054
Catarina Gonçalves;+41 764134981
Catarina Fernandes;+49 257692378
Carlos Alves;+44 340901204
Carlos Santos;+33 228593086
Carlos Martins;+33 226094375
Catarina Fernandes;+44 876778254
Catarina Silva;+32 197733053
Catarina Santos;+44 128057226
Carlos Mendes;+351 948958856
Catarina Gonçalves;+39 411250574
Carlos Mendes;+44 628477743
Catarina Gonçalves;+41 860128779
Carlos Silva;+49 244062031
Catarina Santos;+49 033669424
Catarina Pereira;+44 335887556
Catarina Fernandes;+49 683411725
Catarina Gomes;+44 424191075
Catarina Gonçalves;+44 793112473
Carlos Silva;+41 027415145
Catarina Gonçalves;+41 874880476
Carlos Ferreira;+43 972261852
Catarina Gonçalves;+43 230184038
Carlos Ferreira;+351 961217952
Catarina Ferreira;+44 549640711
Carlos Gonçalves;+39 329232215
Catarina Gonçalves;+32 463672098
Carlos Fernandes;+33 879890176
Catarina Gomes;+41 763553623
Catarina Martins;+33 279933636
Catarina Silva;+351 863360576
Carlos Fernandes;+43 774600567
Carlos Santos;+32 218167975
Carlos Alves;+41 252484262
Carlos Fernandes;+39 371087307
Catarina Pereira;+49 227768719
Catarina Santos;+39 438940357
Catarina Mendes;+33 939098245
Carlos Silva;+39 832042900
Carlos Santos;+43 886032524
Carlos Silva;+351 005499088
Catarina Ferreira;+41 727075461
Carlos Martins;+43 105252715
Catarina Alves;+41 519089585
Catarina Gonçalves;+351 392861028
Catarina Ferreira;+32 719929730
Carlos Alves;+49 491889618
Carlos Santos;+41 840851956
Carlos Silva;+351 524270811
Catarina Alves;+41 676513565
Carlos Ferreira;+49 597504945
Carlos Alves;+32 320312565
Carlos Gonçalves;+32 939280535
Carlos Pereira;+351 171803312
Catarina Fernandes;+39 040665996
Carlos Ferreira;+44 896217731
Catarina Pereira;+43 517924929
Carlos Pereira;+32 344288348
Carlos Mendes;+33 200345190
Catarina Santos;+351 499460954
Catarina Ferreira;+49 019578881
Carlos Silva;+49 346126083
Carlos Ferreira;+351 228020330
Catarina Alves;+39 721057612
Carlos Martins;+41 591753287
Carlos Pereira;+44 908114684
Carlos Santos;+49 929250887
Catarina Alves;+49 138965430
Carlos Fernandes;+41 039525611
Catarina Santos;+44 694402125
Carlos Fernandes;+39 411957423
Carlos Alves;+41 481320087
Catarina Alves;+39 853429102
Catarina Gonçalves;+351 311467925
Catarina Gonçalves;+39 695568164
Carlos Alves;+44 873733647
Carlos Ferreira;+33 137741275
Carlos Alves;+32 159518314
Catarina Gomes;+351 678276297
Carlos Pereira;+33 256189221
Carlos Silva;+33 415133268
Carlos Mendes;+33 475427968
Catarina Alves;+39 614344153
Catarina Fernandes;+33 736159739
Catarina Pereira;+39 974811276
Catarina Alves;+44 446714353
Catarina Alves;+43 732128006
Carlos Fernandes;+49 791215080
Carlos Gomes;+33 675786067
Carlos Santos;+39 008451312
Catarina Alves;+32 529052820
Catarina Gonçalves;+43 302102780
