Ana Fernandes;+351 603269036
Ana Martins;+49 346605552
Ana Fernandes;+44 239998155
Ana Gomes;+32 451064775
Ana Pereira;+351 968324482
Ana Silva;+41 479518570
Ana Silva;+43 184208040
Ana Fernandes;+49 807209239
Ana Mendes;+43 093806992
Ana Mendes;+49 007718739
Ana Pereira;+33 722043995
Ana Mendes;+49 981383547
Ana Martins;+39 990996646
Ana Mendes;+351 538762314
Ana Gonçalves;+43 699346342
Ana Gonçalves;+44 050735852
Ana Silva;+33 943798583
Ana Santos;+33 904675275
Ana Martins;+44 095114468
Ana Mendes;+43 317095347
Ana Gonçalves;+33 202664077
Ana Santos;+33 460405892
Ana Fernandes;+49 663250480
Ana Ferreira;+43 470097101
Ana Pereira;+33 212250758
Ana Pereira;+49 364379005
Ana Pereira;+33 819370503
Ana Ferreira;+44 120732942
Ana Santos;+33 677502205
Ana Santos;+44 965215025
Ana Mendes;+39 293587902
Ana Ferreira;+49 053773814
Ana Martins;+351 207767697
Ana Mendes;+43 739885460
Ana Silva;+44 705685103
Ana Alves;+49 046605154
Ana Santos;+351 576065439
Ana Fernandes;+33 029727635
Ana Santos;+351 809610326
Ana Mendes;+49 102207678
Ana Alves;+33 447411229
Ana Gomes;+33 925839335
Ana Santos;+43 731631855
Ana Fernandes;+32 341269797
Ana Alves;+33 864019933
Ana Santos;+44 896609786
Ana Martins;+44 315506229
Ana Gomes;+43 872848882
Ana Martins;+351 798057532
Ana Santos;+43 182188899
Ana Mendes;+49 480229668
Ana Martins;+43 336778349
Ana Mendes;+44 226133571
Ana Martins;+39 360470868
Ana Martins;+33 152573819
Ana Fernandes;+44 193095810
Ana Gomes;+351 294453060
Ana Gonçalves;+351 036776062
Ana Ferreira;+33 259344730
Ana Santos;+44 309361667
Ana Silva;+43 939262928
Ana Silva;+41 758183454
Ana Gonçalves;+41 117510361
Ana Alves;+49 434337434
Ana Ferreira;+49 637562625
Ana Pereira;+43 527743403
Ana Silva;+49 502826236
Ana Gonçalves;+33 888325275
Ana Fernandes;+32 534985926
Ana Pereira;+41 035819487
Ana Martins;+32 719688010
Ana Gonçalves;+43 270798065
Ana Ferreira;+32 861104486
Ana Santos;+41 973922850
Ana Pereira;+351 534631866
Ana Alves;+49 352613310
Ana Alves;+49 745356697
Ana Pereira;+32 875433249
Ana Silva;+33 656701929
Ana Gomes;+33 891916794
Ana Silva;+49 686990183
Ana Silva;+49 411717796
Ana Fernandes;+49 538519032
Ana Alves;+33 041629460
Ana Gomes;+32 001383764
Ana Pereira;+351 363927831
Ana Martins;+43 470048539
Ana Gomes;+32 567579128
Ana Pereira;+43 688298945
Ana Silva;+41 953811500
Ana Gomes;+41 233958701
Ana Fernandes;+33 891188912
Ana Mendes;+43 048109186
Ana Silva;+49 423326569
Ana Gonçalves;+43 432692845
Ana Ferreira;+33 637439948
Ana Pereira;+33 822531506
Ana Mendes;+41 147036134
Ana Mendes;+43 895636007
Ana Gomes;+49 948600808
