Rui Gonçalves;+44 666417939
Rui Gomes;+32 338911417
Ricardo Martins;+351 739080365
Ricardo Silva;+33 097885863
Rui Pereira;+43 042829029
Ricardo Mendes;+44 104497430
Rui Mendes;+33 365252779
Rui Alves;+41 634551648
Ricardo Santos;+44 402521622
Rui Pereira;+39 019846353
Ricardo Alves;+33 781161629
Rui Alves;+32 361640000
Ricardo Santos;+33 538606178
Ricardo Gomes;+49 116855203
Ricardo Gomes;+44 787712764
Rui Gomes;+43 275638591
Ricardo Silva;+39 204267194
Ricardo Pereira;+33 330417006
Ricardo Silva;+44 214893799
Rui Gomes;+32 562610256
Rui Santos;+49 904613557
Rui Alves;+32 374520018
Ricardo Santos;+33 998159677
Rui Martins;+33 043715799
Rui Gonçalves;+43 474645789
Rui Gonçalves;+41 386012163
Rui Fernandes;+351 629249087
Rui Gomes;+41 903276605
Rui Pereira;+41 203231086
Rui Fernandes;+351 422149653
Ricardo Mendes;+41 500058744
Rui Silva;+32 775877055
Ricardo Santos;+44 972642139
Rui Ferreira;+33 761475399
Rui Gomes;+39 782693796
Ricardo Silva;+39 415416240
Ricardo Alves;+39 137854703
Ricardo Silva;+33 095870744
Rui Pereira;+33 979053468
Rui Fernandes;+351 815790606
Ricardo Pereira;+351 904070442
Rui Gomes;+351 434165995
Rui Santos;+43 918854317
Rui Alves;+39 228912475
Ricardo Gomes;+351 223496898
Ricardo Alves;+32 984733396
Ricardo Gomes;+41 169182130
Ricardo Gonçalves;+44 575337721
Rui Silva;+39 876207135
Rui Pereira;+49 133663457
Ricardo Ferreira;+41 361480111
Rui Alves;+39 052299540
Ricardo Fernandes;+49 262952324
Ricardo Santos;+33 913674056
Rui Ferreira;+43 599170224
Ricardo Santos;+351 901379739
Ricardo Gomes;+49 760191588
Ricardo Fernandes;+43 100830343
Rui Alves;+351 591164435
Ricardo Gomes;+39 114295299
Ricardo Pereira;+39 184390671
Rui Fernandes;+39 090736972
Rui Pereira;+32 876279418
Rui Gonçalves;+44 605485709
Rui Gonçalves;+351 391222815
Ricardo Gomes;+33 945827550
Ricardo Martins;+32 702192629
Rui Ferreira;+39 471156271
Rui Fernandes;+44 162421916
Rui Santos;+41 339821009
Rui Silva;+32 100805359
Ricardo Mendes;+32 688224823
Ricardo Fernandes;+32 236450321
Ricardo Santos;+41 025588675
Ricardo Martins;+39 683975193
Ricardo Martins;+39 147808994
Ricardo Pereira;+44 965968847
Rui Pereira;+351 442533849
Rui Gonçalves;+49 942633997
Ricardo Fernandes;+32 468287636
Ricardo Gonçalves;+41 693933473
Rui Fernandes;+32 802204276
Ricardo Martins;+351 286879967
Rui Mendes;+351 792504613
Rui Ferreira;+43 663621505
Rui Gomes;+32 678748875
Ricardo Santos;+39 004196317
Rui Martins;+32 194542324
Ricardo Silva;+44 823420013
Ricardo Mendes;+43 535082181
Ricardo Martins;+41 672638664
Rui Gonçalves;+49 735744282
Rui Gonçalves;+32 850324533
Rui Santos;+32 394764351
Ricardo Fernandes;+33 200257262
Ricardo Gomes;+44 350439855
Rui Gomes;+49 407206797
Rui Silva;+49 160450768
Ricardo Gonçalves;+33 928595901
Ricardo Silva;+41 441297175
