Ana Silva;+43 719968718
Ana Mendes;+49 621708600
Ana Ferreira;+43 545184925
Ana Mendes;+351 585059604
Ana Gonçalves;+351 140715007
Ana Gonçalves;+351 567869792
Ana Ferreira;+351 558318602
Ana Alves;+49 852597407
Ana Santos;+43 339913894
Ana Gonçalves;+32 218194598
Ana Ferreira;+41 077165099
Ana Fernandes;+44 177646535
Ana Martins;+39 740157348
Ana Martins;+44 836252738
Ana Pereira;+44 726031087
Ana Ferreira;+32 350974079
Ana Pereira;+351 569018584
Ana Ferreira;+32 213639825
Ana Silva;+351 001595973
Ana Silva;+49 227916995
Ana Silva;+44 395015448
Ana Fernandes;+41 265577408
Ana Mendes;+43 419361844
Ana Santos;+44 146779159
Ana Ferreira;+49 615017271
Ana Gomes;+44 952678612
Ana Gonçalves;+43 861337545
Ana Martins;+49 896165431
Ana Pereira;+44 146714172
Ana Gomes;+41 757487320
Ana Alves;+49 717385851
Ana Alves;+32 151620417
Ana Ferreira;+32 452410992
Ana Mendes;+43 478846639
Ana Gonçalves;+41 994515084
Ana Silva;+43 439012161
Ana Mendes;+43 128400663
Ana Gomes;+49 254419302
Ana Pereira;+49 929386798
Ana Martins;+351 325529468
Ana Ferreira;+44 738512134
Ana Ferreira;+351 767695775
Ana Alves;+44 532038390
Ana Gonçalves;+41 883958321
Ana Gomes;+39 497431498
Ana Alves;+41 175950065
Ana Gomes;+33 049182145
Ana Gonçalves;+49 003704279
Ana Alves;+32 730413804
Ana Martins;+44 360672565
Ana Gomes;+49 666006693
Ana Ferreira;+39 264289634
Ana Fernandes;+44 418148025
Ana Ferreira;+32 232120073
Ana Santos;+33 687818227
Ana Mendes;+41 177715399
Ana Santos;+32 562605608
Ana Silva;+49 542525650
Ana Alves;+43 101694058
Ana Martins;+351 558799590
Ana Gomes;+43 185854894
Ana Fernandes;+44 145083600
Ana Martins;+39 839176556
Ana Ferreira;+351 737163159
Ana Alves;+41 852737951
Ana Fernandes;+39 371858853
Ana Mendes;+49 518749365
Ana Fernandes;+49 926029551
Ana Alves;+41 833756335
Ana Pereira;+39 931287148
Ana Gonçalves;+33 346849532
Ana Ferreira;+43 380963190
Ana Mendes;+39 585808048
Ana Alves;+351 819118820
Ana Silva;+351 190870056
Ana Gonçalves;+49 245221970
Ana Gonçalves;+41 717988124
Ana Pereira;+49 236736631
Ana Fernandes;+49 140738074
Ana Fernandes;+32 886880408
Ana Fernandes;+33 291335053
Ana Gomes;+43 601040133
Ana Ferreira;+44 685286993
Ana Gonçalves;+39 548890360
Ana Alves;+32 155247384
Ana Santos;+39 785958678
Ana Pereira;+351 417232513
Ana Silva;+44 738659937
Ana Martins;+39 273675998
Ana Alves;+49 690090338
Ana Santos;+33 394046938
Ana Gomes;+49 011702248
Ana Silva;+351 246813716
Ana Pereira;+41 949539276
Ana Santos;+33 471094764
Ana Mendes;+41 019729159
Ana Ferreira;+39 384585398
Ana Ferreira;+351 669078437
Ana Gomes;+41 187140644
Ana Ferreira;+41 563183069
