Ana Gomes;+32 144269491
Ana Fernandes;+41 202208023
Ana Gonçalves;+32 872368248
Ana Mendes;+39 829963699
Ana Martins;+351 642032609
Ana Santos;+39 883771653
Ana Pereira;+49 707853340
Ana Alves;+33 116375995
Ana Ferreira;+49 253799480
Ana Fernandes;+49 801700802
Ana Martins;+43 197743911
Ana Pereira;+49 345856018
Ana Alves;+49 204718517
Ana Martins;+32 450494712
Ana Gomes;+41 844113605
Ana Gomes;+41 899426604
Ana Mendes;+41 400027234
Ana Ferreira;+39 971998829
Ana Mendes;+43 060029190
Ana Silva;+39 405277494
Ana Fernandes;+43 714829064
Ana Silva;+43 628281511
Ana Alves;+32 638383128
Ana Ferreira;+32 184023885
Ana Silva;+44 445720389
Ana Fernandes;+33 203562450
Ana Mendes;+41 778641807
Ana Gomes;+49 363232371
Ana Gomes;+44 603819949
Ana Martins;+351 850724234
Ana Pereira;+49 273758775
Ana Gonçalves;+33 620168979
Ana Alves;+33 324736400
Ana Pereira;+43 356684294
Ana Alves;+33 266820516
Ana Pereira;+351 276581502
Ana Ferreira;+43 189950470
Ana Ferreira;+41 200789233
Ana Gomes;+39 707397525
Ana Ferreira;+39 767195132
Ana Ferreira;+43 471803315
Ana Silva;+33 526187523
Ana Pereira;+39 267853272
Ana Gomes;+39 745780969
Ana Santos;+351 000196159
Ana Fernandes;+32 763489122
Ana Silva;+41 902443541
Ana Alves;+41 395825945
Ana Gomes;+32 009955404
Ana Mendes;+32 318768352
Ana Gomes;+43 073665773
Ana Fernandes;+41 249755362
Ana Silva;+33 408291427
Ana Silva;+351 998746309
Ana Santos;+43 385597840
Ana Alves;+44 382629354
Ana Gonçalves;+32 399998510
Ana Santos;+43 574304657
Ana Martins;+33 234475793
Ana Gonçalves;+39 424754550
Ana Gomes;+39 013900279
Ana Santos;+351 918739105
Ana Silva;+43 650527665
Ana Gomes;+43 461064300
Ana Pereira;+32 482649544
Ana Santos;+39 142428886
Ana Santos;+43 943756473
Ana Santos;+351 773509020
Ana Silva;+33 088368907
Ana Gomes;+43 178142915
Ana Fernandes;+39 246277022
Ana Silva;+41 631957514
Ana Silva;+39 729027904
Ana Santos;+33 252106458
Ana Martins;+44 410693179
Ana Martins;+351 429554267
Ana Alves;+39 443239586
Ana Alves;+44 343199666
Ana Fernandes;+43 206629153
Ana Silva;+39 020689291
Ana Fernandes;+39 847981563
Ana Alves;+43 922481130
Ana Martins;+33 162002791
Ana Fernandes;+49 447213079
Ana Silva;+351 980188779
Ana Gomes;+43 302984282
Ana Pereira;+33 451956908
Ana Gonçalves;+41 268176937
Ana Martins;+32 432270022
Ana Silva;+351 853787506
Ana Fernandes;+32 226947068
Ana Gomes;+39 915846982
Ana Silva;+32 314373031
Ana Santos;+41 833510041
Ana Martins;+351 965858631
Ana Ferreira;+351 471352080
Ana Alves;+32 310306431
Ana Fernandes;+32 846342919
Ana Mendes;+33 639852215
Ana Gonçalves;+33 070551336
