Rui Mendes;+43 361723855
Rui Gonçalves;+351 952372761
Ricardo Martins;+351 984197505
Ricardo Ferreira;+44 935685258
Rui Santos;+33 878020390
Rui Pereira;+44 243840679
Rui Fernandes;+44 086989774
Ricardo Ferreira;+32 109508197
Ricardo Silva;+49 324209399
Rui Gonçalves;+49 981492073
Ricardo Gomes;+39 839572069
Ricardo Fernandes;+41 116021445
Rui Mendes;+44 165778227
Rui Silva;+43 691084569
Ricardo Alves;+351 155848649
Rui Silva;+41 467033530
Rui Fernandes;+41 963225476
Rui Silva;+32 263791641
Ricardo Santos;+43 644992413
Ricardo Silva;+33 021084375
Rui Mendes;+41 027491483
Ricardo Alves;+32 770145286
Rui Ferreira;+44 840556874
Rui Mendes;+33 193775779
Ricardo Gonçalves;+32 334743965
Rui Gomes;+351 192081370
Rui Santos;+41 088994661
Ricardo Alves;+32 231532159
Ricardo Ferreira;+32 532184414
Rui Silva;+49 894500981
Rui Gonçalves;+39 976106572
Rui Mendes;+44 105869464
Ricardo Fernandes;+351 366834389
Rui Gonçalves;+43 427031511
Rui Mendes;+44 665031353
Ricardo Martins;+44 633881922
Rui Santos;+43 478219281
Ricardo Gomes;+39 783587261
Ricardo Gonçalves;+41 940284890
Rui Silva;+39 432263826
Ricardo Ferreira;+32 579726147
Ricardo Santos;+32 552762662
Rui Mendes;+39 730683268
Rui Fernandes;+33 832078825
Ricardo Fernandes;+39 215876047
Rui Ferreira;+39 486765555
Ricardo Santos;+351 784277010
Rui Gonçalves;+41 475988259
Rui Santos;+32 465625751
Rui Santos;+49 268498056
Ricardo Martins;+43 428611777
Ricardo Ferreira;+32 377148264
Ricardo Gonçalves;+33 674462806
Rui Fernandes;+44 797203515
Ricardo Gomes;+44 357471378
Rui Pereira;+44 664513732
Rui Gomes;+49 112322823
Ricardo Gomes;+351 918130368
Ricardo Silva;+49 472777778
Rui Gomes;+32 151926505
Ricardo Silva;+43 655663126
Rui Gomes;+351 791261434
Rui Gomes;+44 137138812
Ricardo Ferreira;+49 293849196
Rui Mendes;+43 220264041
Ricardo Martins;+49 436351362
Ricardo Pereira;+39 932442529
Rui Mendes;+49 035304922
Rui Gomes;+43 505383510
Ricardo Martins;+41 189148827
Ricardo Mendes;+41 420117347
Rui Silva;+49 485698407
Ricardo Ferreira;+49 985377244
Rui Fernandes;+351 924701298
Ricardo Fernandes;+49 724702563
Ricardo Alves;+43 846392517
Ricardo Alves;+33 168014588
Rui Santos;+351 464815882
Rui Silva;+39 121179869
Ricardo Ferreira;+49 303730945
Ricardo Santos;+49 631347292
Rui Silva;+41 048666511
Ricardo Silva;+32 452977465
Ricardo Pereira;+44 228369429
Rui Silva;+39 942863254
Rui Ferreira;+32 792457935
Ricardo Alves;+39 493181602
Rui Gomes;+351 034442583
Ricardo Alves;+49 353113634
Ricardo Ferreira;+33 232507919
Rui Alves;+32 221189118
Ricardo Gonçalves;+43 185796357
Rui Gomes;+49 813028438
Ricardo Ferreira;+44 503101109
Ricardo Gomes;+39 409992354
Ricardo Santos;+33 314228093
Ricardo Silva;+351 160078836
Rui Gomes;+33 342240475
Rui Gomes;+32 913821954
Ricardo Fernandes;+39 093755504
