Sofia Martins;+43 055471481
Sofia Gonçalves;+39 137256117
Sofia Alves;+44 642015682
Sofia Martins;+43 272659105
Sofia Silva;+351 113828214
Sofia Alves;+49 421150708
Sofia Fernandes;+351 914009445
Sofia Pereira;+43 845258844
Sofia Gonçalves;+44 859795903
Sofia Gonçalves;+49 321589396
Sofia Gonçalves;+43 751499020
Sofia Silva;+39 008615513
Sofia Santos;+351 930420898
Sofia Gomes;+43 223808942
Sofia Alves;+351 063648990
Sofia Pereira;+49 263653485
Sofia Santos;+44 750128553
Sofia Pereira;+43 883862237
Sofia Alves;+43 005958576
Sofia Mendes;+41 903774233
Sofia Mendes;+33 252142484
Sofia Mendes;+44 608232443
Sofia Martins;+41 148064730
Sofia Gonçalves;+39 146368976
Sofia Ferreira;+43 961374022
Sofia Santos;+43 835018170
Sofia Silva;+49 740256853
Sofia Ferreira;+33 193717832
Sofia Gomes;+32 683557515
Sofia Alves;+351 483120685
Sofia Alves;+43 724927613
Sofia Ferreira;+43 888466534
Sofia Ferreira;+32 592373993
Sofia Pereira;+44 081426036
Sofia Martins;+33 889661507
Sofia Pereira;+43 849715935
Sofia Gomes;+43 894420483
Sofia Santos;+33 012576646
Sofia Fernandes;+33 986525453
Sofia Silva;+43 635839951
Sofia Martins;+39 903118262
Sofia Silva;+41 151001848
Sofia Fernandes;+41 623672002
Sofia Fernandes;+44 600390057
Sofia Silva;+41 961295492
Sofia Gonçalves;+351 674865926
Sofia Gonçalves;+351 892752957
Sofia Gomes;+33 957483431
Sofia Alves;+43 456639268
Sofia Santos;+351 947330903
Sofia Alves;+43 900493296
Sofia Santos;+33 597946794
Sofia Santos;+33 676126190
Sofia Santos;+44 771871914
Sofia Gomes;+44 482230572
Sofia Pereira;+41 869552244
Sofia Mendes;+351 752480189
Sofia Pereira;+49 817101564
Sofia Alves;+44 846565018
Sofia Alves;+33 268004946
Sofia Santos;+41 127456086
Sofia Martins;+32 782659974
Sofia Alves;+39 193151116
Sofia Alves;+33 633200753
Sofia Martins;+41 765297427
Sofia Ferreira;+351 024626228
Sofia Gomes;+32 937805410
Sofia Martins;+33 665367022
Sofia Ferreira;+49 828658649
Sofia Silva;+41 769381434
Sofia Mendes;+39 391835179
Sofia Gomes;+33 730403248
Sofia Santos;+351 991313761
Sofia Gonçalves;+44 368272305
Sofia Ferreira;+39 740683698
Sofia Silva;+33 270165483
Sofia Mendes;+351 108969171
Sofia Gonçalves;+351 428377807
Sofia Santos;+351 180229124
Sofia Pereira;+49 022205228
Sofia Gomes;+44 023706654
Sofia Silva;+44 799464675
Sofia Martins;+32 012747305
Sofia Mendes;+32 264144127
Sofia Alves;+39 506234485
Sofia Martins;+43 423870859
Sofia Martins;+43 144660656
Sofia Silva;+49 788135304
Sofia Martins;+39 875344362
Sofia Gonçalves;+43 185209180
Sofia Martins;+49 245142182
Sofia Pereira;+49 683528416
Sofia Pereira;+351 934279312
Sofia Ferreira;+41 601938959
Sofia Fernandes;+49 291923061
Sofia Silva;+49 122250283
Sofia Ferreira;+49 309639077
Sofia Pereira;+49 926038318
Sofia Gomes;+33 656822260
Sofia Mendes;+49 696419797
