Catarina Fernandes;+32 329204469
Carlos Santos;+44 358445711
Catarina Mendes;+351 615938583
Carlos Santos;+351 552867877
Catarina Fernandes;+32 227235543
Catarina Santos;+49 781888297
Carlos Silva;+44 960740281
Catarina Ferreira;+43 320381190
Carlos Fernandes;+39 468403560
Catarina Ferreira;+44 085818283
Catarina Silva;+33 412814826
Catarina Mendes;+32 038699946
Carlos Ferreira;+49 174984946
Carlos Ferreira;+43 286878088
Carlos Silva;+33 458091550
Carlos Silva;+49 838145715
Carlos Gonçalves;+351 832202446
Catarina Santos;+49 300850084
Carlos Santos;+41 098837283
Carlos Gonçalves;+44 704175307
Catarina Gonçalves;+49 240324650
Catarina Pereira;+41 297229602
Carlos Mendes;+43 445399905
Carlos Silva;+41 804242391
Carlos Pereira;+33 784217565
Catarina Santos;+32 195514692
Carlos Alves;+43 420250378
Carlos Santos;+41 409777774
Catarina Pereira;+41 648672012
Carlos Gonçalves;+33 131949216
Carlos Mendes;+41 158807693
Carlos Martins;+49 075608796
Catarina Silva;+39 308468263
Catarina Ferreira;+39 952075471
Carlos Fernandes;+351 043589997
Carlos Mendes;+43 686070126
Carlos Mendes;+33 305484013
Catarina Mendes;+44 477674393
Catarina Santos;+44 767849827
Catarina Silva;+32 424876916
Catarina Ferreira;+351 718980122
Catarina Ferreira;+33 209657698
Carlos Mendes;+49 382218339
Catarina Mendes;+43 091907172
Carlos Ferreira;+44 450831756
Catarina Mendes;+33 240679344
Carlos Pereira;+44 598074073
Carlos Pereira;+43 180459697
Carlos Ferreira;+33 367761908
Carlos Santos;+39 298319802
Catarina Pereira;+39 287004888
Catarina Silva;+43 381263302
Carlos Fernandes;+44 855575662
Catarina Gomes;+33 624190408
Catarina Ferreira;+39 972696821
Catarina Pereira;+33 528911994
Carlos Mendes;+351 580849046
Catarina Ferreira;+43 732362728
Catarina Silva;+32 846262235
Catarina Fernandes;+32 016581469
Carlos Gomes;+351 902346803
Carlos Mendes;+49 933585376
Carlos Fernandes;+39 222720679
Catarina Mendes;+49 771556750
Carlos Fernandes;+32 863495513
Carlos Martins;+33 587148462
Carlos Martins;+41 559189426
Catarina Gonçalves;+32 335644728
Catarina Gonçalves;+41 368158672
Catarina Gomes;+39 579515370
Catarina Pereira;+39 242570253
Carlos Silva;+44 304645690
Catarina Fernandes;+43 432147996
Catarina Pereira;+41 459932432
Catarina Gomes;+33 809946563
Catarina Silva;+44 106789929
Carlos Gomes;+351 868850280
Carlos Pereira;+33 748150849
Carlos Mendes;+44 310948583
Catarina Fernandes;+41 249456856
Carlos Ferreira;+49 736358706
Carlos Alves;+351 286395538
Carlos Silva;+351 392024757
Carlos Santos;+39 244647518
Catarina Gonçalves;+33 247384251
Catarina Gomes;+351 923508483
Catarina Gonçalves;+33 409024559
Catarina Fernandes;+44 853971416
Catarina Mendes;+33 578686212
Catarina Ferreira;+49 079883423
Catarina Mendes;+44 764501247
Carlos Alves;+351 122131865
Carlos Martins;+351 763528804
Catarina Santos;+32 914478361
Catarina Santos;+32 279083134
Catarina Silva;+41 045859576
Catarina Mendes;+351 924943700
Carlos Fernandes;+41 583398539
Carlos Gonçalves;+49 384065203
Catarina Silva;+33 629283490
