Catarina Gomes;+32 219227892
Carlos Alves;+33 032211556
Carlos Ferreira;+39 686970602
Carlos Pereira;+351 967812243
Carlos Gonçalves;+49 362072363
Carlos Gonçalves;+41 396382089
Catarina Pereira;+33 593813503
Carlos Fernandes;+351 852306775
Catarina Santos;+39 504879327
Catarina Gomes;+41 030683927
Catarina Pereira;+33 693177943
Carlos Gonçalves;+351 876033237
Catarina Gonçalves;+32 658948573
Catarina Ferreira;+33 621204077
Carlos Martins;+39 298322086
Carlos Silva;+41 701738220
Catarina Gomes;+351 951551021
Catarina Mendes;+49 692724500
Carlos Alves;+41 662033740
Catarina Martins;+39 272797107
Carlos Silva;+351 778915039
Carlos Mendes;+39 381657734
Carlos Fernandes;+41 556043572
Carlos Santos;+351 481360815
Carlos Gonçalves;+33 104939106
Catarina Ferreira;+351 025328590
Carlos Gomes;+33 820893311
Catarina Ferreira;+351 538492576
Carlos Gonçalves;+43 348714813
Carlos Ferreira;+351 933659764
Catarina Mendes;+49 909900548
Carlos Gonçalves;+43 713677407
Carlos Fernandes;+351 833438871
Catarina Alves;+39 479066724
Carlos Gonçalves;+39 507823391
Carlos Gonçalves;+39 235624782
Carlos Martins;+44 137967213
Catarina Alves;+44 116471461
Carlos Alves;+44 059932770
Catarina Fernandes;+39 507743270
Carlos Alves;+32 608423547
Catarina Santos;+32 160508535
Carlos Gonçalves;+39 142786813
Carlos Silva;+32 239691095
Carlos Alves;+33 381550931
Catarina Pereira;+351 657389227
Carlos Alves;+44 902612423
Catarina Santos;+32 812158963
Catarina Fernandes;+43 854170942
Carlos Alves;+49 053549132
Carlos Gomes;+351 793122089
Catarina Fernandes;+32 963223714
Carlos Mendes;+49 212473488
Carlos Pereira;+33 612196838
Carlos Ferreira;+44 814654928
Catarina Fernandes;+33 633755428
Carlos Alves;+49 635160910
Catarina Santos;+39 234121262
Carlos Fernandes;+41 231338463
Catarina Martins;+41 062807462
Catarina Silva;+32 506733295
Catarina Gonçalves;+49 276813018
Catarina Alves;+49 311124353
Catarina Silva;+351 029608349
Catarina Gonçalves;+32 812910835
Carlos Alves;+41 692813648
Carlos Fernandes;+43 806099356
Carlos Gomes;+41 573286028
Carlos Gonçalves;+39 748447198
Catarina Santos;+32 519021714
Catarina Santos;+39 750610202
Carlos Ferreira;+43 614844894
Carlos Gonçalves;+351 675496479
Catarina Pereira;+39 975186953
Carlos Silva;+33 498650664
Catarina Ferreira;+33 584083400
Catarina Gomes;+32 214069584
Catarina Alves;+49 759239151
Catarina Silva;+44 592208540
Catarina Pereira;+44 074478905
Catarina Pereira;+44 316589144
Catarina Santos;+39 079746452
Catarina Alves;+43 487274751
Carlos Fernandes;+351 084165998
Carlos Silva;+43 688199670
Carlos Alves;+43 577354514
Carlos Silva;+44 544147945
Catarina Ferreira;+41 363254597
Carlos Gomes;+43 222324592
Catarina Martins;+351 301015458
Catarina Pereira;+351 404972630
Catarina Mendes;+39 484583942
Carlos Santos;+49 254476531
Carlos Gonçalves;+33 132639112
Catarina Alves;+39 917035982
Carlos Santos;+44 541258266
Catarina Gomes;+351 425313589
Catarina Gomes;+39 367784021
Catarina Fernandes;+43 816198445
Carlos Alves;+351 174079151
