Catarina Martins;+44 570402688
Catarina Fernandes;+32 785422225
Carlos Mendes;+39 842232099
Carlos Martins;+49 776072696
Catarina Gomes;+43 343862800
Carlos Fernandes;+49 270335760
Catarina Santos;+43 763547409
Carlos Silva;+32 715503559
Carlos Santos;+39 366215500
Carlos Silva;+43 209201032
Catarina Ferreira;+43 776630404
Catarina Fernandes;+49 202610979
Catarina Mendes;+33 842882515
Carlos Fernandes;+33 569742194
Catarina Silva;+49 886104576
Carlos Ferreira;+44 588635153
Carlos Santos;+39 990046787
Carlos Mendes;+43 962808976
Catarina Fernandes;+32 575806041
Carlos Silva;+49 771613497
Carlos Ferreira;+43 341435744
Catarina Silva;+33 251156892
Carlos Mendes;+33 442825093
Catarina Silva;+351 551231881
Carlos Martins;+44 118830163
Carlos Fernandes;+43 962450440
Catarina Fernandes;+41 555888270
Catarina Silva;+49 039957655
Catarina Mendes;+351 979511471
Carlos Pereira;+43 183392562
Carlos Pereira;+44 401376196
Catarina Santos;+49 307720170
Catarina Fernandes;+44 779122267
Carlos Ferreira;+49 194721132
Carlos Santos;+32 244090166
Catarina Fernandes;+49 463737349
Catarina Martins;+44 051379987
Catarina Pereira;+41 814914153
Catarina Martins;+39 017233811
Catarina Pereira;+33 047174946
Catarina Alves;+43 228629752
Carlos Martins;+33 819881845
Catarina Fernandes;+32 013181476
Carlos Alves;+44 711432820
Carlos Martins;+43 899721793
Carlos Alves;+39 026840429
Catarina Pereira;+33 216819989
Catarina Mendes;+44 981603849
Carlos Fernandes;+351 532055478
Carlos Mendes;+33 624229791
Carlos Santos;+44 696844282
Catarina Gonçalves;+32 269149232
Catarina Fernandes;+39 040676518
Carlos Fernandes;+39 577599533
Carlos Fernandes;+44 060746143
Carlos Martins;+44 375370875
Catarina Mendes;+41 633820060
Catarina Ferreira;+43 153465856
Carlos Gonçalves;+44 691791985
Catarina Alves;+43 175357319
Catarina Silva;+32 903314054
Catarina Santos;+43 984499247
Catarina Alves;+44 123450279
Carlos Silva;+33 930611378
Carlos Ferreira;+44 209532748
Carlos Gonçalves;+43 462775861
Catarina Silva;+44 874819414
Catarina Gomes;+43 690351265
Catarina Mendes;+43 255472478
Catarina Santos;+351 036273975
Catarina Pereira;+44 275562454
Catarina Mendes;+49 304940753
Catarina Gomes;+43 842688748
Catarina Alves;+41 285426218
Catarina Silva;+351 479364782
Carlos Martins;+33 593806359
Carlos Alves;+44 410374456
Carlos Gomes;+44 877898149
Carlos Martins;+41 219115162
Carlos Santos;+43 723393547
Catarina Alves;+351 121286484
Catarina Silva;+351 672903411
Catarina Ferreira;+351 174440525
Carlos Mendes;+41 988403683
Catarina Mendes;+32 693549958
Catarina Fernandes;+39 034436197
Catarina Pereira;+39 496003753
Carlos Pereira;+44 144648380
Carlos Mendes;+49 534368890
Carlos Pereira;+32 011762592
Carlos Fernandes;+32 408755778
Carlos Gomes;+351 619281357
Carlos Alves;+33 749633133
Catarina Ferreira;+49 426475837
Catarina Gomes;+41 108766348
Carlos Martins;+39 425174026
Carlos Pereira;+39 745164446
Carlos Gomes;+41 747148519
Catarina Mendes;+41 843178596
Catarina Pereira;+44 849661266
