Ana Silva;+44 891412684
Ana Fernandes;+351 683799074
Ana Martins;+44 638093675
Ana Gomes;+43 013852685
Ana Mendes;+43 384074116
Ana Alves;+43 086297273
Ana Silva;+49 686822986
Ana Fernandes;+39 429707587
Ana Gomes;+33 182219013
Ana Pereira;+49 022673567
Ana Ferreira;+43 201648726
Ana Martins;+44 496649876
Ana Gomes;+44 391256596
Ana Ferreira;+32 567551008
Ana Pereira;+39 701797503
Ana Gonçalves;+32 964866801
Ana Santos;+32 591181799
Ana Mendes;+43 941436903
Ana Martins;+49 235540306
Ana Pereira;+41 179148706
Ana Gonçalves;+44 625011650
Ana Silva;+44 707148240
Ana Silva;+41 868942184
Ana Mendes;+41 823142029
Ana Ferreira;+44 215270963
Ana Santos;+351 319558736
Ana Gonçalves;+41 985089091
Ana Santos;+32 677906858
Ana Gomes;+41 691415213
Ana Fernandes;+39 749743328
Ana Ferreira;+33 498021089
Ana Santos;+33 401578126
Ana Gomes;+39 422036695
Ana Ferreira;+41 803320297
Ana Mendes;+32 248416349
Ana Gomes;+39 326491518
Ana Martins;+43 259121677
Ana Pereira;+41 036978460
Ana Silva;+49 541081789
Ana Martins;+43 555691342
Ana Santos;+44 684433224
Ana Martins;+33 963738426
Ana Gomes;+44 988199972
Ana Gomes;+33 418138040
Ana Santos;+41 606207770
Ana Pereira;+44 061271079
Ana Martins;+49 150838645
Ana Martins;+32 397322763
Ana Ferreira;+41 893330265
Ana Alves;+33 999316114
Ana Ferreira;+49 397542153
Ana Silva;+351 812754271
Ana Ferreira;+41 893137844
Ana Fernandes;+351 858479531
Ana Silva;+43 983239341
Ana Martins;+43 091119594
Ana Gomes;+44 719473769
Ana Gonçalves;+351 869728495
Ana Gonçalves;+351 012804529
Ana Gonçalves;+44 520462870
Ana Alves;+43 105046904
Ana Martins;+43 274321601
Ana Silva;+32 562746918
Ana Martins;+41 237612703
Ana Gonçalves;+351 316418349
Ana Pereira;+32 165308256
Ana Fernandes;+49 627719166
Ana Pereira;+33 601057126
Ana Silva;+351 009614645
Ana Gonçalves;+351 769739635
Ana Gomes;+41 917091543
Ana Santos;+39 656711172
Ana Gonçalves;+44 464327963
Ana Silva;+39 358700362
Ana Mendes;+351 672634452
Ana Gonçalves;+41 461149491
Ana Ferreira;+351 765398265
Ana Martins;+49 280692361
Ana Silva;+44 209603471
Ana Fernandes;+49 514897758
Ana Silva;+44 707684825
Ana Gomes;+49 913686703
Ana Alves;+41 777742575
Ana Fernandes;+44 399383900
Ana Fernandes;+32 890166439
Ana Santos;+49 075216798
Ana Martins;+351 862411173
Ana Silva;+33 082074848
Ana Martins;+43 887036953
Ana Martins;+32 615448756
Ana Santos;+41 332888615
Ana Santos;+49 748179790
Ana Mendes;+32 286073233
Ana Martins;+41 787351517
Ana Mendes;+33 739055363
Ana Pereira;+351 152778177
Ana Pereira;+32 267948221
Ana Ferreira;+351 837724883
Ana Ferreira;+32 967855983
Ana Silva;+32 796518776
