Sofia Mendes;+41 283290677
Sofia Alves;+33 919789029
Sofia Mendes;+33 661341306
Sofia Silva;+351 210986652
Sofia Fernandes;+49 399972780
Sofia Gonçalves;+43 429428202
Sofia Gomes;+39 576676904
Sofia Silva;+43 428341080
Sofia Silva;+351 915087228
Sofia Ferreira;+49 784347572
Sofia Gonçalves;+39 178600572
Sofia Santos;+39 979958178
Sofia Gonçalves;+351 675422825
Sofia Martins;+44 507275806
Sofia Silva;+39 002587408
Sofia Santos;+39 742224809
Sofia Pereira;+351 983066137
Sofia Santos;+49 777128615
Sofia Ferreira;+32 893992120
Sofia Alves;+351 748587929
Sofia Gonçalves;+33 259064062
Sofia Gomes;+41 444241418
Sofia Santos;+49 095721449
Sofia Gonçalves;+41 166510340
Sofia Gomes;+41 700817560
Sofia Pereira;+32 153126136
Sofia Silva;+39 011502319
Sofia Mendes;+351 951229295
Sofia Mendes;+351 246119273
Sofia Martins;+33 432439260
Sofia Fernandes;+43 518997581
Sofia Mendes;+351 027721970
Sofia Ferreira;+49 280764787
Sofia Santos;+49 314436839
Sofia Ferreira;+44 659811032
Sofia Silva;+41 237217658
Sofia Martins;+39 941600566
Sofia Martins;+39 614877314
Sofia Alves;+32 895827408
Sofia Martins;+33 260643734
Sofia Santos;+32 417279680
Sofia Mendes;+33 742070508
Sofia Pereira;+41 974923585
Sofia Martins;+44 480636076
Sofia Gomes;+32 093596170
Sofia Martins;+49 383288463
Sofia Martins;+32 503217029
Sofia Mendes;+33 702636466
Sofia Mendes;+43 627665822
Sofia Silva;+49 915100051
Sofia Martins;+39 512180327
Sofia Ferreira;+32 861656347
Sofia Gomes;+41 687361257
Sofia Alves;+44 974775645
Sofia Gonçalves;+41 112674464
Sofia Martins;+32 748176507
Sofia Martins;+49 899028129
Sofia Santos;+43 584512607
Sofia Fernandes;+44 293173658
Sofia Ferreira;+44 690109103
Sofia Santos;+39 999596369
Sofia Mendes;+39 384371854
Sofia Gomes;+351 811545493
Sofia Fernandes;+32 611245077
Sofia Martins;+33 269809832
Sofia Mendes;+32 484651469
Sofia Alves;+33 572334025
Sofia Pereira;+351 841476530
Sofia Fernandes;+44 954665150
Sofia Gomes;+49 431563072
Sofia Gonçalves;+41 108215762
Sofia Ferreira;+49 295023464
Sofia Fernandes;+44 368080900
Sofia Alves;+33 887888882
Sofia Gomes;+43 271714759
Sofia Ferreira;+49 185403433
Sofia Mendes;+44 333944834
Sofia Gonçalves;+32 634023572
Sofia Alves;+351 744814369
Sofia Ferreira;+41 204758247
Sofia Santos;+32 515903854
Sofia Gomes;+39 370161602
Sofia Fernandes;+32 843645240
Sofia Santos;+39 019257127
Sofia Santos;+41 644627701
Sofia Ferreira;+44 728085881
Sofia Fernandes;+351 929574712
Sofia Fernandes;+32 062309061
Sofia Mendes;+49 683891032
Sofia Alves;+41 660265464
Sofia Mendes;+32 504728800
Sofia Martins;+43 303987786
Sofia Pereira;+49 889056694
Sofia Pereira;+351 199253626
Sofia Martins;+44 851039493
Sofia Martins;+41 860332674
Sofia Alves;+43 067696194
Sofia Gomes;+351 952657947
Sofia Pereira;+32 569846957
Sofia Martins;+33 327267226
