Catarina Silva;+49 919312201
Catarina Fernandes;+32 783153451
Catarina Alves;+41 076452375
Catarina Silva;+43 656442330
Catarina Mendes;+49 567812399
Carlos Silva;+43 192162208
Carlos Alves;+33 617987577
Catarina Alves;+44 015285644
Carlos Silva;+39 370388036
Catarina Gonçalves;+49 239952486
Catarina Alves;+351 151589725
Carlos Santos;+351 650804306
Catarina Gomes;+33 736101949
Catarina Silva;+44 591599856
Catarina Silva;+32 203444465
Carlos Gonçalves;+39 021934254
Catarina Fernandes;+41 510232315
Catarina Gonçalves;+41 447033402
Catarina Gonçalves;+39 458778659
Carlos Gomes;+33 142912784
Carlos Ferreira;+33 034473346
Catarina Gomes;+39 980656253
Catarina Silva;+351 544255764
Catarina Santos;+351 628849112
Carlos Martins;+41 866448100
Carlos Pereira;+41 771296286
Catarina Alves;+43 682288125
Carlos Gonçalves;+351 971323820
Carlos Fernandes;+351 865933158
Catarina Pereira;+33 938541516
Carlos Gomes;+32 198742732
Carlos Martins;+41 609691253
Carlos Pereira;+43 825113799
Carlos Pereira;+351 912427601
Carlos Gomes;+49 559968889
Carlos Ferreira;+351 795725739
Carlos Alves;+33 166870474
Catarina Alves;+43 677733925
Catarina Silva;+43 894649913
Catarina Gonçalves;+49 502634739
Carlos Gonçalves;+44 384189101
Carlos Gomes;+32 209814346
Carlos Fernandes;+44 328409368
Catarina Silva;+49 202058443
Carlos Ferreira;+49 308949814
Catarina Gonçalves;+33 356217595
Catarina Silva;+351 820836668
Carlos Gonçalves;+44 006603034
Catarina Santos;+44 200863194
Carlos Ferreira;+49 902842413
Carlos Alves;+43 550848606
Carlos Mendes;+44 138280449
Catarina Pereira;+351 172401454
Carlos Santos;+351 034759159
Carlos Fernandes;+41 976359703
Catarina Gomes;+49 123156059
Carlos Alves;+39 185758294
Carlos Silva;+49 805202007
Catarina Fernandes;+41 171518087
Carlos Santos;+41 375794552
Carlos Pereira;+32 379550479
Carlos Mendes;+49 016424933
Carlos Gonçalves;+41 186909516
Carlos Gonçalves;+351 458018419
Catarina Fernandes;+44 371966479
Catarina Gonçalves;+351 927954654
Carlos Fernandes;+49 556483181
Carlos Fernandes;+41 003132018
Carlos Ferreira;+32 352843499
Catarina Mendes;+351 379396646
Carlos Martins;+32 636245355
Carlos Alves;+32 952422408
Carlos Silva;+41 746214906
Carlos Silva;+351 444286777
Catarina Gomes;+49 220783589
Catarina Silva;+43 757585807
Catarina Pereira;+43 762899551
Carlos Fernandes;+41 109872241
Catarina Santos;+33 042247626
Carlos Silva;+351 271010769
Carlos Pereira;+49 723107916
Carlos Santos;+41 176038430
Catarina Mendes;+49 026750667
Catarina Fernandes;+32 409030036
Carlos Gomes;+43 390387433
Carlos Santos;+351 898422917
Catarina Ferreira;+33 861165380
Catarina Gomes;+39 817453158
Carlos Ferreira;+39 164638373
Carlos Gonçalves;+39 169350314
Catarina Gonçalves;+43 454020053
Catarina Martins;+33 182282712
Catarina Alves;+32 097555167
Catarina Martins;+32 434088421
Catarina Mendes;+43 344024655
Carlos Martins;+44 604287586
Carlos Pereira;+44 429072520
Carlos Ferreira;+39 047373541
Carlos Gonçalves;+43 535198962
Carlos Fernandes;+39 137243925
