Sofia Mendes;+32 265510903
Sofia Martins;+41 235950890
Sofia Alves;+33 821349564
Sofia Fernandes;+33 907251665
Sofia Santos;+39 820965137
Sofia Mendes;+32 734088990
Sofia Santos;+351 299544304
Sofia Ferreira;+32 694681944
Sofia Alves;+44 321004211
Sofia Martins;+41 067074565
Sofia Santos;+41 993809998
Sofia Pereira;+32 094964629
Sofia Gomes;+41 483035290
Sofia Santos;+49 811875306
Sofia Fernandes;+32 737127806
Sofia Santos;+351 995741809
Sofia Ferreira;+43 529185642
Sofia Gomes;+49 349642364
Sofia Fernandes;+32 404400060
Sofia Gonçalves;+39 449971694
Sofia Alves;+41 052600348
Sofia Gomes;+39 541769298
Sofia Alves;+32 119804185
Sofia Gomes;+44 027463135
Sofia Gonçalves;+43 083706308
Sofia Fernandes;+49 415247093
Sofia Alves;+43 115041503
Sofia Ferreira;+44 635634044
Sofia Gonçalves;+39 709066158
Sofia Alves;+49 213307330
Sofia Gonçalves;+41 289722698
Sofia Mendes;+44 190953782
Sofia Pereira;+44 173290777
Sofia Gonçalves;+39 110948337
Sofia Silva;+44 649971074
Sofia Pereira;+33 153372105
Sofia Santos;+32 920112562
Sofia Pereira;+41 532727378
Sofia Pereira;+32 144246051
Sofia Alves;+49 627851075
Sofia Silva;+32 456971711
Sofia Ferreira;+44 571177054
Sofia Gomes;+33 161383066
Sofia Mendes;+39 402017696
Sofia Gomes;+49 152243134
Sofia Fernandes;+43 973702202
Sofia Fernandes;+351 085186591
Sofia Alves;+43 232590151
Sofia Gonçalves;+351 824468453
Sofia Silva;+32 867102452
Sofia Santos;+33 120888428
Sofia Silva;+43 031538895
Sofia Alves;+43 985041900
Sofia Martins;+39 997678633
Sofia Silva;+351 424892818
Sofia Santos;+49 289943297
Sofia Pereira;+351 246240634
Sofia Gomes;+41 387211844
Sofia Ferreira;+49 833450086
Sofia Alves;+43 406927749
Sofia Santos;+44 288701069
Sofia Fernandes;+44 931716485
Sofia Gonçalves;+33 835360441
Sofia Silva;+32 118850594
Sofia Martins;+43 171162292
Sofia Alves;+41 444213369
Sofia Gomes;+41 649392491
Sofia Silva;+351 091704499
Sofia Fernandes;+33 900196591
Sofia Silva;+39 781752112
Sofia Martins;+33 423257154
Sofia Gomes;+32 912650737
Sofia Pereira;+351 147706809
Sofia Alves;+32 498989518
Sofia Silva;+43 069485991
Sofia Silva;+32 304474688
Sofia Martins;+43 829787067
Sofia Alves;+44 147301180
Sofia Pereira;+32 265876750
Sofia Ferreira;+33 900036831
Sofia Alves;+351 520392141
Sofia Martins;+43 056488241
Sofia Ferreira;+43 248975240
Sofia Fernandes;+49 290174980
Sofia Santos;+33 480465974
Sofia Fernandes;+351 757937033
Sofia Martins;+351 838291941
Sofia Alves;+43 393259026
Sofia Martins;+39 486705812
Sofia Ferreira;+33 948715280
Sofia Gonçalves;+39 881334866
Sofia Fernandes;+43 033766296
Sofia Mendes;+39 590797685
Sofia Martins;+33 240364387
Sofia Silva;+44 059248627
Sofia Gonçalves;+33 342582944
Sofia Martins;+49 910349770
Sofia Gomes;+43 233437949
Sofia Pereira;+41 504296015
Sofia Fernandes;+43 351763126
