Ricardo Martins;+39 330254102
Ricardo Mendes;+49 384226653
Ricardo Gomes;+41 093974749
Ricardo Mendes;+43 304485009
Ricardo Fernandes;+351 497550848
Rui Santos;+351 071928876
Rui Gonçalves;+49 383600015
Ricardo Pereira;+351 275502961
Ricardo Fernandes;+33 511533794
Rui Gomes;+41 934468618
Rui Santos;+351 945743889
Ricardo Gomes;+32 538062625
Ricardo Mendes;+41 863604253
Rui Martins;+39 373382979
Rui Fernandes;+49 598004885
Ricardo Santos;+44 648496952
Ricardo Gomes;+41 838512384
Rui Fernandes;+39 854716215
Rui Silva;+44 279517641
Ricardo Alves;+43 561480205
Ricardo Ferreira;+49 296712812
Ricardo Gonçalves;+44 707764036
Rui Fernandes;+39 819205384
Rui Martins;+44 997684953
Rui Gomes;+33 932707877
Ricardo Mendes;+49 584046922
Ricardo Ferreira;+41 019751673
Ricardo Pereira;+49 269909338
Ricardo Silva;+43 328122238
Ricardo Alves;+39 011730534
Ricardo Mendes;+41 192742049
Ricardo Santos;+32 118144599
Ricardo Alves;+33 125222281
Rui Pereira;+32 977810724
Rui Silva;+49 251874450
Ricardo Mendes;+32 830400056
Rui Alves;+41 681515822
Ricardo Martins;+33 069508843
Rui Martins;+39 644591248
Rui Ferreira;+44 541960459
Ricardo Martins;+33 477229869
Rui Pereira;+44 312391644
Ricardo Alves;+49 785928921
Ricardo Gonçalves;+39 034666611
Ricardo Mendes;+44 153064119
Rui Santos;+39 670532605
Ricardo Alves;+39 057065940
Rui Gomes;+49 232807568
Ricardo Silva;+32 746366074
Rui Silva;+351 470861473
Rui Santos;+43 913386836
Rui Mendes;+39 473454512
Ricardo Santos;+39 085079787
Ricardo Gomes;+351 685576077
Rui Pereira;+32 732285960
Ricardo Gonçalves;+32 071757954
Ricardo Alves;+39 000741484
Ricardo Martins;+44 867901458
Ricardo Silva;+39 851275740
Rui Silva;+32 911781640
Ricardo Alves;+44 182114000
Rui Santos;+41 844869847
Ricardo Gonçalves;+32 450534767
Ricardo Silva;+49 191816739
Rui Gomes;+41 161888997
Ricardo Fernandes;+41 249797698
Rui Santos;+43 111994252
Ricardo Martins;+49 610419018
Rui Gomes;+49 418693526
Ricardo Martins;+33 894528333
Ricardo Gomes;+41 409493033
Rui Mendes;+49 680375201
Ricardo Fernandes;+33 828345445
Ricardo Gomes;+33 426507733
Rui Mendes;+49 506645870
Ricardo Fernandes;+49 662819711
Ricardo Ferreira;+39 839144403
Ricardo Martins;+41 624666392
Ricardo Santos;+43 450171911
Rui Gomes;+33 254695530
Rui Ferreira;+351 951863759
Rui Mendes;+49 626474365
Ricardo Alves;+39 688721460
Ricardo Ferreira;+44 901983537
Rui Gonçalves;+33 154547711
Rui Mendes;+351 639813453
Rui Fernandes;+44 486756650
Ricardo Gomes;+39 033914280
Rui Alves;+41 353077121
Ricardo Silva;+43 114712616
Rui Fernandes;+41 588723916
Rui Santos;+32 196131930
Rui Pereira;+44 275840165
Ricardo Mendes;+33 297605023
Rui Mendes;+33 453306974
Ricardo Silva;+39 303249899
Ricardo Pereira;+39 386070949
Rui Martins;+39 957439720
Ricardo Gonçalves;+32 708119971
Ricardo Alves;+43 370472918
