Sofia Santos;+39 177678593
Sofia Pereira;+39 246620723
Sofia Silva;+49 152267552
Sofia Martins;+32 798418775
Sofia Gomes;+39 419560074
Sofia Gonçalves;+33 827461628
Sofia Silva;+351 495967870
Sofia Ferreira;+43 870878956
Sofia Santos;+351 834390908
Sofia Mendes;+32 529909250
Sofia Martins;+32 833625014
Sofia Pereira;+44 177368121
Sofia Gonçalves;+49 017918217
Sofia Silva;+41 857829228
Sofia Pereira;+32 608513605
Sofia Silva;+49 947337688
Sofia Ferreira;+33 625651004
Sofia Alves;+49 354552621
Sofia Alves;+351 545672315
Sofia Mendes;+351 489006717
Sofia Alves;+41 624705077
Sofia Martins;+33 537538993
Sofia Fernandes;+33 581777107
Sofia Gonçalves;+49 343576931
Sofia Fernandes;+39 631299563
Sofia Mendes;+44 415229161
Sofia Alves;+39 625753632
Sofia Santos;+39 223930654
Sofia Gonçalves;+44 987471767
Sofia Mendes;+33 070014726
Sofia Ferreira;+49 368384892
Sofia Fernandes;+33 295890153
Sofia Alves;+44 663200332
Sofia Mendes;+41 541013285
Sofia Mendes;+39 586760067
Sofia Fernandes;+33 974571888
Sofia Gonçalves;+33 759396043
Sofia Silva;+49 109207433
Sofia Fernandes;+39 895650539
Sofia Martins;+39 132721335
Sofia Ferreira;+351 591461264
Sofia Ferreira;+41 246301514
Sofia Martins;+49 443409683
Sofia Gonçalves;+32 124984298
Sofia Gonçalves;+351 523134856
Sofia Silva;+49 206275409
Sofia Pereira;+33 648681684
Sofia Santos;+33 189724273
Sofia Fernandes;+44 363136382
Sofia Alves;+39 981407782
Sofia Gonçalves;+41 451732187
Sofia Gonçalves;+49 454319424
Sofia Mendes;+44 816271568
Sofia Santos;+41 027397080
Sofia Pereira;+39 110965699
Sofia Martins;+351 227108421
Sofia Santos;+32 132881016
Sofia Gonçalves;+43 691074206
Sofia Mendes;+41 754083474
Sofia Gomes;+351 449881144
Sofia Ferreira;+33 422924313
Sofia Silva;+33 124958756
Sofia Fernandes;+33 970135400
Sofia Gonçalves;+39 881859478
Sofia Fernandes;+39 643762964
Sofia Mendes;+32 345431114
Sofia Gonçalves;+44 367754364
Sofia Ferreira;+43 642864882
Sofia Fernandes;+32 136867997
Sofia Fernandes;+49 781451283
Sofia Fernandes;+39 089730060
Sofia Martins;+43 310664033
Sofia Alves;+41 304658839
Sofia Mendes;+33 372655021
Sofia Santos;+49 690313494
Sofia Ferreira;+44 012807529
Sofia Pereira;+32 136942443
Sofia Santos;+33 309284875
Sofia Fernandes;+43 746556724
Sofia Martins;+32 669935367
Sofia Gonçalves;+39 469843833
Sofia Mendes;+43 684273132
Sofia Silva;+351 540436936
Sofia Mendes;+351 952635734
Sofia Gonçalves;+41 390768244
Sofia Gonçalves;+44 959534904
Sofia Silva;+351 037919788
Sofia Martins;+39 493456532
Sofia Silva;+351 133920707
Sofia Ferreira;+351 504234708
Sofia Pereira;+44 751713037
Sofia Mendes;+41 605099002
Sofia Alves;+32 331871355
Sofia Alves;+41 996498220
Sofia Gomes;+32 214387581
Sofia Mendes;+33 065957542
Sofia Gomes;+44 872760305
Sofia Fernandes;+44 162532238
Sofia Santos;+351 542045759
Sofia Gomes;+44 989214343
