Ricardo Pereira;+351 261825594
Ricardo Mendes;+39 639991239
Rui Silva;+33 300291251
Rui Silva;+49 397004856
Rui Martins;+32 288722993
Rui Gomes;+43 456648565
Ricardo Silva;+41 827025812
Ricardo Santos;+49 940823689
Rui Mendes;+43 724794407
Rui Alves;+33 400727626
Rui Gomes;+41 743251667
Rui Santos;+49 454604691
Rui Martins;+44 260366765
Rui Santos;+41 606349620
Ricardo Martins;+49 310069826
Ricardo Gomes;+39 369536955
Ricardo Gomes;+44 953013857
Ricardo Gomes;+41 141543359
Rui Fernandes;+43 781885533
Ricardo Martins;+32 690736655
Rui Alves;+32 779746823
Rui Mendes;+39 907094727
Ricardo Pereira;+351 676952528
Ricardo Pereira;+44 665267407
Rui Mendes;+39 942724700
Rui Silva;+351 888568852
Rui Fernandes;+43 061116198
Rui Fernandes;+43 503189828
Ricardo Pereira;+351 715999243
Rui Alves;+41 473623265
Rui Fernandes;+32 219248876
Ricardo Santos;+43 533486754
Rui Martins;+32 572932301
Ricardo Gomes;+44 894477025
Ricardo Mendes;+41 882521781
Ricardo Mendes;+351 185973445
Rui Mendes;+49 935285771
Ricardo Silva;+33 527739117
Rui Gomes;+39 078397849
Ricardo Fernandes;+41 876292312
Rui Gomes;+44 293696202
Ricardo Gomes;+351 995958227
Rui Santos;+49 487170120
Ricardo Mendes;+43 061369391
Ricardo Pereira;+39 745802111
Rui Ferreira;+32 595326876
Ricardo Alves;+33 636060474
Ricardo Fernandes;+351 345591611
Rui Silva;+49 155603471
Ricardo Silva;+49 164734363
Rui Silva;+33 751937978
Ricardo Martins;+39 758289378
Rui Fernandes;+33 272250908
Rui Santos;+49 296639943
Rui Gonçalves;+351 305638708
Rui Gomes;+43 273897969
Ricardo Gomes;+44 488059335
Ricardo Santos;+32 158885234
Ricardo Silva;+49 902601673
Ricardo Gomes;+41 559374895
Rui Gonçalves;+44 612276661
Ricardo Silva;+39 018075206
Ricardo Santos;+351 353046085
Rui Alves;+33 756017682
Ricardo Pereira;+41 230136775
Ricardo Gomes;+351 680595517
Ricardo Martins;+43 069899745
Rui Silva;+49 292954293
Rui Martins;+39 032747268
Rui Mendes;+33 294198791
Rui Pereira;+32 344170912
Rui Pereira;+44 606469308
Ricardo Gomes;+49 102130438
Rui Alves;+49 601936009
Ricardo Fernandes;+44 207431988
Rui Martins;+32 729612213
Rui Fernandes;+41 939927231
Rui Mendes;+49 662320049
Rui Santos;+33 033301947
Rui Fernandes;+32 765774436
Ricardo Pereira;+44 481082422
Rui Pereira;+49 102514830
Ricardo Santos;+41 606501427
Ricardo Gomes;+49 709840791
Rui Martins;+43 956970984
Ricardo Pereira;+41 192209474
Rui Alves;+43 207592731
Rui Santos;+351 373641149
Rui Mendes;+33 732359249
Rui Gomes;+39 818948445
Ricardo Gomes;+41 597890005
Rui Alves;+41 670561087
Ricardo Martins;+43 868057931
Ricardo Ferreira;+44 320030297
Ricardo Gomes;+41 952982823
Rui Gomes;+351 000541125
Rui Martins;+351 590716379
Rui Fernandes;+39 086806435
Ricardo Ferreira;+41 340540419
Rui Gonçalves;+44 916809085
