Ana Santos;+44 087060475
Ana Gomes;+351 111291388
Ana Silva;+41 811684501
Ana Pereira;+351 833179402
Ana Pereira;+39 855054682
Ana Santos;+41 174318506
Ana Fernandes;+39 114875607
Ana Silva;+32 848583763
Ana Gomes;+44 038267955
Ana Fernandes;+44 457187258
Ana Santos;+32 105383557
Ana Pereira;+351 618258737
Ana Mendes;+33 017233480
Ana Gonçalves;+49 606211359
Ana Ferreira;+39 005704434
Ana Santos;+44 775492842
Ana Martins;+39 957986642
Ana Pereira;+39 134023104
Ana Gomes;+49 247163619
Ana Gomes;+43 202707263
Ana Martins;+32 451074140
Ana Alves;+351 917127549
Ana Pereira;+49 826120226
Ana Silva;+39 793419502
Ana Pereira;+49 958391878
Ana Silva;+32 966736598
Ana Gomes;+32 313472648
Ana Ferreira;+41 387972392
Ana Silva;+32 063285305
Ana Pereira;+33 465204742
Ana Silva;+33 672769776
Ana Gomes;+351 734797101
Ana Fernandes;+33 315468257
Ana Fernandes;+39 938005634
Ana Santos;+33 828999587
Ana Martins;+43 386398379
Ana Ferreira;+39 257518056
Ana Silva;+43 162562542
Ana Pereira;+44 564858249
Ana Santos;+33 150075121
Ana Ferreira;+43 512926727
Ana Ferreira;+41 094121158
Ana Ferreira;+43 517170794
Ana Pereira;+43 523857033
Ana Martins;+351 064009218
Ana Alves;+351 341142149
Ana Ferreira;+41 642224560
Ana Fernandes;+351 161985632
Ana Ferreira;+49 682308676
Ana Gonçalves;+49 635520122
Ana Alves;+32 966047153
Ana Martins;+32 055209677
Ana Fernandes;+32 837062817
Ana Fernandes;+33 690434159
Ana Fernandes;+44 601066002
Ana Silva;+351 916736817
Ana Silva;+33 595318124
Ana Martins;+49 077970551
Ana Ferreira;+41 222586990
Ana Ferreira;+32 473952111
Ana Pereira;+41 187170508
Ana Fernandes;+32 367260292
Ana Santos;+49 015884392
Ana Pereira;+49 205629152
Ana Martins;+351 200799678
Ana Ferreira;+44 358232801
Ana Alves;+41 740898547
Ana Martins;+41 526960844
Ana Ferreira;+39 613697177
Ana Silva;+44 088837520
Ana Silva;+43 358059676
Ana Silva;+39 695111010
Ana Mendes;+32 843672225
Ana Ferreira;+351 015845610
Ana Pereira;+351 121916964
Ana Fernandes;+39 288261397
Ana Silva;+43 869432064
Ana Fernandes;+44 982793439
Ana Ferreira;+33 408352288
Ana Martins;+44 298899545
Ana Santos;+351 194634197
Ana Ferreira;+49 308023383
Ana Gomes;+351 253208495
Ana Alves;+33 465629666
Ana Silva;+44 500721703
Ana Martins;+32 863324481
Ana Fernandes;+33 362666093
Ana Martins;+33 472752164
Ana Santos;+41 565741976
Ana Pereira;+49 648868236
Ana Fernandes;+351 019235529
Ana Santos;+33 487036836
Ana Alves;+49 029393134
Ana Mendes;+33 620461691
Ana Martins;+41 958895992
Ana Gonçalves;+43 063532848
Ana Santos;+33 722878325
Ana Mendes;+41 857153808
Ana Ferreira;+351 662791231
Ana Silva;+33 690831280
