Ricardo Pereira;+351 867822357
Ricardo Alves;+39 809937750
Ricardo Alves;+33 403213579
Ricardo Mendes;+41 037333976
Rui Santos;+49 404687209
Rui Gomes;+351 221836094
Ricardo Santos;+32 993678508
Rui Pereira;+32 080015320
Rui Gonçalves;+32 058200150
Ricardo Pereira;+32 548235078
Rui Fernandes;+39 846277798
Ricardo Ferreira;+32 894753502
Rui Santos;+32 499584794
Rui Silva;+33 470195961
Rui Ferreira;+33 774194953
Ricardo Silva;+32 690418608
Ricardo Gomes;+351 793842880
Ricardo Mendes;+43 095433466
Ricardo Santos;+32 024409174
Ricardo Martins;+351 797749121
Rui Martins;+351 497902295
Rui Ferreira;+49 884514581
Ricardo Santos;+49 430810036
Rui Pereira;+49 097751033
Ricardo Pereira;+41 233222690
Rui Santos;+39 457209994
Ricardo Martins;+33 710141145
Ricardo Santos;+41 077160811
Rui Fernandes;+43 193889203
Ricardo Mendes;+43 678361322
Rui Santos;+41 476266974
Ricardo Ferreira;+43 800760706
Rui Gonçalves;+41 365516479
Ricardo Martins;+41 359368743
Ricardo Gomes;+39 402531765
Ricardo Martins;+43 285654698
Ricardo Martins;+43 197339324
Rui Santos;+44 973723328
Rui Ferreira;+32 501784586
Rui Alves;+44 975761531
Ricardo Fernandes;+49 659019108
Ricardo Ferreira;+41 405093032
Rui Pereira;+41 304601427
Rui Ferreira;+33 251008256
Ricardo Santos;+39 084283130
Rui Pereira;+49 288971736
Rui Santos;+351 469896683
Rui Mendes;+39 041856975
Rui Martins;+351 376816840
Rui Gomes;+44 576945890
Rui Gomes;+49 890067195
Rui Alves;+33 585345077
Rui Santos;+41 610992496
Ricardo Silva;+41 942452729
Ricardo Ferreira;+41 483642059
Rui Silva;+49 204070768
Rui Mendes;+49 694814046
Ricardo Alves;+39 927315813
Ricardo Santos;+43 962638693
Rui Silva;+41 266594849
Rui Alves;+32 828457474
Ricardo Alves;+41 695319016
Ricardo Mendes;+41 307516703
Rui Gomes;+44 557753177
Ricardo Martins;+39 181668474
Ricardo Silva;+351 436145985
Rui Mendes;+49 284061999
Ricardo Fernandes;+49 242200305
Rui Mendes;+351 701737747
Rui Gonçalves;+43 880270159
Rui Gomes;+49 546992047
Rui Gomes;+43 174622919
Rui Alves;+33 831095162
Ricardo Santos;+351 346140353
Ricardo Pereira;+49 332254840
Rui Martins;+41 160060561
Rui Martins;+351 172901758
Ricardo Gonçalves;+49 265525988
Rui Pereira;+41 300690319
Ricardo Santos;+33 685136950
Rui Martins;+32 970751305
Ricardo Fernandes;+43 365169099
Ricardo Martins;+44 758667562
Rui Mendes;+41 684214171
Rui Alves;+44 334079840
Rui Alves;+351 225918470
Rui Fernandes;+49 371068515
Ricardo Fernandes;+49 899372617
Ricardo Fernandes;+44 487027907
Ricardo Fernandes;+39 630657915
Ricardo Ferreira;+39 658072018
Rui Mendes;+44 721762479
Ricardo Ferreira;+39 155067508
Rui Ferreira;+44 737556156
Ricardo Santos;+33 694141004
Rui Alves;+33 719831191
Rui Mendes;+39 258932325
Rui Mendes;+49 668988461
Ricardo Ferreira;+32 293772246
Ricardo Ferreira;+44 541333402
