Ricardo Ferreira;+351 859128421
Rui Gomes;+49 188565754
Rui Martins;+351 097996064
Rui Pereira;+44 511893477
Rui Mendes;+32 182278792
Ricardo Gonçalves;+351 691528598
Rui Pereira;+32 391135862
Ricardo Martins;+44 204656592
Rui Gonçalves;+44 362418504
Ricardo Gomes;+33 696869372
Rui Pereira;+43 148730773
Ricardo Gomes;+44 774617302
Ricardo Martins;+32 896309080
Ricardo Ferreira;+41 876782559
Ricardo Ferreira;+49 860434747
Rui Mendes;+49 379533179
Ricardo Pereira;+44 610577690
Rui Alves;+39 145719831
Ricardo Santos;+32 514283083
Ricardo Gomes;+351 116649762
Rui Alves;+41 262913186
Ricardo Gomes;+41 534285020
Ricardo Mendes;+41 545950305
Ricardo Fernandes;+33 362928356
Ricardo Silva;+33 110154968
Rui Ferreira;+49 739613454
Ricardo Fernandes;+39 035322829
Ricardo Martins;+44 533956464
Ricardo Santos;+351 285101986
Rui Gonçalves;+44 523058279
Ricardo Santos;+44 099330119
Ricardo Fernandes;+39 319443373
Rui Alves;+43 084572686
Rui Alves;+351 913713676
Ricardo Fernandes;+351 161871845
Rui Alves;+43 441576665
Ricardo Martins;+41 723442562
Ricardo Santos;+351 498825722
Rui Alves;+32 748167580
Ricardo Mendes;+44 013139600
Ricardo Fernandes;+41 141627031
Rui Gonçalves;+33 505951134
Ricardo Ferreira;+32 479585285
Ricardo Gomes;+33 992650901
Ricardo Martins;+351 828615892
Ricardo Santos;+49 144081535
Rui Alves;+32 134121323
Rui Silva;+49 302979853
Ricardo Pereira;+49 433298033
Ricardo Alves;+32 616760215
Rui Mendes;+39 399634505
Ricardo Santos;+32 788186981
Rui Mendes;+41 587243308
Ricardo Pereira;+41 267997852
Rui Santos;+33 015008992
Rui Alves;+49 838640596
Ricardo Martins;+32 307621134
Rui Ferreira;+33 327532228
Rui Martins;+39 744162163
Ricardo Gonçalves;+44 819034014
Rui Gomes;+33 611092241
Ricardo Martins;+43 966816545
Ricardo Santos;+351 100477980
Ricardo Alves;+39 623691831
Ricardo Gonçalves;+44 894976439
Ricardo Pereira;+39 150213742
Ricardo Pereira;+43 080054494
Rui Martins;+351 534452207
Ricardo Martins;+32 888542911
Ricardo Ferreira;+44 930347141
Ricardo Gonçalves;+351 763140417
Rui Gomes;+351 426178599
Ricardo Silva;+49 222461878
Ricardo Ferreira;+41 450190800
Rui Santos;+351 516670563
Rui Alves;+44 867686892
Ricardo Gonçalves;+33 634946190
Ricardo Ferreira;+39 116943218
Rui Ferreira;+49 222756551
Ricardo Gonçalves;+44 024422475
Rui Gonçalves;+351 963454165
Rui Silva;+39 700285198
Rui Silva;+49 326793577
Ricardo Ferreira;+351 674877037
Ricardo Ferreira;+43 530001387
Rui Fernandes;+32 229844386
Ricardo Alves;+44 253889157
Ricardo Gomes;+32 475224001
Rui Pereira;+32 029425811
Rui Alves;+41 828055510
Ricardo Pereira;+351 263799664
Ricardo Mendes;+351 726997920
Rui Fernandes;+32 885412006
Rui Ferreira;+39 981082542
Ricardo Mendes;+44 339442167
Rui Pereira;+44 352367902
Ricardo Mendes;+32 143261871
Ricardo Gomes;+41 842711441
Ricardo Pereira;+43 268167663
Rui Alves;+41 677859846
