Ana Mendes;+351 123901191
Ana Martins;+32 207511523
Ana Santos;+39 239146623
Ana Martins;+32 482682728
Ana Gonçalves;+351 629709512
Ana Pereira;+33 034500867
Ana Ferreira;+41 539548388
Ana Mendes;+43 353742574
Ana Santos;+33 730360665
Ana Santos;+43 178504559
Ana Gonçalves;+41 018341225
Ana Martins;+43 642968603
Ana Alves;+351 036440225
Ana Fernandes;+39 385337267
Ana Gonçalves;+44 289168161
Ana Martins;+41 005466216
Ana Silva;+43 788789886
Ana Fernandes;+41 915654956
Ana Alves;+39 758248261
Ana Ferreira;+33 980116763
Ana Gonçalves;+44 661219487
Ana Martins;+351 064389914
Ana Gonçalves;+41 627485479
Ana Gonçalves;+39 396256309
Ana Gomes;+44 208559219
Ana Gonçalves;+351 413066863
Ana Gonçalves;+351 769048899
Ana Martins;+41 106513130
Ana Silva;+33 767614506
Ana Gonçalves;+49 176413555
Ana Gonçalves;+351 146223672
Ana Santos;+351 432738582
Ana Gonçalves;+43 984693507
Ana Gonçalves;+43 453471216
Ana Mendes;+49 278792747
Ana Gomes;+44 119860174
Ana Mendes;+32 531598578
Ana Fernandes;+351 233217284
Ana Pereira;+41 806348125
Ana Fernandes;+43 137753694
Ana Santos;+49 772611904
Ana Santos;+49 698433877
Ana Martins;+39 606659522
Ana Ferreira;+32 491460610
Ana Gonçalves;+44 873302058
Ana Alves;+43 875403658
Ana Ferreira;+32 590525785
Ana Gomes;+44 206944245
Ana Ferreira;+43 622192947
Ana Alves;+44 545597782
Ana Silva;+49 761712612
Ana Santos;+49 309512321
Ana Pereira;+39 232463111
Ana Ferreira;+44 792008054
Ana Ferreira;+49 446773386
Ana Alves;+44 515603003
Ana Gomes;+39 245077483
Ana Alves;+41 349826673
Ana Mendes;+44 096636059
Ana Gomes;+49 061551343
Ana Silva;+43 365865077
Ana Silva;+44 727582046
Ana Fernandes;+43 399340745
Ana Ferreira;+41 034537561
Ana Fernandes;+43 456437230
Ana Silva;+39 975495646
Ana Martins;+43 803005605
Ana Santos;+33 546388199
Ana Mendes;+49 656683857
Ana Santos;+39 455324685
Ana Santos;+44 532288954
Ana Ferreira;+44 854385954
Ana Gomes;+33 861142799
Ana Mendes;+44 102416928
Ana Gomes;+49 416852327
Ana Mendes;+44 811314800
Ana Alves;+351 381790796
Ana Ferreira;+43 467164814
Ana Mendes;+33 090796132
Ana Gomes;+351 217117882
Ana Ferreira;+44 406539892
Ana Martins;+33 572584621
Ana Gomes;+39 054701182
Ana Gonçalves;+32 826729710
Ana Gonçalves;+33 265251321
Ana Gonçalves;+39 278266457
Ana Mendes;+32 818487099
Ana Gonçalves;+43 332592899
Ana Fernandes;+33 487446272
Ana Mendes;+43 153069218
Ana Gomes;+33 970318285
Ana Martins;+43 555989150
Ana Santos;+44 277706625
Ana Mendes;+49 405572071
Ana Fernandes;+43 845232112
Ana Pereira;+39 497603101
Ana Gomes;+351 365081967
Ana Mendes;+32 265427542
Ana Santos;+41 058039759
Ana Gonçalves;+32 698626920
