Ana Santos;+351 385344409
Ana Fernandes;+43 033799332
Ana Gonçalves;+44 951861127
Ana Alves;+32 875511818
Ana Ferreira;+32 952847937
Ana Mendes;+351 026957407
Ana Silva;+41 934643820
Ana Mendes;+33 461912305
Ana Santos;+39 506808837
Ana Silva;+33 858347575
Ana Ferreira;+41 372269750
Ana Santos;+49 812774970
Ana Ferreira;+33 124753262
Ana Alves;+351 188024133
Ana Pereira;+49 585957387
Ana Santos;+351 036573363
Ana Alves;+33 627950970
Ana Ferreira;+32 981799896
Ana Martins;+43 196957625
Ana Alves;+49 097328326
Ana Pereira;+49 141356084
Ana Alves;+41 039002418
Ana Fernandes;+351 834560798
Ana Ferreira;+44 061424396
Ana Pereira;+49 004637993
Ana Silva;+43 687247895
Ana Santos;+49 967917540
Ana Santos;+49 836055235
Ana Gomes;+44 359052931
Ana Martins;+39 713092803
Ana Fernandes;+39 986684310
Ana Gomes;+351 371586525
Ana Mendes;+49 201940412
Ana Martins;+44 614610228
Ana Mendes;+33 125414222
Ana Santos;+351 460859748
Ana Ferreira;+39 694737533
Ana Martins;+41 335930127
Ana Silva;+33 484198165
Ana Santos;+49 567718324
Ana Silva;+43 355680546
Ana Gomes;+41 160003135
Ana Martins;+351 620585250
Ana Fernandes;+32 461780187
Ana Fernandes;+49 538670901
Ana Gonçalves;+39 535973380
Ana Alves;+33 213285970
Ana Silva;+44 022749576
Ana Martins;+43 365337072
Ana Mendes;+44 061462102
Ana Ferreira;+32 566615484
Ana Mendes;+351 443539230
Ana Alves;+39 259835574
Ana Gomes;+32 033353888
Ana Alves;+39 123339860
Ana Alves;+49 875176170
Ana Martins;+49 303386883
Ana Pereira;+351 936674508
Ana Gonçalves;+44 367224573
Ana Alves;+41 221902344
Ana Silva;+41 927492084
Ana Mendes;+43 160446230
Ana Alves;+41 421423910
Ana Mendes;+39 250325902
Ana Alves;+32 922973421
Ana Ferreira;+43 181118412
Ana Silva;+39 898826648
Ana Alves;+39 090692689
Ana Gonçalves;+43 886318702
Ana Fernandes;+44 793990439
Ana Mendes;+32 587593897
Ana Martins;+351 310731403
Ana Fernandes;+39 917038060
Ana Martins;+32 777666705
Ana Mendes;+32 381679769
Ana Gonçalves;+43 474186317
Ana Silva;+43 070761231
Ana Santos;+41 626498993
Ana Silva;+44 589445440
Ana Martins;+351 374443334
Ana Gomes;+39 241561503
Ana Gonçalves;+33 643181532
Ana Martins;+33 671299029
Ana Ferreira;+39 184784249
Ana Gonçalves;+41 217378478
Ana Gonçalves;+32 840797140
Ana Martins;+351 740795052
Ana Ferreira;+43 537265178
Ana Martins;+32 243293397
Ana Mendes;+33 313255752
Ana Ferreira;+43 715292577
Ana Martins;+43 624815651
Ana Silva;+32 673073946
Ana Gomes;+44 639000989
Ana Mendes;+44 749533868
Ana Fernandes;+41 069780662
Ana Gomes;+33 629376186
Ana Gonçalves;+33 490070811
Ana Pereira;+33 033687102
Ana Pereira;+32 379302694
