Ricardo Martins;+32 929992569
Rui Martins;+351 778228018
Rui Silva;+351 310235927
Ricardo Silva;+49 773164871
Rui Martins;+43 751693435
Rui Fernandes;+33 647067082
Rui Silva;+44 589257455
Rui Alves;+33 569426914
Rui Mendes;+43 389316266
Rui Pereira;+44 787570608
Rui Alves;+49 745777975
Ricardo Gomes;+44 670230902
Ricardo Fernandes;+44 844680054
Rui Gomes;+351 487162441
Ricardo Gomes;+39 264098843
Ricardo Gomes;+39 689918751
Ricardo Gonçalves;+39 083098525
Ricardo Ferreira;+32 703990756
Rui Silva;+351 232419552
Ricardo Ferreira;+41 460563636
Ricardo Pereira;+49 836026467
Ricardo Gonçalves;+41 748047702
Ricardo Pereira;+41 058342328
Rui Martins;+351 693800824
Rui Ferreira;+43 923756225
Ricardo Fernandes;+49 764007666
Ricardo Fernandes;+33 539175946
Rui Martins;+32 230810502
Rui Martins;+49 504882524
Ricardo Pereira;+43 139596874
Ricardo Martins;+44 711633698
Rui Silva;+32 739889288
Ricardo Silva;+44 339442078
Rui Gomes;+41 164462023
Rui Gonçalves;+351 518800288
Rui Mendes;+351 497807774
Ricardo Santos;+39 663859607
Ricardo Santos;+33 667304599
Rui Gomes;+33 065270282
Ricardo Ferreira;+33 284397427
Rui Gomes;+43 890129943
Rui Fernandes;+32 694604318
Ricardo Martins;+33 615830617
Ricardo Gonçalves;+32 405647291
Rui Fernandes;+351 502108467
Ricardo Mendes;+351 207360033
Rui Fernandes;+41 169826915
Rui Silva;+39 226275254
Ricardo Fernandes;+32 119018858
Ricardo Silva;+43 140947024
Ricardo Martins;+32 029638720
Ricardo Ferreira;+49 595835743
Rui Fernandes;+43 701880778
Ricardo Fernandes;+49 384174526
Ricardo Silva;+351 909976773
Ricardo Fernandes;+49 625866932
Rui Ferreira;+33 640321159
Rui Silva;+44 309438132
Ricardo Gomes;+33 407302783
Rui Ferreira;+43 632510227
Ricardo Mendes;+43 684220560
Rui Mendes;+41 744443905
Ricardo Ferreira;+44 417642826
Ricardo Gomes;+41 251726558
Rui Ferreira;+32 682961405
Ricardo Gonçalves;+351 372252562
Rui Fernandes;+43 074437013
Rui Martins;+43 114246807
Ricardo Santos;+32 855514905
Rui Alves;+43 855339166
Rui Martins;+44 654230819
Ricardo Santos;+49 466895913
Rui Mendes;+43 846171538
Ricardo Silva;+351 049966794
Ricardo Martins;+32 302750751
Rui Gonçalves;+41 480268584
Rui Alves;+49 224567958
Ricardo Martins;+351 648581392
Rui Martins;+43 138060959
Ricardo Silva;+49 379721837
Ricardo Fernandes;+33 818771311
Rui Alves;+32 032483276
Ricardo Pereira;+44 989160095
Rui Santos;+33 014513765
Ricardo Silva;+44 949933864
Ricardo Mendes;+41 302884042
Ricardo Gomes;+49 721120048
Rui Gomes;+39 230298044
Ricardo Martins;+41 915288261
Rui Martins;+351 576678488
Ricardo Mendes;+41 216587487
Ricardo Gonçalves;+43 291568478
Ricardo Pereira;+351 850689612
Rui Santos;+49 992755547
Ricardo Ferreira;+32 577798735
Ricardo Silva;+41 659680679
Rui Alves;+39 618492340
Ricardo Mendes;+41 387968064
Rui Fernandes;+44 607576286
Rui Ferreira;+41 978860415
