Rui Mendes;+33 517116640
Rui Fernandes;+39 840397379
Rui Silva;+43 639192390
Rui Martins;+43 598575530
Ricardo Pereira;+41 718988225
Rui Silva;+351 029262966
Rui Gonçalves;+41 864085876
Ricardo Pereira;+32 064775050
Rui Mendes;+41 966134393
Rui Pereira;+32 765801990
Rui Santos;+39 163892148
Rui Silva;+32 076225739
Rui Alves;+39 202391239
Ricardo Fernandes;+41 225467737
Rui Alves;+41 020313558
Ricardo Fernandes;+351 160282882
Ricardo Silva;+32 611871986
Rui Martins;+41 787545193
Ricardo Gomes;+49 872149946
Ricardo Silva;+32 809858164
Ricardo Martins;+43 985216973
Rui Pereira;+41 421802764
Rui Gomes;+41 356513556
Rui Alves;+33 502263199
Ricardo Silva;+49 265413611
Rui Alves;+43 910853244
Rui Pereira;+32 888808378
Rui Mendes;+351 111652040
Ricardo Fernandes;+44 751343840
Ricardo Martins;+41 438852305
Rui Santos;+39 276261903
Rui Alves;+44 003228381
Rui Gonçalves;+32 306184255
Ricardo Fernandes;+44 381557280
Ricardo Gonçalves;+351 118549638
Ricardo Martins;+43 132001336
Rui Pereira;+33 042653875
Rui Pereira;+44 263255497
Rui Mendes;+43 739783374
Ricardo Pereira;+41 591059171
Ricardo Gonçalves;+44 495578183
Rui Alves;+33 619786731
Rui Gomes;+351 316508194
Ricardo Gomes;+39 367414234
Ricardo Silva;+44 872939208
Rui Santos;+41 727867683
Ricardo Pereira;+351 912671210
Ricardo Martins;+49 999983521
Ricardo Fernandes;+39 065999621
Rui Fernandes;+44 612821934
Ricardo Pereira;+49 254836713
Ricardo Gomes;+43 398124071
Rui Santos;+44 678680998
Rui Gonçalves;+351 993920957
Ricardo Ferreira;+33 671484907
Rui Gonçalves;+49 144944106
Ricardo Mendes;+39 951718133
Ricardo Fernandes;+43 052811499
Ricardo Gomes;+49 422929872
Rui Santos;+33 946010852
Ricardo Pereira;+39 057909883
Rui Gomes;+32 415595656
Ricardo Gonçalves;+41 958228816
Rui Ferreira;+39 726123055
Rui Mendes;+33 983704052
Rui Fernandes;+351 016729185
Ricardo Silva;+32 624500871
Rui Martins;+39 706487846
Rui Mendes;+44 644938672
Ricardo Gonçalves;+32 334937481
Ricardo Fernandes;+351 572584444
Ricardo Gomes;+41 424983604
Rui Mendes;+39 475511368
Rui Gomes;+43 832427851
Ricardo Mendes;+49 652879686
Ricardo Ferreira;+49 100625097
Ricardo Silva;+39 286046698
Ricardo Gonçalves;+33 058555810
Rui Ferreira;+44 691041334
Ricardo Pereira;+39 446351460
Ricardo Gonçalves;+32 577697882
Ricardo Mendes;+32 847198757
Ricardo Martins;+41 244469422
Rui Gomes;+41 907119556
Rui Silva;+44 248767008
Rui Silva;+44 833835975
Ricardo Pereira;+44 521672346
Rui Pereira;+351 453892949
Ricardo Fernandes;+49 089136387
Rui Alves;+44 547274644
Rui Alves;+33 760921067
Ricardo Pereira;+44 109234845
Rui Santos;+33 274054088
Rui Silva;+43 507513016
Ricardo Ferreira;+351 556695050
Rui Santos;+351 686070891
Rui Fernandes;+49 386457315
Rui Silva;+41 195266594
Rui Gonçalves;+33 619476367
Rui Silva;+49 864345608
