Ana Silva;+44 400041473
Ana Santos;+44 483689607
Ana Silva;+32 393254291
Ana Santos;+39 816156924
Ana Martins;+351 034828114
Ana Gomes;+43 697208930
Ana Alves;+44 233785370
Ana Martins;+351 726304580
Ana Martins;+39 736437764
Ana Silva;+351 730962969
Ana Gonçalves;+41 806480494
Ana Silva;+41 052458916
Ana Silva;+44 048134554
Ana Martins;+41 396356771
Ana Alves;+49 597214178
Ana Pereira;+32 762262896
Ana Santos;+41 116567102
Ana Mendes;+351 159734453
Ana Ferreira;+39 928798503
Ana Ferreira;+39 738965235
Ana Pereira;+44 009904949
Ana Santos;+351 219138851
Ana Pereira;+44 879395311
Ana Alves;+43 022813376
Ana Gomes;+39 403023886
Ana Santos;+44 344032548
Ana Silva;+43 381964453
Ana Gonçalves;+49 743038150
Ana Ferreira;+41 502405279
Ana Gonçalves;+33 824720785
Ana Silva;+33 978215626
Ana Fernandes;+41 630520617
Ana Gonçalves;+49 120477035
Ana Santos;+43 172327892
Ana Alves;+33 190851684
Ana Gonçalves;+49 243855585
Ana Gomes;+351 507638592
Ana Gonçalves;+33 756333757
Ana Santos;+43 208175575
Ana Gomes;+351 355424189
Ana Silva;+32 128055178
Ana Alves;+41 677824732
Ana Pereira;+41 560896392
Ana Pereira;+33 381942402
Ana Pereira;+49 924972705
Ana Martins;+39 682145676
Ana Gomes;+43 136165377
Ana Ferreira;+32 856459607
Ana Gomes;+44 735477021
Ana Silva;+44 063453175
Ana Gomes;+49 391792110
Ana Martins;+33 324295067
Ana Ferreira;+41 234951703
Ana Mendes;+41 381647189
Ana Pereira;+44 975608512
Ana Santos;+43 982785877
Ana Pereira;+33 435668240
Ana Fernandes;+33 484795379
Ana Ferreira;+49 393670837
Ana Gomes;+49 025606169
Ana Fernandes;+49 207230475
Ana Martins;+33 368931162
Ana Gonçalves;+32 786967278
Ana Silva;+41 933167622
Ana Santos;+43 813270068
Ana Gomes;+351 649668214
Ana Gonçalves;+44 126428546
Ana Gonçalves;+41 939682277
Ana Santos;+43 923844572
Ana Gonçalves;+43 655667519
Ana Pereira;+32 382202239
Ana Pereira;+43 080932010
Ana Fernandes;+44 085955802
Ana Alves;+33 537023974
Ana Gomes;+351 156681029
Ana Pereira;+44 214318060
Ana Santos;+39 296040264
Ana Gomes;+351 253399898
Ana Fernandes;+32 806345825
Ana Mendes;+44 116326471
Ana Fernandes;+41 225149018
Ana Gonçalves;+49 738223477
Ana Ferreira;+33 581317588
Ana Gonçalves;+33 206122378
Ana Fernandes;+32 384229151
Ana Gonçalves;+49 278326277
Ana Gomes;+351 166489866
Ana Ferreira;+351 017535686
Ana Silva;+32 098456254
Ana Gomes;+43 437446285
Ana Alves;+33 585480857
Ana Gomes;+32 882768670
Ana Silva;+49 573554338
Ana Silva;+351 062520173
Ana Alves;+44 986402773
Ana Gomes;+39 994761629
Ana Pereira;+44 879778694
Ana Santos;+49 614855277
Ana Pereira;+49 436593619
Ana Ferreira;+39 398105063
