Catarina Gomes;+351 458977396
Catarina Silva;+43 329199724
Catarina Fernandes;+33 598156954
Carlos Gonçalves;+351 519210866
Carlos Pereira;+44 063976554
Carlos Mendes;+32 312111320
Catarina Silva;+44 408282087
Carlos Silva;+41 209128995
Catarina Silva;+41 832532260
Carlos Pereira;+351 140080805
Carlos Silva;+44 720580044
Carlos Gomes;+43 015872022
Carlos Ferreira;+39 374603340
Carlos Gomes;+44 818840693
Carlos Martins;+33 346383577
Carlos Martins;+44 516500158
Catarina Santos;+41 802591392
Carlos Santos;+49 665569788
Carlos Martins;+49 276340972
Catarina Silva;+351 672193022
Carlos Martins;+39 785080580
Catarina Martins;+33 574400127
Carlos Pereira;+41 144769247
Carlos Mendes;+49 201812839
Carlos Gonçalves;+33 260840624
Carlos Silva;+44 222809287
Catarina Ferreira;+49 975707349
Carlos Ferreira;+44 008460348
Carlos Alves;+33 903088939
Carlos Ferreira;+43 438253922
Carlos Fernandes;+351 521311593
Catarina Martins;+41 413428404
Catarina Gonçalves;+351 760838998
Carlos Martins;+33 482335017
Catarina Alves;+49 118312734
Carlos Ferreira;+351 973056091
Catarina Fernandes;+351 969324814
Carlos Martins;+33 398020409
Carlos Pereira;+43 319430086
Carlos Silva;+351 782953813
Catarina Alves;+43 606011834
Catarina Fernandes;+43 867617463
Catarina Silva;+43 724286686
Catarina Pereira;+351 311692204
Catarina Fernandes;+41 529760292
Catarina Gonçalves;+44 213266405
Catarina Gonçalves;+41 084377695
Carlos Silva;+43 477845944
Carlos Fernandes;+32 297419602
Carlos Ferreira;+351 239625752
Catarina Martins;+49 048462311
Carlos Pereira;+33 468236614
Carlos Mendes;+49 137565047
Catarina Santos;+32 801187285
Carlos Silva;+32 895196942
Catarina Fernandes;+43 238586597
Carlos Pereira;+44 724018717
Catarina Pereira;+44 965908335
Carlos Silva;+44 374348626
Carlos Silva;+32 184715906
Carlos Martins;+43 795907207
Catarina Santos;+351 100953881
Catarina Gonçalves;+43 184041541
Catarina Silva;+43 281815596
Catarina Fernandes;+33 279954469
Catarina Alves;+44 146668003
Carlos Ferreira;+49 129825268
Carlos Santos;+41 940051875
Carlos Mendes;+32 140173870
Carlos Alves;+32 210959932
Catarina Fernandes;+39 864014061
Carlos Santos;+44 721197363
Catarina Mendes;+351 930553341
Catarina Fernandes;+41 703631396
Carlos Alves;+43 307402318
Catarina Silva;+351 195511457
Catarina Martins;+39 051401624
Catarina Santos;+32 104168556
Carlos Martins;+43 971637602
Carlos Ferreira;+49 656241499
Carlos Fernandes;+49 630433784
Carlos Pereira;+33 973372868
Catarina Martins;+44 906187819
Catarina Gonçalves;+39 267225774
Carlos Gomes;+43 118715417
Catarina Pereira;+43 272989258
Catarina Silva;+32 034258707
Carlos Gonçalves;+39 140570852
Carlos Gomes;+49 334891367
Carlos Santos;+49 453372301
Carlos Fernandes;+43 768973063
Carlos Gomes;+33 843312178
Catarina Martins;+351 086153962
Carlos Gonçalves;+49 104360241
Carlos Mendes;+49 595715395
Catarina Martins;+39 846312905
Carlos Pereira;+44 583468582
Catarina Silva;+44 931025672
Catarina Santos;+44 322745654
Catarina Pereira;+39 953001781
