Catarina Gonçalves;+49 747158100
Carlos Fernandes;+49 352811069
Carlos Santos;+39 721147058
Catarina Fernandes;+32 459087384
Carlos Mendes;+41 076512698
Catarina Gonçalves;+39 795424683
Catarina Fernandes;+351 159053560
Carlos Santos;+44 975983803
Carlos Silva;+49 455426715
Carlos Gomes;+33 415454359
Catarina Santos;+49 042888928
Catarina Alves;+49 092217805
Catarina Ferreira;+351 131787121
Carlos Fernandes;+43 385384874
Catarina Gomes;+32 491543632
Carlos Ferreira;+41 153151893
Catarina Fernandes;+41 714580199
Catarina Alves;+43 813421422
Carlos Pereira;+33 685810807
Carlos Martins;+39 271455076
Carlos Santos;+44 821579352
Catarina Santos;+43 429541824
Carlos Pereira;+39 048931924
Carlos Silva;+32 247905004
Carlos Fernandes;+33 629616792
Carlos Fernandes;+32 573054755
Carlos Pereira;+41 224150709
Catarina Mendes;+44 500309760
Carlos Alves;+41 525511985
Catarina Alves;+351 593327265
Catarina Alves;+39 874639166
Carlos Gonçalves;+39 795899611
Catarina Santos;+49 114603295
Catarina Alves;+33 853036009
Carlos Fernandes;+39 907963508
Catarina Gonçalves;+49 502498028
Catarina Silva;+32 287740543
Carlos Gomes;+351 619834509
Carlos Silva;+41 328339660
Catarina Ferreira;+351 290419689
Carlos Silva;+41 091584265
Carlos Mendes;+44 541331909
Catarina Silva;+351 251090467
Carlos Martins;+49 172760077
Carlos Mendes;+39 052829503
Carlos Silva;+33 596828849
Catarina Martins;+44 921068977
Catarina Pereira;+43 336611483
Carlos Gonçalves;+49 452640641
Catarina Santos;+351 468550060
Carlos Alves;+32 415132717
Catarina Fernandes;+351 319693633
Catarina Ferreira;+49 552732105
Catarina Gomes;+49 697064906
Carlos Martins;+41 263188152
Catarina Mendes;+41 284767126
Carlos Martins;+43 849798466
Carlos Alves;+41 459111939
Catarina Gonçalves;+44 522026802
Carlos Fernandes;+33 602702861
Catarina Mendes;+49 711301257
Carlos Pereira;+44 176771914
Catarina Ferreira;+43 869034600
Carlos Martins;+49 297845120
Catarina Martins;+49 569228559
Catarina Gomes;+39 736695533
Catarina Santos;+39 690895990
Catarina Ferreira;+32 752379211
Carlos Mendes;+32 331925240
Carlos Ferreira;+44 209557262
Catarina Ferreira;+32 676488639
Carlos Gonçalves;+33 732289944
Carlos Pereira;+49 132882356
Carlos Fernandes;+44 083212429
Catarina Silva;+32 571774278
Catarina Mendes;+39 797819858
Catarina Pereira;+44 152411958
Catarina Pereira;+43 200048426
Carlos Santos;+43 180438263
Catarina Alves;+351 910644107
Catarina Martins;+43 688712602
Catarina Fernandes;+43 161289370
Carlos Gomes;+43 139889923
Catarina Martins;+39 248051146
Carlos Santos;+39 770332607
Catarina Martins;+39 057806168
Carlos Alves;+32 163776883
Carlos Mendes;+49 297540292
Catarina Ferreira;+43 799890474
Catarina Martins;+44 723173194
Catarina Santos;+41 381069329
Carlos Pereira;+43 511282526
Catarina Martins;+32 925604332
Catarina Ferreira;+33 614872284
Carlos Martins;+44 663092914
Catarina Gomes;+43 636833279
Catarina Pereira;+351 692435293
Catarina Mendes;+43 941004860
Carlos Pereira;+33 131672116
Catarina Mendes;+33 772527673
