Sofia Ferreira;+33 895020414
Sofia Gonçalves;+39 725714646
Sofia Gomes;+351 983312725
Sofia Ferreira;+49 328787037
Sofia Fernandes;+39 254587227
Sofia Alves;+351 063200799
Sofia Silva;+43 654058354
Sofia Alves;+32 117363546
Sofia Santos;+49 958944049
Sofia Gonçalves;+32 927479621
Sofia Fernandes;+33 430680760
Sofia Pereira;+41 251562878
Sofia Ferreira;+43 816041448
Sofia Fernandes;+39 805332808
Sofia Silva;+351 800288855
Sofia Ferreira;+41 579887595
Sofia Santos;+44 155171745
Sofia Pereira;+32 160412117
Sofia Mendes;+44 679675379
Sofia Silva;+39 213000678
Sofia Martins;+33 386665212
Sofia Alves;+39 001538853
Sofia Silva;+41 808674454
Sofia Santos;+39 683777522
Sofia Martins;+43 856927938
Sofia Silva;+351 587457539
Sofia Gonçalves;+351 883534249
Sofia Ferreira;+39 892078987
Sofia Fernandes;+351 068633235
Sofia Alves;+44 781926937
Sofia Silva;+351 591785636
Sofia Mendes;+351 081338627
Sofia Santos;+32 520736694
Sofia Silva;+33 307573602
Sofia Gonçalves;+43 224882533
Sofia Alves;+49 396336965
Sofia Martins;+41 796119359
Sofia Silva;+32 366354669
Sofia Santos;+41 257248623
Sofia Fernandes;+351 409940458
Sofia Santos;+44 665978367
Sofia Gonçalves;+351 640564059
Sofia Santos;+33 100895264
Sofia Pereira;+33 934592389
Sofia Martins;+41 723839109
Sofia Martins;+33 458849322
Sofia Gomes;+44 314794222
Sofia Mendes;+43 451786562
Sofia Mendes;+43 777796099
Sofia Gomes;+41 823053901
Sofia Silva;+43 306917235
Sofia Gomes;+33 577743232
Sofia Fernandes;+44 152749819
Sofia Martins;+43 685414088
Sofia Santos;+41 344541686
Sofia Fernandes;+33 915901749
Sofia Gomes;+351 793946701
Sofia Pereira;+49 197288055
Sofia Fernandes;+49 439696431
Sofia Gomes;+44 168826060
Sofia Fernandes;+39 392694377
Sofia Gomes;+41 973317079
Sofia Gonçalves;+41 856138849
Sofia Gomes;+49 168517085
Sofia Gomes;+33 049861621
Sofia Pereira;+32 185441713
Sofia Pereira;+32 503359101
Sofia Pereira;+44 445538386
Sofia Alves;+44 938519398
Sofia Gomes;+33 113475676
Sofia Pereira;+43 579922030
Sofia Fernandes;+41 060571218
Sofia Santos;+44 235383581
Sofia Ferreira;+43 722957813
Sofia Silva;+41 589156050
Sofia Alves;+32 028086668
Sofia Gonçalves;+39 659379373
Sofia Martins;+49 583610111
Sofia Martins;+32 963048694
Sofia Ferreira;+49 066058701
Sofia Alves;+32 271277021
Sofia Gonçalves;+33 896130422
Sofia Santos;+39 008727787
Sofia Silva;+33 577560917
Sofia Gonçalves;+39 715824485
Sofia Gomes;+33 885636147
Sofia Fernandes;+41 074138603
Sofia Gonçalves;+39 233848370
Sofia Mendes;+49 021128453
Sofia Ferreira;+351 469664861
Sofia Gomes;+43 955638786
Sofia Alves;+49 389550626
Sofia Ferreira;+32 972229987
Sofia Santos;+43 997220488
Sofia Gomes;+33 596282893
Sofia Santos;+32 558922643
Sofia Gonçalves;+49 546986870
Sofia Pereira;+351 030334474
Sofia Ferreira;+43 305770709
Sofia Gonçalves;+44 944829576
