Ana Santos;+43 868144438
Ana Pereira;+32 446547844
Ana Gomes;+44 010778771
Ana Mendes;+39 252808220
Ana Pereira;+49 951763040
Ana Martins;+39 881648500
Ana Silva;+43 699923493
Ana Santos;+43 486242215
Ana Alves;+351 539532788
Ana Gomes;+39 679598125
Ana Fernandes;+32 876429408
Ana Fernandes;+33 295020249
Ana Martins;+32 009119399
Ana Gonçalves;+41 890882795
Ana Gonçalves;+41 153468615
Ana Fernandes;+43 430359069
Ana Mendes;+43 986314236
Ana Ferreira;+33 459628555
Ana Mendes;+44 870171887
Ana Martins;+49 882522866
Ana Mendes;+44 067565659
Ana Pereira;+32 129775382
Ana Silva;+351 860705668
Ana Alves;+33 752940385
Ana Martins;+32 801607488
Ana Mendes;+39 362641058
Ana Gonçalves;+49 205628685
Ana Gonçalves;+32 580795992
Ana Alves;+39 810241085
Ana Gomes;+32 596308639
Ana Alves;+43 522996890
Ana Gomes;+49 165639772
Ana Santos;+33 267147715
Ana Pereira;+33 863682802
Ana Alves;+43 296727959
Ana Gonçalves;+49 949569472
Ana Alves;+351 516164901
Ana Mendes;+33 199207833
Ana Gonçalves;+49 817551122
Ana Gonçalves;+351 504025375
Ana Pereira;+33 177218667
Ana Gomes;+44 301531904
Ana Silva;+41 637962959
Ana Silva;+49 976566868
Ana Alves;+44 222845362
Ana Alves;+351 406027778
Ana Pereira;+44 998918185
Ana Pereira;+43 882843342
Ana Mendes;+32 427175974
Ana Silva;+49 538609840
Ana Alves;+33 595466689
Ana Pereira;+32 087759475
Ana Santos;+41 950974859
Ana Pereira;+43 647275577
Ana Fernandes;+43 968285183
Ana Gomes;+33 709487255
Ana Mendes;+39 673496426
Ana Ferreira;+43 177035111
Ana Mendes;+39 892802006
Ana Mendes;+33 657536947
Ana Silva;+33 123804573
Ana Santos;+32 021677056
Ana Ferreira;+32 830165788
Ana Martins;+44 740457919
Ana Gomes;+41 116744718
Ana Fernandes;+49 108992704
Ana Fernandes;+39 129209800
Ana Alves;+44 638967409
Ana Alves;+32 512897710
Ana Gonçalves;+39 411851230
Ana Ferreira;+351 275388483
Ana Ferreira;+49 389673118
Ana Fernandes;+41 140674681
Ana Gonçalves;+49 654341422
Ana Alves;+49 359314772
Ana Pereira;+43 779853345
Ana Gomes;+33 174080057
Ana Alves;+351 238171611
Ana Martins;+43 400003839
Ana Gonçalves;+44 649532469
Ana Martins;+41 010976825
Ana Gonçalves;+33 784998391
Ana Fernandes;+49 727312461
Ana Pereira;+32 128863660
Ana Ferreira;+49 995351346
Ana Pereira;+41 142349067
Ana Gonçalves;+44 893719226
Ana Pereira;+39 478522967
Ana Gonçalves;+49 026160813
Ana Fernandes;+41 187855985
Ana Mendes;+33 071355915
Ana Pereira;+39 158702940
Ana Ferreira;+49 946770732
Ana Silva;+41 480890821
Ana Silva;+351 129423944
Ana Mendes;+44 240782824
Ana Alves;+41 152035058
Ana Gonçalves;+44 521750858
Ana Alves;+43 855105339
Ana Alves;+33 118325245
