Sofia Santos;+43 382402826
Sofia Gonçalves;+39 291918794
Sofia Fernandes;+41 779185165
Sofia Santos;+43 029734911
Sofia Alves;+41 830923442
Sofia Ferreira;+41 648085297
Sofia Gomes;+44 723211153
Sofia Alves;+351 748031519
Sofia Pereira;+32 611503309
Sofia Alves;+39 708712520
Sofia Alves;+43 288976223
Sofia Alves;+39 853871768
Sofia Gomes;+44 050263757
Sofia Mendes;+351 854537551
Sofia Pereira;+39 709793747
Sofia Santos;+33 120841865
Sofia Pereira;+44 635209529
Sofia Pereira;+44 616653317
Sofia Santos;+43 336587892
Sofia Santos;+351 379422165
Sofia Pereira;+33 035718458
Sofia Martins;+33 501241717
Sofia Santos;+49 933549023
Sofia Fernandes;+43 964045917
Sofia Alves;+351 020479942
Sofia Alves;+32 579329312
Sofia Silva;+32 363096260
Sofia Mendes;+351 205470047
Sofia Gonçalves;+41 439782315
Sofia Gonçalves;+32 881448461
Sofia Gomes;+43 861218829
Sofia Alves;+43 834534935
Sofia Gomes;+44 329632767
Sofia Martins;+351 354073144
Sofia Gomes;+43 438655969
Sofia Martins;+44 981853799
Sofia Martins;+39 347733030
Sofia Martins;+351 227890253
Sofia Alves;+351 436559225
Sofia Ferreira;+44 563825741
Sofia Alves;+32 247708505
Sofia Silva;+33 683629630
Sofia Santos;+33 229610388
Sofia Gonçalves;+33 894210640
Sofia Santos;+41 778088869
Sofia Fernandes;+351 704022901
Sofia Silva;+49 889685051
Sofia Mendes;+351 955320471
Sofia Ferreira;+43 746525159
Sofia Fernandes;+49 640492236
Sofia Silva;+49 348048217
Sofia Martins;+44 049478445
Sofia Alves;+49 693930738
Sofia Gonçalves;+49 909590564
Sofia Ferreira;+41 678301653
Sofia Pereira;+32 799462785
Sofia Martins;+43 037170772
Sofia Santos;+41 526989004
Sofia Gomes;+32 833371762
Sofia Gomes;+39 381125748
Sofia Gomes;+41 248872965
Sofia Gonçalves;+43 545685594
Sofia Pereira;+41 809810196
Sofia Martins;+49 828044945
Sofia Fernandes;+44 962763011
Sofia Mendes;+44 912677701
Sofia Martins;+49 446665352
Sofia Alves;+49 641023647
Sofia Gonçalves;+44 337577746
Sofia Fernandes;+43 232592743
Sofia Mendes;+32 103776273
Sofia Ferreira;+33 788905330
Sofia Martins;+39 830068030
Sofia Pereira;+32 660130166
Sofia Mendes;+39 486092130
Sofia Pereira;+43 734306698
Sofia Mendes;+32 253802081
Sofia Mendes;+41 962279902
Sofia Gomes;+39 629123452
Sofia Gonçalves;+33 862502840
Sofia Fernandes;+43 425803611
Sofia Alves;+39 675294474
Sofia Gonçalves;+32 830082035
Sofia Mendes;+39 613274460
Sofia Gomes;+351 926987128
Sofia Fernandes;+44 724928278
Sofia Ferreira;+49 782685720
Sofia Santos;+49 249581400
Sofia Alves;+43 164255398
Sofia Mendes;+33 456867400
Sofia Gonçalves;+49 527187558
Sofia Gomes;+33 377494141
Sofia Martins;+44 319192196
Sofia Santos;+351 672022360
Sofia Martins;+49 209850424
Sofia Silva;+351 932803125
Sofia Pereira;+44 570398252
Sofia Martins;+39 889462962
Sofia Gomes;+43 176596131
Sofia Alves;+49 670541843
