Carlos Pereira;+41 075647767
Carlos Pereira;+39 684259383
Catarina Silva;+39 813093326
Carlos Pereira;+351 453995780
Carlos Gomes;+41 819596601
Catarina Gonçalves;+33 720395718
Carlos Alves;+41 058051590
Carlos Pereira;+351 752107805
Catarina Santos;+39 345397648
Catarina Gomes;+43 317492459
Carlos Martins;+39 849212998
Catarina Santos;+32 399306526
Catarina Gonçalves;+41 202940064
Catarina Pereira;+44 154688039
Carlos Fernandes;+43 349407649
Carlos Pereira;+44 728279359
Carlos Gomes;+44 752531862
Carlos Mendes;+49 950116682
Carlos Alves;+39 612069433
Catarina Mendes;+44 713463892
Carlos Mendes;+41 954994099
Carlos Pereira;+41 863902495
Carlos Ferreira;+351 509536353
Carlos Fernandes;+49 126446872
Catarina Mendes;+44 075853883
Carlos Gomes;+33 841976255
Carlos Ferreira;+44 777023225
Carlos Mendes;+33 396419539
Carlos Alves;+43 474383853
Carlos Silva;+49 875487423
Catarina Fernandes;+33 094352762
Carlos Alves;+351 144319354
Carlos Ferreira;+39 131730046
Carlos Pereira;+49 040086686
Catarina Alves;+43 353962003
Catarina Silva;+43 916853956
Carlos Martins;+351 821327243
Carlos Martins;+43 077978739
Carlos Mendes;+49 564486978
Carlos Santos;+33 355928614
Catarina Gonçalves;+33 264139754
Catarina Mendes;+44 777093754
Carlos Martins;+43 309815760
Catarina Gomes;+44 799375461
Carlos Mendes;+351 734169777
Catarina Alves;+351 371330933
Carlos Martins;+41 422602917
Carlos Pereira;+39 201658388
Catarina Santos;+351 755105970
Carlos Martins;+33 957885773
Carlos Gonçalves;+41 457447053
Carlos Alves;+49 586306733
Carlos Silva;+43 575081956
Carlos Alves;+33 761412918
Carlos Fernandes;+44 695271704
Catarina Martins;+32 499194164
Catarina Silva;+49 341716650
Catarina Gonçalves;+32 301898674
Catarina Martins;+44 721579499
Catarina Gomes;+44 309450797
Catarina Pereira;+41 390385745
Catarina Pereira;+43 861503549
Carlos Mendes;+39 421895217
Carlos Martins;+41 636275120
Catarina Gomes;+351 495683479
Catarina Ferreira;+39 979569219
Catarina Santos;+44 828948282
Catarina Alves;+49 435425393
Carlos Martins;+44 765504906
Carlos Martins;+32 851067271
Carlos Ferreira;+351 223380855
Carlos Martins;+351 439386511
Carlos Fernandes;+351 133969855
Catarina Alves;+39 688169497
Carlos Mendes;+32 328013605
Carlos Alves;+41 706594535
Carlos Ferreira;+33 960170328
Carlos Gomes;+41 405052665
Catarina Fernandes;+44 733395916
Catarina Alves;+32 516783347
Carlos Martins;+351 998595055
Carlos Ferreira;+32 671385655
Carlos Pereira;+39 574584784
Carlos Martins;+32 227833376
Carlos Alves;+49 557894536
Catarina Santos;+43 469836008
Catarina Pereira;+49 637472774
Carlos Alves;+33 128414260
Catarina Santos;+32 368583276
Carlos Martins;+44 483613219
Catarina Santos;+41 002076617
Catarina Pereira;+41 764501638
Carlos Mendes;+351 082692847
Catarina Santos;+32 615468040
Catarina Martins;+33 631948561
Carlos Fernandes;+351 086984788
Catarina Martins;+41 956209037
Carlos Santos;+39 665521633
Catarina Silva;+32 937571081
Carlos Gonçalves;+32 212312994
