Rui Pereira;+39 853722995
Ricardo Fernandes;+44 090799995
Rui Gonçalves;+44 223072708
Rui Mendes;+32 857166385
Rui Santos;+49 885057237
Ricardo Gomes;+44 694043694
Ricardo Silva;+43 746864611
Rui Ferreira;+39 521420113
Ricardo Fernandes;+41 801320735
Ricardo Mendes;+32 398957733
Ricardo Martins;+41 945150226
Rui Mendes;+33 993818476
Ricardo Alves;+351 841373601
Rui Santos;+43 514400958
Rui Santos;+41 232837237
Ricardo Alves;+43 878766844
Ricardo Martins;+33 402259847
Rui Gonçalves;+39 891098785
Ricardo Fernandes;+351 854661084
Rui Gonçalves;+33 746965352
Rui Martins;+33 536938985
Ricardo Ferreira;+351 696740114
Rui Pereira;+44 791340204
Ricardo Martins;+351 477430565
Ricardo Ferreira;+33 365471043
Ricardo Silva;+33 176488818
Rui Santos;+44 573044239
Rui Gomes;+44 164109733
Ricardo Pereira;+32 270024925
Rui Fernandes;+39 448232133
Ricardo Martins;+32 770360041
Ricardo Alves;+33 305319158
Ricardo Mendes;+33 457513468
Rui Ferreira;+33 095794112
Ricardo Fernandes;+43 128296874
Ricardo Martins;+351 015295800
Ricardo Gonçalves;+33 972615197
Rui Silva;+32 535235049
Ricardo Gomes;+44 199345356
Rui Gonçalves;+41 750955827
Rui Martins;+49 858246117
Rui Martins;+351 953420593
Rui Gonçalves;+44 631595267
Rui Gomes;+49 071575692
Ricardo Alves;+44 542201236
Rui Martins;+39 010229683
Rui Santos;+39 458564131
Rui Mendes;+32 629176294
Ricardo Alves;+351 999219152
Rui Gonçalves;+41 772483906
Ricardo Gonçalves;+39 049633151
Ricardo Ferreira;+39 661887950
Ricardo Gomes;+43 064167207
Ricardo Mendes;+32 837455195
Ricardo Gonçalves;+351 956583673
Rui Mendes;+49 561981694
Ricardo Alves;+33 299122038
Ricardo Ferreira;+351 153068559
Rui Silva;+44 624507941
Rui Alves;+351 532632881
Ricardo Gomes;+43 468447163
Ricardo Gonçalves;+351 086185109
Rui Gomes;+49 242155840
Ricardo Gomes;+33 553126275
Rui Santos;+44 208294009
Rui Fernandes;+32 497909906
Ricardo Fernandes;+43 480963129
Rui Mendes;+32 247793346
Rui Alves;+44 766415747
Rui Pereira;+43 429840220
Rui Santos;+33 765238077
Ricardo Santos;+44 494294100
Rui Fernandes;+39 390249208
Ricardo Santos;+33 949052791
Rui Silva;+41 193819526
Rui Gonçalves;+39 467362072
Ricardo Gonçalves;+49 440689928
Ricardo Alves;+351 678123538
Rui Alves;+351 800472258
Ricardo Fernandes;+44 196538143
Rui Santos;+351 646437200
Rui Fernandes;+49 923069141
Ricardo Mendes;+41 821723806
Rui Santos;+351 653872358
Ricardo Ferreira;+351 374673582
Ricardo Martins;+351 009261695
Ricardo Pereira;+33 865209562
Rui Gomes;+33 255007811
Ricardo Silva;+39 627653637
Ricardo Ferreira;+351 162390387
Rui Gonçalves;+39 049265100
Rui Pereira;+43 752100930
Ricardo Alves;+351 835960153
Rui Fernandes;+351 023100099
Rui Mendes;+44 074094936
Ricardo Santos;+49 318117221
Ricardo Ferreira;+41 669947387
Ricardo Silva;+32 228581446
Rui Gonçalves;+41 847544769
Ricardo Martins;+43 204884764
