Ricardo Gonçalves;+39 377580761
Ricardo Fernandes;+39 230164085
Rui Alves;+39 330456494
Rui Gomes;+49 325643196
Rui Mendes;+41 170218980
Rui Fernandes;+32 987336728
Ricardo Alves;+32 106455547
Rui Gonçalves;+32 071508772
Rui Ferreira;+44 213961644
Rui Mendes;+49 138816011
Rui Gonçalves;+33 408631225
Rui Alves;+32 163213667
Rui Mendes;+32 089792395
Ricardo Fernandes;+39 770323968
Ricardo Santos;+33 689280037
Rui Ferreira;+32 311452015
Ricardo Santos;+33 068486078
Ricardo Gomes;+351 434754809
Rui Mendes;+33 478596774
Ricardo Silva;+41 084077410
Rui Gonçalves;+351 147773203
Rui Alves;+33 963432927
Ricardo Silva;+49 922033700
Ricardo Pereira;+351 615431235
Rui Alves;+351 555267259
Ricardo Santos;+33 633153331
Ricardo Pereira;+32 559527841
Ricardo Martins;+44 725753230
Ricardo Fernandes;+43 811891798
Ricardo Mendes;+351 799856996
Ricardo Gonçalves;+33 351903257
Rui Fernandes;+33 304597627
Rui Pereira;+39 739277149
Rui Alves;+44 842088691
Ricardo Martins;+44 518813513
Rui Alves;+41 433111773
Rui Martins;+33 717879922
Rui Ferreira;+32 096955215
Rui Pereira;+351 402830086
Rui Gomes;+44 640628329
Rui Pereira;+44 814487333
Ricardo Fernandes;+351 624023163
Rui Silva;+44 173634683
Rui Martins;+41 600828534
Rui Santos;+41 658742894
Ricardo Silva;+43 241281818
Rui Alves;+43 930984740
Ricardo Fernandes;+49 633882713
Ricardo Pereira;+49 149107513
Ricardo Gonçalves;+41 784728267
Rui Santos;+44 094814755
Rui Santos;+49 184593570
Rui Ferreira;+39 315122792
Rui Silva;+43 248099254
Ricardo Silva;+43 024537720
Ricardo Martins;+43 627050235
Rui Mendes;+44 855220818
Ricardo Gomes;+39 024722673
Ricardo Martins;+43 873313794
Ricardo Gonçalves;+43 461447247
Rui Martins;+351 349712648
Rui Martins;+44 402485366
Rui Santos;+351 189255288
Rui Ferreira;+49 110015350
Rui Martins;+32 960352668
Ricardo Alves;+43 792776708
Rui Santos;+351 135074549
Ricardo Silva;+39 868297558
Ricardo Silva;+351 052147076
Rui Gomes;+32 543614017
Ricardo Silva;+39 189613484
Ricardo Alves;+351 724319573
Rui Gomes;+32 682916214
Ricardo Ferreira;+41 138210601
Rui Gonçalves;+39 633836627
Rui Martins;+41 393038301
Rui Pereira;+41 353397041
Ricardo Mendes;+39 507930026
Ricardo Silva;+351 857019475
Rui Santos;+351 023070575
Rui Santos;+33 373119919
Ricardo Gonçalves;+44 391347797
Ricardo Gomes;+41 333546995
Ricardo Silva;+44 622394434
Rui Silva;+43 028844331
Rui Mendes;+39 156023203
Rui Gomes;+39 052077969
Rui Gomes;+49 785156941
Ricardo Ferreira;+33 290575237
Ricardo Gonçalves;+43 909150034
Rui Silva;+33 624914480
Ricardo Mendes;+33 460555238
Rui Pereira;+49 547031958
Ricardo Ferreira;+351 919027809
Rui Silva;+39 776783007
Rui Fernandes;+49 204047371
Rui Ferreira;+41 866112899
Rui Santos;+49 539608653
Ricardo Gomes;+32 556757100
Ricardo Mendes;+44 261816146
