Carlos Martins;+32 106195037
Catarina Silva;+49 773058948
Catarina Ferreira;+351 040497141
Catarina Martins;+32 272270177
Catarina Alves;+33 496553695
Carlos Gonçalves;+44 491999379
Carlos Santos;+32 298246288
Carlos Mendes;+44 021645847
Carlos Gonçalves;+32 018359855
Catarina Martins;+49 437509720
Carlos Santos;+41 685266233
Catarina Alves;+39 862956419
Catarina Ferreira;+39 840976596
Catarina Martins;+43 626099181
Catarina Gomes;+32 900765190
Carlos Silva;+33 696511767
Carlos Mendes;+39 592046399
Catarina Pereira;+33 531935826
Carlos Mendes;+49 757201082
Carlos Ferreira;+49 208860540
Carlos Alves;+351 489696945
Catarina Ferreira;+44 069448964
Carlos Martins;+41 010954783
Carlos Silva;+39 924666225
Catarina Ferreira;+39 286656639
Catarina Santos;+44 280755291
Catarina Pereira;+43 460934812
Carlos Gomes;+44 754935744
Catarina Ferreira;+44 234317649
Catarina Alves;+43 574978949
Carlos Santos;+351 345798472
Carlos Fernandes;+49 558966134
Catarina Gonçalves;+44 728064260
Catarina Gonçalves;+49 167755453
Catarina Mendes;+32 266015594
Carlos Fernandes;+33 296822125
Catarina Santos;+41 543369692
Carlos Gonçalves;+43 365525050
Catarina Ferreira;+41 850838569
Catarina Gonçalves;+49 205363173
Catarina Pereira;+41 620119252
Carlos Martins;+41 157064699
Catarina Mendes;+32 774057395
Carlos Silva;+43 491530910
Carlos Martins;+49 326656452
Catarina Ferreira;+351 248165374
Carlos Gonçalves;+44 601589658
Carlos Alves;+351 699339828
Carlos Pereira;+43 628587927
Carlos Pereira;+32 691170662
Carlos Mendes;+43 682884037
Carlos Gonçalves;+32 995455212
Carlos Gomes;+41 544471793
Catarina Martins;+351 962009456
Catarina Fernandes;+43 831870089
Carlos Ferreira;+41 644176381
Carlos Alves;+43 973605503
Catarina Fernandes;+39 713038751
Carlos Silva;+49 203210146
Carlos Gomes;+49 007847318
Catarina Silva;+41 716501479
Carlos Gomes;+351 635486422
Carlos Alves;+44 214812766
Carlos Martins;+49 840487842
Catarina Fernandes;+32 973483937
Carlos Mendes;+351 192613930
Catarina Gomes;+44 544429158
Catarina Fernandes;+32 686621108
Carlos Gonçalves;+43 058700626
Carlos Ferreira;+41 486543087
Catarina Ferreira;+44 826400895
Carlos Santos;+33 514823977
Catarina Ferreira;+32 971052233
Carlos Fernandes;+49 386809100
Carlos Mendes;+33 061165194
Catarina Pereira;+351 731486119
Carlos Martins;+33 629618574
Catarina Santos;+39 918587196
Carlos Gomes;+32 733166821
Catarina Fernandes;+39 344164119
Carlos Fernandes;+49 358100678
Catarina Alves;+43 719815039
Carlos Santos;+49 758098795
Catarina Gomes;+44 770653688
Carlos Fernandes;+49 870430244
Catarina Fernandes;+41 569060691
Carlos Mendes;+33 940702130
Catarina Fernandes;+32 407052597
Carlos Ferreira;+39 054487396
Carlos Mendes;+43 172020430
Catarina Silva;+43 336099017
Carlos Silva;+44 478279060
Catarina Gonçalves;+39 452482125
Carlos Ferreira;+44 090348547
Catarina Martins;+41 648702314
Catarina Santos;+32 970099110
Catarina Santos;+43 061340952
Catarina Gomes;+351 858198782
Carlos Gonçalves;+39 708242209
Carlos Ferreira;+49 228265164
