Ricardo Gonçalves;+39 284481192
Ricardo Ferreira;+32 732303602
Ricardo Gomes;+43 921211289
Rui Fernandes;+351 083980656
Rui Mendes;+41 436559311
Ricardo Ferreira;+44 362345931
Ricardo Gonçalves;+33 151494082
Ricardo Gomes;+41 823342060
Rui Santos;+33 403447418
Ricardo Gomes;+43 546827709
Rui Gonçalves;+49 594927397
Rui Ferreira;+49 347661885
Ricardo Ferreira;+41 939722535
Rui Silva;+41 279767184
Ricardo Gonçalves;+32 576878863
Ricardo Ferreira;+351 329723524
Rui Ferreira;+49 024168589
Ricardo Pereira;+49 282525276
Ricardo Pereira;+49 685418439
Rui Pereira;+351 896681541
Ricardo Gonçalves;+32 478497127
Rui Silva;+32 858492750
Rui Santos;+41 603634981
Ricardo Gonçalves;+39 608010747
Ricardo Santos;+39 284834937
Ricardo Gomes;+43 218470582
Ricardo Ferreira;+43 510957393
Ricardo Gomes;+44 256856325
Ricardo Martins;+39 211724065
Ricardo Gonçalves;+44 725573853
Rui Pereira;+351 474763428
Rui Silva;+33 293705077
Ricardo Santos;+44 993594516
Rui Silva;+44 924401048
Ricardo Pereira;+43 416472605
Rui Martins;+41 871620115
Rui Santos;+43 282293073
Ricardo Alves;+32 749053526
Ricardo Silva;+351 572286904
Rui Gomes;+351 916531000
Ricardo Gomes;+33 449861932
Rui Pereira;+39 360822571
Ricardo Mendes;+39 030392682
Rui Fernandes;+32 021752432
Ricardo Santos;+33 170857591
Rui Gomes;+49 888738974
Ricardo Mendes;+33 290896530
Ricardo Ferreira;+43 752273036
Rui Gonçalves;+32 031083758
Ricardo Gonçalves;+41 056320874
Ricardo Martins;+32 995153044
Ricardo Gomes;+351 599889838
Rui Silva;+33 735558185
Rui Gonçalves;+44 376530004
Ricardo Mendes;+49 492718469
Rui Alves;+32 113430354
Rui Martins;+351 192528159
Rui Fernandes;+32 721079027
Ricardo Gomes;+32 825242182
Ricardo Gonçalves;+43 049598710
Ricardo Martins;+43 863959118
Ricardo Pereira;+49 264980427
Ricardo Gomes;+32 157330233
Ricardo Ferreira;+33 944296901
Ricardo Gomes;+39 119729554
Ricardo Ferreira;+351 244259665
Ricardo Martins;+33 175021095
Rui Martins;+44 273819630
Ricardo Gonçalves;+44 842510771
Ricardo Ferreira;+49 318203463
Rui Mendes;+49 534142897
Ricardo Santos;+33 039445204
Ricardo Mendes;+41 354378418
Rui Gomes;+32 945408089
Ricardo Silva;+41 389824991
Rui Alves;+44 341491179
Rui Silva;+49 287304472
Ricardo Ferreira;+41 513622315
Ricardo Pereira;+33 164754895
Ricardo Ferreira;+41 807005442
Ricardo Silva;+43 956116860
Rui Alves;+39 743042470
Ricardo Mendes;+39 096502417
Ricardo Gomes;+43 397108623
Ricardo Fernandes;+39 101491610
Rui Mendes;+351 178363014
Ricardo Alves;+39 607228307
Rui Santos;+41 536291214
Ricardo Ferreira;+43 937330411
Rui Pereira;+33 093686553
Rui Gomes;+49 282335537
Rui Pereira;+32 265333419
Rui Pereira;+43 121401255
Rui Alves;+43 093214038
Ricardo Gomes;+39 214437210
Ricardo Mendes;+39 682983866
Ricardo Santos;+44 697003474
Ricardo Martins;+32 361259131
Ricardo Pereira;+49 014287080
Rui Mendes;+39 294158244
