Rui Mendes;+44 398762950
Ricardo Santos;+33 112820739
Rui Mendes;+44 082360990
Ricardo Gonçalves;+43 954573161
Rui Santos;+49 828709398
Ricardo Gonçalves;+41 568720583
Ricardo Silva;+39 548526800
Ricardo Alves;+39 630022127
Ricardo Ferreira;+39 211845832
Rui Gomes;+32 959204714
Ricardo Gomes;+351 219897465
Ricardo Gonçalves;+49 720954029
Rui Ferreira;+351 388244494
Rui Silva;+41 443972565
Rui Pereira;+43 645205733
Ricardo Mendes;+351 508301337
Rui Alves;+39 686878402
Rui Ferreira;+351 568557718
Rui Gonçalves;+49 715016896
Ricardo Mendes;+44 552433846
Rui Fernandes;+33 230991887
Ricardo Fernandes;+351 465395440
Rui Santos;+41 185498354
Ricardo Silva;+39 109888584
Ricardo Gonçalves;+351 826314605
Rui Martins;+41 117958561
Ricardo Silva;+41 361866092
Ricardo Ferreira;+44 151096519
Ricardo Silva;+44 066961696
Rui Fernandes;+43 022792355
Rui Fernandes;+351 077312254
Rui Gonçalves;+32 453129455
Ricardo Fernandes;+32 073768426
Ricardo Pereira;+44 521021090
Rui Gonçalves;+43 155853213
Rui Martins;+41 394125351
Rui Silva;+39 539693040
Ricardo Fernandes;+39 639247652
Rui Silva;+32 844445764
Ricardo Gonçalves;+43 727601235
Ricardo Santos;+49 030837697
Ricardo Silva;+351 087556108
Rui Gonçalves;+41 912293145
Rui Martins;+43 663313204
Ricardo Ferreira;+32 113683019
Rui Silva;+49 753258195
Ricardo Gonçalves;+39 093908228
Rui Alves;+49 268335090
Ricardo Ferreira;+43 345234959
Ricardo Gomes;+39 794115861
Ricardo Martins;+351 719203483
Ricardo Gomes;+41 307621170
Ricardo Mendes;+49 370433851
Ricardo Gomes;+33 977547781
Ricardo Santos;+39 860553815
Rui Ferreira;+44 795645503
Ricardo Silva;+44 473060498
Rui Santos;+41 676559332
Ricardo Gonçalves;+32 360991465
Rui Martins;+32 771654114
Rui Mendes;+33 499392598
Ricardo Mendes;+43 926743339
Ricardo Santos;+39 441842341
Ricardo Pereira;+351 027721906
Ricardo Gomes;+44 091695389
Rui Silva;+39 334735224
Rui Fernandes;+49 847250052
Ricardo Mendes;+33 796925006
Ricardo Gomes;+43 289550368
Rui Silva;+33 620821131
Ricardo Silva;+351 471213254
Rui Mendes;+39 817987352
Rui Pereira;+43 297369684
Rui Pereira;+49 452636103
Rui Alves;+39 380603465
Rui Pereira;+49 631613490
Rui Ferreira;+43 369670896
Ricardo Pereira;+44 147300073
Rui Ferreira;+41 556945249
Ricardo Silva;+49 082116150
Ricardo Mendes;+43 553417479
Rui Fernandes;+33 290262316
Rui Silva;+351 593938213
Rui Mendes;+49 368216760
Ricardo Santos;+351 385031513
Ricardo Fernandes;+41 403289484
Rui Fernandes;+49 944561829
Rui Alves;+44 095483091
Rui Santos;+32 868433283
Ricardo Martins;+33 096181439
Rui Martins;+41 347386524
Ricardo Mendes;+43 309472739
Ricardo Fernandes;+32 320091008
Rui Gonçalves;+39 458349720
Rui Gomes;+33 410570978
Ricardo Ferreira;+41 660607141
Ricardo Fernandes;+44 288622121
Rui Alves;+32 936724602
Ricardo Gomes;+49 866034177
Ricardo Pereira;+39 437871477
