Carlos Martins;+32 130646120
Carlos Silva;+33 097409454
Carlos Alves;+41 565833826
Catarina Martins;+39 230296555
Carlos Pereira;+39 984812361
Catarina Gomes;+351 966847111
Catarina Gomes;+49 647463882
Carlos Martins;+33 962483014
Carlos Santos;+49 185210195
Catarina Gonçalves;+39 786514552
Carlos Silva;+49 468197701
Carlos Pereira;+39 823264054
Catarina Martins;+49 164554654
Catarina Ferreira;+39 803921378
Carlos Gonçalves;+41 119512992
Carlos Fernandes;+351 263301532
Carlos Alves;+33 217713350
Catarina Gomes;+43 063446798
Carlos Fernandes;+43 355700856
Catarina Gonçalves;+33 119171824
Carlos Pereira;+43 281990443
Carlos Gomes;+49 742830875
Catarina Ferreira;+33 242880030
Catarina Fernandes;+33 092937063
Carlos Mendes;+49 675413393
Carlos Ferreira;+43 077862018
Carlos Mendes;+41 000542822
Catarina Alves;+39 778823320
Catarina Gonçalves;+41 239588596
Catarina Fernandes;+33 764938982
Catarina Gonçalves;+49 955481691
Carlos Silva;+33 707847278
Catarina Ferreira;+33 528690899
Catarina Pereira;+351 788727343
Carlos Silva;+44 035293836
Catarina Martins;+33 969528685
Carlos Ferreira;+33 470417199
Catarina Gomes;+351 615439681
Carlos Ferreira;+49 680168161
Carlos Gomes;+33 067423386
Catarina Pereira;+33 341065729
Catarina Martins;+49 345170271
Carlos Pereira;+43 120035304
Carlos Santos;+44 675958882
Catarina Fernandes;+43 636922603
Catarina Mendes;+43 333943852
Carlos Mendes;+33 072777999
Carlos Silva;+41 481371294
Catarina Alves;+41 364298924
Carlos Silva;+44 324563285
Carlos Alves;+41 167879034
Carlos Pereira;+44 751274291
Catarina Pereira;+39 549357204
Catarina Ferreira;+33 251776474
Catarina Gomes;+32 702543764
Carlos Gomes;+32 397273747
Carlos Gonçalves;+41 884543765
Carlos Gonçalves;+49 634833117
Catarina Pereira;+351 978866824
Carlos Martins;+41 853661642
Catarina Silva;+43 975429005
Carlos Martins;+41 383675915
Carlos Alves;+33 584537312
Catarina Alves;+351 497278023
Carlos Gomes;+39 276007531
Carlos Pereira;+41 394330655
Carlos Santos;+351 943515043
Carlos Mendes;+351 152045482
Carlos Fernandes;+44 720666478
Carlos Silva;+44 878986387
Carlos Fernandes;+49 245283203
Catarina Gomes;+33 625724061
Carlos Fernandes;+43 049566687
Carlos Fernandes;+351 890653121
Catarina Gomes;+39 620436180
Carlos Mendes;+43 500074084
Carlos Alves;+33 116925615
Carlos Gomes;+41 467771171
Catarina Santos;+41 371356916
Carlos Alves;+39 802146250
Catarina Alves;+49 852255225
Carlos Ferreira;+43 734129902
Carlos Fernandes;+43 506990839
Catarina Mendes;+44 960544369
Carlos Gonçalves;+43 641228872
Catarina Santos;+43 449372440
Carlos Alves;+44 937488017
Catarina Fernandes;+33 323000198
Catarina Silva;+41 600755753
Carlos Ferreira;+39 757828054
Catarina Santos;+32 119603651
Catarina Alves;+49 660607224
Carlos Silva;+39 099216577
Catarina Mendes;+41 656811764
Carlos Pereira;+39 704146414
Catarina Santos;+33 966920786
Catarina Martins;+49 008194422
Catarina Ferreira;+33 365970426
Carlos Santos;+33 055884207
Catarina Fernandes;+44 389895502
