Ana Gomes;+44 720613857
Ana Pereira;+49 149790433
Ana Fernandes;+49 670822305
Ana Gonçalves;+43 297119468
Ana Fernandes;+33 384533863
Ana Silva;+33 691524475
Ana Martins;+49 807779373
Ana Silva;+32 744173687
Ana Fernandes;+33 537134897
Ana Ferreira;+43 701422105
Ana Fernandes;+43 346972929
Ana Ferreira;+32 410368081
Ana Fernandes;+41 939832989
Ana Santos;+49 315724062
Ana Ferreira;+49 500560847
Ana Pereira;+33 688155801
Ana Fernandes;+39 845536516
Ana Gonçalves;+41 866298145
Ana Pereira;+39 916021684
Ana Silva;+32 839795526
Ana Fernandes;+41 960579702
Ana Gomes;+351 544282241
Ana Alves;+44 411605635
Ana Gomes;+39 379131727
Ana Ferreira;+49 070478851
Ana Santos;+43 762055804
Ana Santos;+49 014047911
Ana Fernandes;+41 857653585
Ana Mendes;+43 226611895
Ana Santos;+44 309054507
Ana Gonçalves;+41 683756988
Ana Gomes;+39 199533427
Ana Gomes;+41 561649487
Ana Silva;+33 302508319
Ana Gomes;+32 013106784
Ana Martins;+49 893469029
Ana Gonçalves;+44 361149038
Ana Martins;+33 824902569
Ana Santos;+44 759481186
Ana Silva;+49 974286046
Ana Pereira;+39 071184345
Ana Pereira;+41 608335075
Ana Gomes;+43 405027637
Ana Silva;+44 864710307
Ana Pereira;+44 932092334
Ana Gomes;+33 756948629
Ana Pereira;+33 607481984
Ana Alves;+351 059774401
Ana Fernandes;+39 127438319
Ana Martins;+44 571880184
Ana Silva;+43 086304887
Ana Silva;+44 713970927
Ana Fernandes;+49 979489102
Ana Silva;+49 497628528
Ana Silva;+351 239430008
Ana Mendes;+44 148274194
Ana Gomes;+351 800886500
Ana Ferreira;+351 339794867
Ana Mendes;+32 845378705
Ana Alves;+33 572120282
Ana Santos;+49 083680030
Ana Pereira;+43 515863970
Ana Gomes;+43 879488674
Ana Santos;+49 312083707
Ana Ferreira;+44 554211703
Ana Pereira;+32 318937157
Ana Santos;+351 452950650
Ana Mendes;+44 747311675
Ana Martins;+39 192706010
Ana Martins;+43 114219595
Ana Mendes;+39 198983460
Ana Gomes;+32 421817009
Ana Mendes;+44 125454155
Ana Alves;+351 437710675
Ana Fernandes;+41 171625384
Ana Mendes;+33 423683689
Ana Ferreira;+39 348813602
Ana Santos;+43 801932017
Ana Gomes;+32 895180017
Ana Silva;+351 600622080
Ana Gomes;+39 280827674
Ana Ferreira;+49 368899227
Ana Mendes;+43 922638275
Ana Gonçalves;+44 513604897
Ana Silva;+33 811641258
Ana Silva;+43 956250443
Ana Gonçalves;+39 815822279
Ana Alves;+33 221764574
Ana Mendes;+351 689484985
Ana Mendes;+351 565573235
Ana Gonçalves;+43 832179327
Ana Mendes;+39 609826726
Ana Pereira;+41 492757018
Ana Fernandes;+44 340543331
Ana Mendes;+41 795666455
Ana Silva;+32 669707624
Ana Ferreira;+49 970409471
Ana Pereira;+351 458662669
Ana Santos;+39 246436070
Ana Fernandes;+32 389073932
