Carlos Mendes;+49 977699117
Catarina Alves;+43 105039533
Carlos Santos;+33 859508016
Catarina Fernandes;+32 490771866
Catarina Pereira;+41 922615295
Carlos Pereira;+41 010613929
Catarina Gomes;+32 437473359
Catarina Pereira;+32 406233687
Catarina Mendes;+351 864718214
Catarina Gonçalves;+49 761181291
Carlos Fernandes;+351 605219293
Catarina Pereira;+49 060410393
Carlos Gomes;+41 639707696
Catarina Ferreira;+39 833327661
Catarina Fernandes;+49 992936264
Carlos Pereira;+43 449746496
Catarina Santos;+351 296179735
Catarina Ferreira;+32 984948744
Carlos Gonçalves;+44 035825864
Carlos Fernandes;+351 997624588
Catarina Pereira;+41 643674132
Carlos Pereira;+43 657644958
Carlos Gonçalves;+44 634194424
Carlos Martins;+33 708218299
Carlos Ferreira;+39 342529251
Carlos Gonçalves;+351 841768765
Catarina Gonçalves;+49 332671944
Carlos Fernandes;+351 832253204
Carlos Silva;+32 960720232
Catarina Mendes;+351 637578831
Carlos Santos;+43 648086320
Catarina Santos;+39 529828416
Carlos Silva;+41 907523710
Catarina Fernandes;+43 057039323
Catarina Silva;+44 436380749
Catarina Martins;+44 662032504
Carlos Alves;+44 493867590
Catarina Gomes;+32 180449995
Catarina Gonçalves;+33 159339971
Carlos Gonçalves;+41 854303603
Catarina Silva;+351 828856010
Catarina Alves;+33 227660887
Catarina Santos;+39 876366738
Carlos Martins;+43 190666939
Carlos Martins;+49 277792421
Carlos Alves;+41 615351559
Carlos Alves;+44 443441906
Catarina Ferreira;+39 243962318
Carlos Gonçalves;+33 321732285
Carlos Gonçalves;+43 407465877
Catarina Silva;+33 624257865
Catarina Mendes;+41 257224151
Carlos Gonçalves;+32 348621850
Carlos Pereira;+32 916665246
Carlos Gomes;+351 425105945
Catarina Martins;+41 609704195
Catarina Fernandes;+33 122480529
Carlos Mendes;+32 012671546
Carlos Fernandes;+44 173454030
Carlos Pereira;+44 348090917
Carlos Ferreira;+39 714395672
Carlos Ferreira;+32 777536761
Catarina Martins;+49 335786827
Carlos Ferreira;+44 486109949
Carlos Ferreira;+41 764263900
Catarina Santos;+44 271169453
Carlos Alves;+32 002125713
Catarina Silva;+351 626779210
Catarina Ferreira;+33 330672336
Catarina Gonçalves;+41 477214003
Carlos Martins;+44 797724219
Carlos Gonçalves;+44 537538096
Carlos Gomes;+33 793671579
Catarina Santos;+49 639641462
Catarina Santos;+33 861818744
Catarina Alves;+33 697099662
Catarina Gomes;+32 182178765
Catarina Ferreira;+351 243053996
Carlos Gomes;+33 744835566
Carlos Santos;+351 278012418
Catarina Fernandes;+32 746938859
Catarina Gonçalves;+49 129720253
Carlos Ferreira;+49 523539455
Carlos Martins;+41 581700962
Catarina Alves;+43 952673778
Catarina Gomes;+351 083192778
Carlos Alves;+49 989202092
Carlos Gomes;+41 602950392
Carlos Fernandes;+44 822540686
Catarina Silva;+49 312029720
Carlos Silva;+49 845658907
Carlos Gonçalves;+39 292739438
Catarina Pereira;+49 203615736
Carlos Pereira;+44 442625224
Catarina Silva;+43 297893836
Catarina Ferreira;+33 904758519
Catarina Santos;+44 673158382
Carlos Fernandes;+32 487025937
Catarina Fernandes;+49 481336735
Carlos Fernandes;+351 164070187
