Catarina Pereira;+33 330624813
Catarina Santos;+44 611124516
Catarina Ferreira;+351 083795186
Carlos Santos;+351 780102842
Catarina Silva;+32 279663396
Carlos Martins;+33 674845481
Catarina Ferreira;+32 500317444
Catarina Martins;+32 180654698
Catarina Mendes;+351 573934708
Carlos Ferreira;+39 119187137
Carlos Gomes;+39 590711256
Catarina Silva;+33 652087673
Carlos Mendes;+44 689405346
Catarina Pereira;+32 971115950
Catarina Ferreira;+43 027455230
Catarina Alves;+351 270993114
Carlos Ferreira;+49 964757482
Carlos Martins;+32 831218187
Carlos Pereira;+41 751389701
Carlos Gomes;+32 948553363
Carlos Silva;+43 369044555
Carlos Pereira;+39 189947240
Carlos Fernandes;+44 335111626
Catarina Gonçalves;+351 873553637
Catarina Gomes;+32 994921313
Carlos Santos;+33 598530306
Carlos Silva;+32 453863139
Carlos Santos;+49 797586226
Catarina Fernandes;+49 454733264
Catarina Alves;+44 786636114
Catarina Ferreira;+39 036868423
Catarina Alves;+44 560829949
Catarina Ferreira;+43 027153206
Carlos Ferreira;+44 997503511
Catarina Gomes;+43 585643212
Catarina Mendes;+41 235853107
Carlos Mendes;+44 117714847
Carlos Mendes;+351 409163506
Catarina Gonçalves;+41 363806552
Catarina Martins;+39 649738975
Catarina Mendes;+43 204460005
Catarina Fernandes;+32 037981568
Catarina Fernandes;+44 777627133
Catarina Silva;+44 508725734
Carlos Mendes;+32 112646916
Carlos Alves;+43 307212839
Catarina Silva;+32 145041366
Carlos Mendes;+32 203394096
Carlos Fernandes;+41 057673036
Carlos Pereira;+44 132494700
Carlos Gonçalves;+39 397991922
Carlos Silva;+44 244160415
Catarina Fernandes;+43 704562789
Catarina Pereira;+49 058716227
Catarina Ferreira;+351 812702249
Carlos Martins;+33 988886071
Carlos Mendes;+44 649204461
Catarina Martins;+49 663809075
Catarina Gomes;+49 939488196
Carlos Fernandes;+44 341195818
Catarina Pereira;+43 497125448
Catarina Gomes;+43 839434395
Catarina Martins;+351 164641281
Catarina Santos;+351 535517532
Catarina Fernandes;+33 680439549
Catarina Alves;+41 287191413
Carlos Martins;+43 523112924
Catarina Mendes;+33 687288354
Carlos Ferreira;+49 059647877
Catarina Mendes;+44 093538587
Catarina Martins;+41 015420620
Catarina Silva;+32 010886879
Catarina Ferreira;+43 773170250
Carlos Mendes;+44 119456634
Catarina Ferreira;+33 052281672
Carlos Pereira;+39 138396429
Catarina Mendes;+44 822076663
Catarina Martins;+43 741808232
Carlos Santos;+39 017078778
Catarina Gonçalves;+49 401763043
Carlos Gomes;+32 446675755
Carlos Silva;+49 519071537
Carlos Mendes;+33 510844633
Carlos Gonçalves;+44 108046639
Carlos Martins;+41 582176241
Carlos Ferreira;+44 716286484
Catarina Santos;+41 865957093
Carlos Pereira;+43 320901196
Catarina Silva;+44 219626933
Catarina Gomes;+41 198887354
Carlos Silva;+44 742681532
Carlos Mendes;+41 994316421
Catarina Silva;+351 966962153
Carlos Gonçalves;+33 838453706
Catarina Fernandes;+41 775003061
Catarina Mendes;+49 209412435
Carlos Fernandes;+44 195752015
Catarina Ferreira;+32 668579364
Carlos Alves;+33 228848650
Catarina Alves;+44 331931262
