Carlos Gomes;+43 344046213
Catarina Fernandes;+44 862438334
Catarina Gonçalves;+32 284266982
Catarina Pereira;+43 755594092
Carlos Silva;+41 899282961
Catarina Gomes;+351 299966010
Carlos Fernandes;+44 462881805
Carlos Santos;+44 769431555
Catarina Ferreira;+351 060838209
Catarina Gonçalves;+49 758335850
Carlos Alves;+32 621560028
Catarina Fernandes;+49 268598426
Carlos Alves;+41 049212315
Catarina Mendes;+44 041854617
Catarina Ferreira;+43 211843001
Catarina Pereira;+351 874521928
Carlos Ferreira;+41 624966730
Carlos Ferreira;+43 000290644
Catarina Gonçalves;+49 234048455
Carlos Silva;+33 371574304
Catarina Fernandes;+43 619231965
Catarina Pereira;+39 180936579
Catarina Martins;+41 290238552
Carlos Gonçalves;+49 841094305
Carlos Ferreira;+49 384293074
Carlos Mendes;+32 293957439
Catarina Fernandes;+351 878969217
Catarina Mendes;+39 548753380
Catarina Alves;+32 475265241
Carlos Ferreira;+44 238771715
Carlos Santos;+44 046921659
Catarina Mendes;+43 216423485
Catarina Alves;+43 298004040
Catarina Santos;+33 259474855
Carlos Silva;+44 942228039
Carlos Santos;+351 612231588
Carlos Alves;+43 878468878
Catarina Pereira;+41 874745023
Catarina Ferreira;+33 057947095
Catarina Fernandes;+39 634766868
Carlos Fernandes;+43 883955934
Carlos Pereira;+33 903153665
Catarina Gonçalves;+32 221046089
Catarina Martins;+41 575010641
Carlos Ferreira;+44 773405836
Carlos Pereira;+43 981006101
Catarina Mendes;+44 193977160
Carlos Mendes;+33 054948427
Carlos Silva;+33 393658207
Catarina Gomes;+351 355999918
Carlos Martins;+43 286718690
Carlos Mendes;+351 289884128
Carlos Silva;+43 508126043
Carlos Martins;+39 833231280
Catarina Alves;+351 738258578
Carlos Ferreira;+49 119422596
Catarina Mendes;+39 432040423
Catarina Mendes;+351 567315452
Catarina Silva;+43 411475456
Carlos Fernandes;+351 879505280
Carlos Pereira;+351 474536301
Carlos Ferreira;+351 873713084
Carlos Santos;+43 791718756
Catarina Gomes;+32 174165290
Carlos Silva;+49 038885634
Carlos Gonçalves;+351 550278791
Catarina Silva;+32 300453487
Catarina Fernandes;+43 802572974
Catarina Silva;+32 894912913
Catarina Silva;+351 733970270
Carlos Ferreira;+44 190698845
Carlos Fernandes;+49 432545424
Catarina Mendes;+39 512274415
Carlos Pereira;+351 240971865
Carlos Ferreira;+49 253064748
Catarina Mendes;+44 646265059
Catarina Mendes;+33 564773210
Carlos Gomes;+39 622069306
Carlos Silva;+33 359702454
Catarina Alves;+41 349146555
Catarina Silva;+32 686938123
Catarina Fernandes;+39 913414858
Carlos Gonçalves;+32 886012900
Catarina Silva;+43 545481716
Catarina Gonçalves;+41 894277841
Catarina Silva;+351 631730335
Catarina Ferreira;+49 544647555
Catarina Gonçalves;+41 053179330
Catarina Alves;+33 420432180
Catarina Gomes;+41 925429198
Carlos Gonçalves;+43 646615633
Carlos Martins;+49 870263853
Carlos Santos;+43 987131594
Catarina Alves;+351 908707505
Catarina Gonçalves;+32 693259972
Catarina Ferreira;+33 965313466
Carlos Fernandes;+49 678837142
Catarina Gomes;+351 871915912
Catarina Silva;+41 447110725
Carlos Ferreira;+44 345403288
