Catarina Silva;+44 520273671
Carlos Alves;+39 464109215
Carlos Silva;+49 422389995
Carlos Gonçalves;+32 146048947
Catarina Pereira;+49 282288078
Catarina Fernandes;+43 162146850
Carlos Pereira;+33 140211912
Catarina Ferreira;+44 608787055
Carlos Santos;+32 167506478
Catarina Gonçalves;+43 228464303
Catarina Santos;+43 255917713
Catarina Santos;+33 189559895
Catarina Gonçalves;+39 719346124
Catarina Gonçalves;+32 083053992
Carlos Pereira;+39 984216455
Catarina Ferreira;+49 214352037
Catarina Santos;+39 263715234
Carlos Ferreira;+43 959930534
Catarina Martins;+39 748073201
Carlos Ferreira;+43 843018436
Catarina Fernandes;+41 772590010
Carlos Silva;+351 581446403
Catarina Gomes;+44 569772182
Catarina Pereira;+44 466736953
Carlos Santos;+32 503956107
Carlos Mendes;+41 368433434
Catarina Alves;+33 487334562
Catarina Silva;+33 198142321
Carlos Alves;+41 056456119
Catarina Fernandes;+49 587572524
Carlos Gonçalves;+32 909453489
Carlos Mendes;+49 580651760
Catarina Martins;+32 011221683
Catarina Martins;+33 042197892
Carlos Alves;+41 366248669
Catarina Ferreira;+33 230309700
Catarina Ferreira;+351 150967399
Catarina Ferreira;+49 280622020
Catarina Mendes;+39 528325780
Catarina Fernandes;+44 874691795
Catarina Ferreira;+39 624972258
Catarina Gomes;+43 309750469
Carlos Martins;+44 909793955
Carlos Martins;+33 108378169
Catarina Pereira;+32 314631582
Carlos Gomes;+39 830976926
Carlos Fernandes;+39 021732300
Catarina Alves;+44 206785239
Catarina Silva;+39 499484046
Catarina Gomes;+32 358466127
Carlos Fernandes;+44 076393681
Carlos Fernandes;+33 072528425
Carlos Mendes;+33 950594934
Carlos Fernandes;+33 786017965
Carlos Alves;+39 007572376
Carlos Santos;+39 447603654
Carlos Santos;+32 531182784
Catarina Mendes;+39 531981388
Carlos Gomes;+351 837740015
Catarina Silva;+32 237169790
Carlos Martins;+49 923819747
Carlos Silva;+44 581008816
Carlos Martins;+351 354098524
Carlos Alves;+49 014228767
Carlos Gonçalves;+41 154679497
Carlos Pereira;+351 392153387
Carlos Alves;+351 373521909
Catarina Gonçalves;+33 733796274
Carlos Ferreira;+43 680221185
Catarina Silva;+43 922915931
Catarina Gomes;+32 500433775
Carlos Alves;+44 760836955
Carlos Martins;+351 475611008
Carlos Ferreira;+41 321121065
Carlos Martins;+43 698816522
Carlos Alves;+33 634016865
Carlos Martins;+39 581646573
Catarina Mendes;+39 284400263
Catarina Fernandes;+32 091449607
Carlos Silva;+49 357707990
Carlos Gonçalves;+44 644163856
Carlos Gomes;+33 220122979
Carlos Silva;+44 512364883
Carlos Alves;+49 624226666
Catarina Mendes;+43 192279663
Carlos Santos;+39 738930684
Carlos Silva;+43 088744230
Carlos Silva;+32 665008294
Catarina Alves;+32 010178942
Carlos Gomes;+39 123044712
Catarina Silva;+44 813326656
Carlos Martins;+43 101016995
Carlos Martins;+41 440771195
Catarina Gomes;+33 799696133
Carlos Ferreira;+43 089623552
Catarina Fernandes;+32 389878022
Carlos Gonçalves;+39 798414406
Carlos Pereira;+39 955956364
Carlos Alves;+351 394067181
Catarina Mendes;+33 148889159
