Carlos Santos;+351 468939263
Catarina Fernandes;+32 255994880
Carlos Santos;+41 690286937
Catarina Mendes;+43 961395036
Catarina Ferreira;+41 949016848
Catarina Ferreira;+49 760245269
Catarina Ferreira;+43 545932873
Carlos Martins;+32 231384038
Carlos Gomes;+351 368346947
Catarina Martins;+49 123287769
Catarina Pereira;+33 739876609
Carlos Silva;+43 085703681
Catarina Martins;+32 685212663
Catarina Alves;+33 231336033
Carlos Gonçalves;+41 749752657
Catarina Fernandes;+39 835768900
Carlos Alves;+41 995033118
Carlos Pereira;+43 855457512
Carlos Silva;+41 525668330
Catarina Gomes;+49 845808351
Carlos Gonçalves;+351 237620745
Carlos Santos;+49 887821416
Carlos Mendes;+33 546331099
Carlos Gonçalves;+351 826268220
Carlos Santos;+49 342720536
Carlos Mendes;+44 661285642
Catarina Gonçalves;+41 558397016
Catarina Gonçalves;+44 771182788
Catarina Alves;+44 721056428
Carlos Gomes;+49 684674705
Catarina Gonçalves;+33 553081142
Carlos Fernandes;+44 617082258
Carlos Gomes;+351 017296319
Carlos Pereira;+41 044344446
Carlos Silva;+44 933666224
Catarina Martins;+44 108163693
Carlos Martins;+44 716233119
Carlos Silva;+39 682925244
Catarina Martins;+351 104667642
Carlos Mendes;+32 899488683
Carlos Martins;+49 515898094
Carlos Ferreira;+43 928718372
Carlos Alves;+49 892422913
Carlos Fernandes;+351 819342693
Carlos Santos;+32 252337687
Carlos Gonçalves;+33 984512784
Catarina Gomes;+33 458702808
Carlos Santos;+32 861574937
Carlos Santos;+43 099729635
Carlos Silva;+41 294381014
Catarina Gonçalves;+41 574865244
Carlos Alves;+49 837153376
Catarina Gomes;+44 772513293
Carlos Gomes;+49 996916280
Carlos Alves;+41 321678246
Catarina Mendes;+43 381768151
Carlos Silva;+41 205802433
Catarina Ferreira;+351 895543883
Catarina Gomes;+44 558812340
Catarina Gonçalves;+33 417649157
Catarina Ferreira;+49 745451001
Carlos Silva;+33 100634829
Carlos Ferreira;+351 738802192
Carlos Mendes;+41 303650704
Catarina Santos;+39 560879682
Catarina Martins;+32 326908863
Carlos Gomes;+39 505980581
Carlos Pereira;+43 394865763
Carlos Mendes;+49 381614361
Carlos Ferreira;+33 207250757
Carlos Gomes;+49 081717711
Carlos Gonçalves;+49 265874310
Carlos Silva;+351 214721462
Carlos Martins;+41 768460497
Carlos Santos;+44 607303285
Catarina Martins;+39 648522393
Carlos Fernandes;+32 966932044
Catarina Mendes;+39 075083845
Catarina Gomes;+43 890294054
Carlos Silva;+351 920417963
Carlos Martins;+39 005843967
Catarina Silva;+41 613332612
Carlos Gomes;+351 149451759
Carlos Alves;+43 449525115
Carlos Martins;+44 306488234
Catarina Gomes;+39 508251568
Carlos Silva;+33 924261457
Carlos Martins;+41 010862245
Carlos Fernandes;+351 932330074
Catarina Gonçalves;+32 129651944
Catarina Silva;+32 793223225
Carlos Gomes;+39 879622608
Carlos Gomes;+39 457741573
Carlos Ferreira;+351 471626178
Carlos Alves;+39 894643935
Catarina Martins;+32 233788890
Catarina Ferreira;+49 496364950
Catarina Mendes;+41 889366073
Catarina Ferreira;+41 437586605
Catarina Mendes;+351 180337153
