Rui Santos;+39 722781746
Rui Silva;+43 795679459
Ricardo Gonçalves;+351 710125417
Ricardo Alves;+44 175068341
Ricardo Santos;+41 286898691
Ricardo Gomes;+43 330968279
Rui Ferreira;+33 210002041
Ricardo Gonçalves;+41 638052627
Rui Martins;+43 535148534
Ricardo Mendes;+351 489833753
Rui Ferreira;+49 187535590
Ricardo Ferreira;+43 275995895
Ricardo Gonçalves;+43 884496164
Rui Mendes;+33 341948186
Rui Mendes;+44 373228718
Rui Pereira;+44 482788229
Rui Gonçalves;+44 071662137
Ricardo Pereira;+44 958877258
Rui Silva;+351 551843460
Ricardo Gomes;+43 251470684
Rui Mendes;+32 776054213
Rui Alves;+33 220744283
Rui Silva;+33 817411593
Rui Gomes;+32 580171968
Ricardo Mendes;+41 891921703
Ricardo Mendes;+32 880525319
Rui Gonçalves;+43 003993067
Rui Gonçalves;+43 664122659
Ricardo Gonçalves;+49 101431459
Ricardo Silva;+351 513352223
Ricardo Gonçalves;+39 755491774
Rui Santos;+39 904798646
Ricardo Silva;+33 472393222
Rui Ferreira;+32 125594902
Ricardo Gonçalves;+49 002733447
Ricardo Fernandes;+39 611826221
Ricardo Gomes;+43 096406981
Ricardo Ferreira;+41 867203899
Rui Gomes;+351 596329650
Rui Ferreira;+351 030070739
Ricardo Ferreira;+33 236315399
Ricardo Alves;+44 413222996
Rui Mendes;+49 357734798
Rui Mendes;+44 414808341
Rui Alves;+44 960648853
Ricardo Gomes;+351 218295035
Ricardo Gomes;+351 724787441
Ricardo Gonçalves;+39 961448741
Rui Santos;+33 446130502
Rui Martins;+44 135986899
Rui Gomes;+41 846438273
Rui Fernandes;+43 001428190
Rui Mendes;+49 764194170
Rui Pereira;+33 685311716
Rui Gomes;+41 203424264
Ricardo Martins;+49 101171452
Ricardo Mendes;+32 870308774
Rui Alves;+32 912986020
Ricardo Gonçalves;+33 965995702
Rui Gonçalves;+39 839605284
Ricardo Gomes;+44 934118107
Ricardo Gonçalves;+351 856462186
Rui Gonçalves;+351 592844465
Ricardo Ferreira;+32 770719449
Rui Ferreira;+351 618807313
Rui Gonçalves;+49 156686864
Ricardo Gonçalves;+41 523300287
Ricardo Martins;+39 562279453
Rui Pereira;+33 299250388
Rui Alves;+49 513712382
Rui Silva;+41 464802382
Rui Ferreira;+33 736468874
Ricardo Pereira;+41 776930336
Rui Mendes;+351 327344193
Rui Santos;+32 357149890
Ricardo Gonçalves;+43 678276294
Rui Santos;+39 807381316
Rui Alves;+49 031833320
Ricardo Alves;+33 389703138
Ricardo Alves;+351 878617095
Ricardo Ferreira;+43 664829645
Ricardo Mendes;+351 711793895
Rui Pereira;+49 706686976
Rui Pereira;+49 423001421
Rui Fernandes;+33 471150090
Ricardo Santos;+49 753406100
Ricardo Pereira;+39 764064110
Rui Martins;+39 907018755
Ricardo Gomes;+44 863891486
Rui Alves;+44 467739458
Ricardo Mendes;+49 880776954
Rui Fernandes;+44 652226535
Rui Ferreira;+49 840913209
Ricardo Silva;+39 627767789
Rui Fernandes;+49 252635164
Rui Santos;+351 391920542
Ricardo Gomes;+43 187312017
Rui Gomes;+39 420459407
Rui Mendes;+41 271499465
Rui Silva;+49 442351953
