Sofia Alves;+39 127810276
Sofia Gonçalves;+49 020445208
Sofia Martins;+351 922987874
Sofia Fernandes;+39 727868675
Sofia Fernandes;+351 382456308
Sofia Ferreira;+33 301379868
Sofia Mendes;+41 230982285
Sofia Alves;+33 656138798
Sofia Fernandes;+351 544996002
Sofia Gomes;+39 590860566
Sofia Mendes;+351 542123392
Sofia Pereira;+33 547107103
Sofia Mendes;+49 497212216
Sofia Mendes;+44 026808471
Sofia Santos;+33 687721856
Sofia Mendes;+32 096349586
Sofia Pereira;+33 748542277
Sofia Alves;+33 718182295
Sofia Fernandes;+32 388783600
Sofia Martins;+39 316272671
Sofia Ferreira;+43 556495855
Sofia Ferreira;+43 245858999
Sofia Fernandes;+43 385996095
Sofia Martins;+49 939570283
Sofia Ferreira;+43 648474467
Sofia Pereira;+41 657868357
Sofia Santos;+39 762384436
Sofia Alves;+33 739862639
Sofia Gomes;+39 881780483
Sofia Gomes;+33 222315008
Sofia Silva;+39 236446092
Sofia Mendes;+351 761973752
Sofia Martins;+49 903314722
Sofia Martins;+33 730686858
Sofia Ferreira;+32 321860265
Sofia Gonçalves;+49 460484962
Sofia Pereira;+43 117016089
Sofia Martins;+33 023805421
Sofia Ferreira;+351 692517008
Sofia Martins;+39 358478855
Sofia Mendes;+44 150752095
Sofia Gomes;+44 687347747
Sofia Silva;+43 058688298
Sofia Martins;+43 317108860
Sofia Silva;+33 283233750
Sofia Martins;+351 177809234
Sofia Fernandes;+32 383807499
Sofia Ferreira;+39 444195240
Sofia Ferreira;+49 403125002
Sofia Martins;+32 125056282
Sofia Alves;+351 156316800
Sofia Alves;+32 746414360
Sofia Pereira;+351 881675172
Sofia Fernandes;+49 748935550
Sofia Gomes;+33 356828877
Sofia Mendes;+41 503808975
Sofia Ferreira;+41 296623720
Sofia Alves;+32 413846932
Sofia Mendes;+39 596662477
Sofia Gonçalves;+33 017701056
Sofia Gomes;+41 790532038
Sofia Ferreira;+39 188058121
Sofia Santos;+39 211365741
Sofia Santos;+43 138339309
Sofia Gomes;+351 988948179
Sofia Alves;+33 813505005
Sofia Santos;+41 438229779
Sofia Alves;+44 977463922
Sofia Alves;+351 741452937
Sofia Alves;+43 844065788
Sofia Gonçalves;+39 028694296
Sofia Gonçalves;+351 038624564
Sofia Alves;+44 280981738
Sofia Mendes;+49 132564679
Sofia Gomes;+43 784286057
Sofia Silva;+41 854157118
Sofia Ferreira;+44 501789588
Sofia Martins;+33 263083662
Sofia Fernandes;+39 956112313
Sofia Mendes;+49 201443309
Sofia Martins;+43 729699746
Sofia Gomes;+33 941554476
Sofia Martins;+43 541976272
Sofia Alves;+41 245567636
Sofia Silva;+351 448530437
Sofia Martins;+43 233837248
Sofia Mendes;+32 536345303
Sofia Silva;+39 509358957
Sofia Gonçalves;+32 947715195
Sofia Gonçalves;+41 240896026
Sofia Gomes;+33 078646718
Sofia Martins;+44 831935884
Sofia Gonçalves;+351 988782134
Sofia Fernandes;+32 150077821
Sofia Silva;+41 360357617
Sofia Mendes;+49 194529687
Sofia Gonçalves;+32 931806877
Sofia Fernandes;+351 414210606
Sofia Martins;+39 141352060
Sofia Santos;+49 372615512
