Sofia Gonçalves;+351 823207068
Sofia Ferreira;+49 572016090
Sofia Santos;+39 172638141
Sofia Pereira;+43 510166434
Sofia Gomes;+43 618959012
Sofia Gomes;+44 381441102
Sofia Fernandes;+39 413718248
Sofia Gonçalves;+44 626522160
Sofia Silva;+351 990891226
Sofia Martins;+351 168950007
Sofia Gomes;+43 634472926
Sofia Pereira;+43 757156527
Sofia Martins;+32 361278494
Sofia Alves;+44 283478239
Sofia Gonçalves;+39 770171941
Sofia Mendes;+49 652863157
Sofia Fernandes;+39 939124904
Sofia Silva;+49 106965415
Sofia Pereira;+39 591217394
Sofia Alves;+33 261879327
Sofia Gomes;+32 099805362
Sofia Martins;+49 060059321
Sofia Mendes;+33 937756455
Sofia Mendes;+39 667328930
Sofia Gomes;+44 800249423
Sofia Mendes;+44 612339853
Sofia Martins;+32 787772965
Sofia Silva;+44 125639606
Sofia Gomes;+43 912041310
Sofia Gomes;+32 697046135
Sofia Pereira;+44 863765108
Sofia Santos;+39 526349055
Sofia Santos;+33 460664320
Sofia Fernandes;+39 456743640
Sofia Fernandes;+44 036970061
Sofia Martins;+351 130374408
Sofia Fernandes;+39 598457506
Sofia Martins;+33 834819011
Sofia Pereira;+39 228921059
Sofia Silva;+351 264985522
Sofia Silva;+351 587010571
Sofia Gonçalves;+32 067010763
Sofia Fernandes;+33 575565902
Sofia Fernandes;+33 792713028
Sofia Gonçalves;+41 584348182
Sofia Martins;+44 757743584
Sofia Silva;+32 316617855
Sofia Alves;+33 783182515
Sofia Martins;+49 334975163
Sofia Martins;+44 928369449
Sofia Martins;+41 851696119
Sofia Mendes;+41 224894480
Sofia Silva;+351 115262120
Sofia Martins;+32 759744227
Sofia Santos;+33 152271229
Sofia Alves;+351 849908295
Sofia Mendes;+351 993735503
Sofia Ferreira;+33 200589814
Sofia Silva;+43 289504726
Sofia Ferreira;+32 300891448
Sofia Pereira;+49 723727139
Sofia Martins;+49 330325000
Sofia Fernandes;+32 579904417
Sofia Fernandes;+32 216326153
Sofia Fernandes;+43 176943257
Sofia Ferreira;+33 034914401
Sofia Fernandes;+33 992957754
Sofia Santos;+39 818370192
Sofia Mendes;+39 887073286
Sofia Gomes;+43 919943570
Sofia Silva;+44 121614573
Sofia Martins;+351 664221859
Sofia Gomes;+32 025060170
Sofia Silva;+33 728382816
Sofia Alves;+351 585488359
Sofia Alves;+351 023506797
Sofia Santos;+49 687404015
Sofia Martins;+49 455091038
Sofia Gonçalves;+39 242842841
Sofia Mendes;+43 224659354
Sofia Mendes;+351 030922526
Sofia Mendes;+32 913724156
Sofia Silva;+44 499194740
Sofia Alves;+32 988873199
Sofia Alves;+49 819906797
Sofia Mendes;+41 356682315
Sofia Santos;+39 379844678
Sofia Gomes;+41 448229371
Sofia Silva;+49 714974557
Sofia Pereira;+39 163724196
Sofia Santos;+41 613214440
Sofia Pereira;+39 401928021
Sofia Mendes;+41 425820578
Sofia Ferreira;+32 693554157
Sofia Gomes;+43 784282251
Sofia Fernandes;+32 084856492
Sofia Ferreira;+33 002399958
Sofia Mendes;+44 321908978
Sofia Gomes;+32 393874980
Sofia Gomes;+351 845448336
