Catarina Alves;+33 484090510
Carlos Alves;+49 742772333
Catarina Mendes;+32 267820897
Carlos Ferreira;+33 058266219
Carlos Alves;+32 188572388
Catarina Ferreira;+39 695272832
Carlos Pereira;+41 000868770
Carlos Mendes;+44 895091753
Carlos Fernandes;+49 809644804
Catarina Alves;+33 858531401
Carlos Martins;+32 748239029
Catarina Fernandes;+43 936548513
Carlos Silva;+32 424153207
Catarina Silva;+351 754721653
Carlos Gonçalves;+33 650923816
Catarina Mendes;+49 754552266
Catarina Martins;+33 547953036
Catarina Pereira;+49 561186146
Carlos Silva;+49 188838200
Carlos Gomes;+41 004069821
Catarina Alves;+351 580411171
Carlos Silva;+32 799437843
Carlos Alves;+39 529358471
Carlos Fernandes;+351 631241404
Carlos Martins;+41 382142737
Carlos Gonçalves;+32 909458226
Catarina Gomes;+32 373051494
Catarina Ferreira;+43 228039985
Catarina Alves;+33 987079591
Catarina Gomes;+33 739340298
Carlos Gomes;+33 975388790
Carlos Pereira;+44 278747027
Carlos Mendes;+41 441451596
Carlos Alves;+351 072502361
Catarina Pereira;+33 497113855
Carlos Gonçalves;+33 664775499
Carlos Santos;+44 177348199
Carlos Alves;+39 379456839
Carlos Ferreira;+33 454079695
Catarina Santos;+351 959398349
Carlos Mendes;+32 195152102
Catarina Martins;+32 211148136
Carlos Ferreira;+44 591760993
Carlos Gomes;+44 054110733
Catarina Pereira;+351 610158966
Carlos Pereira;+39 017902954
Carlos Gomes;+351 185573199
Catarina Fernandes;+43 950395647
Catarina Ferreira;+44 181240566
Carlos Silva;+33 385098161
Carlos Alves;+44 027146774
Carlos Mendes;+33 338405354
Catarina Martins;+44 968310880
Catarina Pereira;+39 681722282
Catarina Gonçalves;+39 261928070
Catarina Pereira;+41 729936172
Carlos Gomes;+43 334910044
Carlos Silva;+32 567758014
Carlos Pereira;+32 819358945
Catarina Silva;+39 218747688
Carlos Fernandes;+33 533230669
Catarina Gonçalves;+41 375478583
Catarina Gonçalves;+44 494242718
Catarina Mendes;+41 965079198
Carlos Ferreira;+33 570086998
Catarina Gomes;+351 305536749
Carlos Pereira;+32 241514449
Carlos Gonçalves;+39 354737509
Carlos Pereira;+39 357140863
Carlos Mendes;+32 778150746
Carlos Gomes;+49 892129467
Carlos Alves;+49 304464696
Carlos Gomes;+41 007732054
Catarina Pereira;+351 152511759
Carlos Silva;+32 140182975
Catarina Santos;+49 784680279
Carlos Ferreira;+43 528414108
Carlos Gomes;+44 928722023
Carlos Pereira;+44 140211081
Catarina Gonçalves;+43 921174999
Catarina Santos;+44 330371724
Carlos Alves;+41 524179503
Catarina Alves;+49 008297732
Carlos Silva;+49 583680697
Catarina Fernandes;+43 682699186
Catarina Gomes;+44 939670027
Catarina Santos;+49 933417469
Catarina Silva;+44 065330419
Catarina Gomes;+41 719481833
Carlos Fernandes;+39 276769409
Catarina Silva;+33 326677759
Carlos Silva;+43 371624249
Catarina Pereira;+32 165282254
Catarina Martins;+49 524933392
Carlos Mendes;+44 291615671
Catarina Alves;+33 393731845
Carlos Alves;+351 137370084
Carlos Gomes;+351 099595079
Carlos Mendes;+351 492428926
Catarina Pereira;+351 844241365
