Ricardo Fernandes;+43 216945649
Rui Silva;+44 945788923
Rui Gomes;+39 898096600
Rui Fernandes;+49 589684361
Ricardo Pereira;+44 390133400
Rui Mendes;+33 240784005
Ricardo Martins;+49 438880511
Rui Santos;+351 874538519
Ricardo Martins;+41 539944223
Ricardo Fernandes;+32 897263453
Rui Ferreira;+49 784924555
Ricardo Silva;+44 945668792
Rui Fernandes;+41 538954563
Ricardo Gonçalves;+33 483995819
Rui Martins;+43 066115216
Rui Silva;+32 087441591
Rui Silva;+43 094668752
Ricardo Gonçalves;+39 301719839
Rui Martins;+39 452435011
Rui Silva;+32 937952862
Rui Ferreira;+32 393094238
Ricardo Gomes;+33 641051303
Ricardo Pereira;+33 005385148
Ricardo Martins;+43 161965031
Ricardo Mendes;+44 810001495
Rui Silva;+351 853464978
Rui Pereira;+32 215029399
Ricardo Gomes;+32 458785046
Ricardo Martins;+39 435057388
Ricardo Mendes;+351 818848344
Ricardo Martins;+41 736795210
Ricardo Silva;+49 682788325
Ricardo Mendes;+49 414071163
Ricardo Gonçalves;+33 628448080
Ricardo Fernandes;+33 435486454
Ricardo Mendes;+39 475141108
Rui Santos;+351 357941835
Rui Fernandes;+41 120343258
Rui Silva;+32 451244151
Ricardo Fernandes;+49 011390574
Rui Mendes;+33 409272566
Rui Ferreira;+39 772945425
Ricardo Gomes;+49 808511598
Rui Gomes;+44 540330677
Ricardo Alves;+41 669590573
Ricardo Gonçalves;+39 777382435
Rui Fernandes;+351 955253473
Rui Mendes;+43 616653363
Ricardo Mendes;+351 122273687
Ricardo Mendes;+44 866048654
Ricardo Gonçalves;+351 520926497
Ricardo Martins;+351 018270611
Ricardo Pereira;+351 758463898
Ricardo Pereira;+32 415794695
Ricardo Pereira;+351 096935041
Ricardo Gomes;+39 500737247
Rui Santos;+39 929550143
Ricardo Gomes;+44 372138187
Ricardo Martins;+32 832689396
Ricardo Gonçalves;+39 864560484
Rui Alves;+351 374682002
Rui Mendes;+32 213938216
Rui Martins;+41 153112077
Ricardo Fernandes;+39 683704463
Ricardo Silva;+39 569632089
Rui Fernandes;+41 807685606
Ricardo Gonçalves;+43 573254703
Rui Pereira;+41 184467065
Rui Gonçalves;+351 376582717
Rui Pereira;+43 262320094
Rui Gonçalves;+41 542277789
Ricardo Martins;+43 648129386
Rui Martins;+41 465419239
Rui Gomes;+49 835661917
Ricardo Mendes;+49 980521315
Rui Martins;+351 791006896
Rui Ferreira;+41 227012523
Rui Pereira;+39 291784856
Ricardo Gomes;+33 180482750
Rui Fernandes;+43 575340220
Ricardo Pereira;+44 402890669
Rui Gomes;+32 789338009
Rui Alves;+33 628011201
Ricardo Santos;+41 745212974
Rui Martins;+44 149242330
Ricardo Alves;+33 161380060
Rui Gomes;+351 656005629
Rui Fernandes;+351 920821633
Ricardo Santos;+33 965278849
Ricardo Alves;+33 902650327
Rui Alves;+32 166271614
Ricardo Pereira;+41 556353068
Rui Silva;+41 932959054
Ricardo Mendes;+32 457914212
Rui Santos;+33 077294439
Rui Martins;+43 882044439
Rui Gonçalves;+44 661347692
Rui Fernandes;+41 438608916
Ricardo Pereira;+33 013318026
Ricardo Gonçalves;+43 819227343
