Catarina Silva;+39 780635192
Carlos Alves;+44 046845290
Catarina Santos;+43 977384888
Carlos Gomes;+33 348933070
Carlos Alves;+33 633727708
Catarina Ferreira;+32 165936012
Catarina Pereira;+33 976080731
Catarina Ferreira;+49 585093336
Carlos Silva;+351 386457092
Carlos Ferreira;+32 513634362
Carlos Martins;+39 144709171
Catarina Silva;+39 951477345
Carlos Fernandes;+33 956654225
Catarina Martins;+39 358057311
Catarina Alves;+44 144580945
Carlos Gomes;+44 944919866
Catarina Fernandes;+44 259408740
Catarina Pereira;+49 731757249
Carlos Alves;+49 262317999
Carlos Mendes;+43 224271926
Catarina Mendes;+41 010061251
Carlos Gomes;+39 152183178
Catarina Gonçalves;+43 559530617
Catarina Silva;+351 306296145
Catarina Martins;+32 981393763
Carlos Santos;+351 607675842
Carlos Martins;+49 828372255
Catarina Mendes;+39 107103874
Carlos Pereira;+33 751831225
Carlos Silva;+44 267626203
Carlos Fernandes;+33 830139755
Catarina Fernandes;+32 872444793
Carlos Gonçalves;+41 148680445
Carlos Fernandes;+43 631129550
Catarina Martins;+41 084708526
Carlos Santos;+33 335972970
Carlos Gonçalves;+41 215393481
Carlos Pereira;+33 283879934
Catarina Gonçalves;+49 011264755
Carlos Pereira;+351 188997542
Carlos Pereira;+41 363410312
Catarina Pereira;+33 182986588
Catarina Silva;+33 745024109
Catarina Santos;+33 110153515
Carlos Ferreira;+43 564577540
Catarina Gonçalves;+32 274899367
Catarina Martins;+49 923709189
Catarina Santos;+44 419282910
Catarina Mendes;+33 459820382
Catarina Mendes;+43 400089408
Catarina Alves;+39 428870676
Catarina Silva;+44 469630750
Carlos Ferreira;+43 403606714
Catarina Silva;+39 783348716
Catarina Pereira;+44 720449898
Carlos Pereira;+41 213193956
Carlos Santos;+43 153232907
Catarina Fernandes;+49 581095158
Catarina Alves;+39 250782364
Catarina Martins;+351 359408113
Carlos Santos;+32 552980341
Catarina Silva;+39 627461199
Carlos Silva;+44 773821631
Carlos Fernandes;+39 609107594
Catarina Gomes;+43 519953223
Carlos Ferreira;+49 635499420
Catarina Gonçalves;+44 638809505
Catarina Fernandes;+39 014764703
Carlos Gonçalves;+43 278134831
Carlos Fernandes;+43 210103767
Carlos Santos;+49 341570840
Carlos Mendes;+41 177341888
Carlos Pereira;+41 695041814
Catarina Pereira;+44 908746206
Carlos Alves;+39 696195454
Catarina Ferreira;+41 489964339
Carlos Silva;+49 711708087
Carlos Alves;+43 773085363
Catarina Santos;+39 746354649
Catarina Martins;+44 698075041
Carlos Ferreira;+41 407397419
Catarina Fernandes;+33 728815347
Catarina Santos;+49 138738644
Carlos Fernandes;+44 458529310
Catarina Pereira;+43 101394546
Carlos Ferreira;+32 476581614
Catarina Alves;+44 848307016
Catarina Ferreira;+41 059849694
Carlos Fernandes;+351 889108128
Catarina Fernandes;+43 891709388
Carlos Fernandes;+39 828341737
Carlos Alves;+44 674206356
Carlos Gonçalves;+351 604120522
Carlos Martins;+351 338946156
Catarina Pereira;+43 965738128
Catarina Ferreira;+49 494533942
Carlos Gonçalves;+43 630728120
Catarina Mendes;+41 956932800
Carlos Santos;+43 923777585
Carlos Mendes;+43 025961518
