Ana Gonçalves;+41 406900297
Ana Alves;+33 310634669
Ana Ferreira;+32 270827516
Ana Gomes;+32 382299950
Ana Santos;+49 968616454
Ana Ferreira;+49 176258624
Ana Ferreira;+41 774360098
Ana Ferreira;+33 992726717
Ana Pereira;+43 109804621
Ana Martins;+351 726370663
Ana Mendes;+32 697101900
Ana Silva;+49 170175726
Ana Silva;+351 503679899
Ana Gomes;+44 413617154
Ana Silva;+49 589738582
Ana Silva;+49 248457360
Ana Santos;+49 970941789
Ana Mendes;+33 967874854
Ana Ferreira;+43 470753101
Ana Martins;+39 181759620
Ana Silva;+32 680737156
Ana Gonçalves;+43 204246164
Ana Mendes;+43 151769473
Ana Ferreira;+39 670887227
Ana Pereira;+41 767963912
Ana Mendes;+32 932296073
Ana Santos;+41 302756402
Ana Silva;+351 797387889
Ana Martins;+43 256314899
Ana Gonçalves;+32 417360897
Ana Gomes;+49 682737412
Ana Pereira;+39 588394904
Ana Santos;+43 213270862
Ana Santos;+32 199841603
Ana Fernandes;+39 168816924
Ana Santos;+41 765467132
Ana Martins;+41 442740817
Ana Pereira;+351 291680115
Ana Mendes;+351 847632947
Ana Martins;+32 332677296
Ana Mendes;+351 691992720
Ana Santos;+33 714176247
Ana Gonçalves;+33 641136781
Ana Ferreira;+41 670331258
Ana Pereira;+43 830830833
Ana Silva;+32 987725368
Ana Gomes;+32 267344090
Ana Fernandes;+41 379314703
Ana Gomes;+43 862626691
Ana Pereira;+32 913199337
Ana Gomes;+49 478874557
Ana Mendes;+39 132503723
Ana Santos;+49 296336187
Ana Santos;+44 174658190
Ana Pereira;+32 086991302
Ana Mendes;+43 683493690
Ana Gonçalves;+43 560080064
Ana Mendes;+32 624556485
Ana Gonçalves;+41 928613707
Ana Silva;+33 876639205
Ana Gonçalves;+351 178845520
Ana Ferreira;+49 653687875
Ana Alves;+33 164057136
Ana Fernandes;+41 375281563
Ana Ferreira;+49 439073860
Ana Pereira;+49 427608719
Ana Fernandes;+43 478741694
Ana Pereira;+33 058455031
Ana Fernandes;+351 156374372
Ana Alves;+32 689761012
Ana Mendes;+33 401880191
Ana Gomes;+44 397361871
Ana Martins;+351 601169578
Ana Ferreira;+41 441869580
Ana Silva;+43 221950556
Ana Mendes;+43 370109052
Ana Gomes;+43 270566875
Ana Pereira;+44 607586477
Ana Silva;+39 668584282
Ana Alves;+33 251647074
Ana Pereira;+33 447384812
Ana Ferreira;+32 990401211
Ana Santos;+33 126451194
Ana Silva;+33 616447457
Ana Alves;+41 900887471
Ana Gonçalves;+33 902675251
Ana Fernandes;+39 391730990
Ana Mendes;+39 042498638
Ana Silva;+351 098183160
Ana Mendes;+351 833363616
Ana Silva;+39 467425549
Ana Silva;+32 004771596
Ana Fernandes;+351 695704370
Ana Silva;+41 651612637
Ana Gomes;+32 961642953
Ana Pereira;+33 932494102
Ana Pereira;+44 927447432
Ana Santos;+49 163060005
Ana Alves;+32 469955838
Ana Pereira;+39 551249111
