Carlos Alves;+43 050212404
Catarina Fernandes;+32 982215663
Carlos Pereira;+39 931592094
Catarina Pereira;+41 678552795
Catarina Mendes;+39 962218325
Carlos Fernandes;+39 691095767
Catarina Gomes;+41 956550150
Carlos Ferreira;+44 614999562
Catarina Santos;+41 699325636
Catarina Gomes;+41 471087885
Catarina Fernandes;+43 152935716
Carlos Alves;+49 974511583
Catarina Gonçalves;+39 968272453
Catarina Fernandes;+351 441167870
Carlos Mendes;+32 982916565
Carlos Santos;+351 599479318
Catarina Pereira;+43 373975368
Catarina Mendes;+41 470715234
Catarina Martins;+351 676854731
Carlos Santos;+32 055515541
Catarina Alves;+39 160986721
Carlos Gonçalves;+41 332976979
Catarina Gomes;+33 934649608
Carlos Mendes;+32 859007535
Carlos Pereira;+44 742747578
Carlos Pereira;+32 200222863
Carlos Silva;+39 715842180
Carlos Gomes;+41 466233316
Catarina Martins;+41 713301017
Catarina Gomes;+39 008248408
Carlos Pereira;+49 109016735
Catarina Ferreira;+351 646693059
Carlos Mendes;+44 702369397
Catarina Silva;+351 041096308
Carlos Fernandes;+43 779047034
Carlos Fernandes;+49 912891998
Catarina Pereira;+39 515419017
Carlos Gonçalves;+351 292988364
Carlos Pereira;+43 221562525
Catarina Alves;+39 345444777
Carlos Martins;+39 974901610
Catarina Fernandes;+39 356413878
Carlos Pereira;+39 053346872
Catarina Fernandes;+41 839640257
Catarina Pereira;+44 582103821
Catarina Pereira;+39 366578193
Carlos Fernandes;+44 994687998
Carlos Pereira;+41 032451124
Carlos Mendes;+33 642151354
Carlos Pereira;+351 629763358
Carlos Gomes;+351 807501348
Carlos Alves;+44 789302211
Carlos Gonçalves;+39 342143311
Carlos Alves;+351 696333102
Catarina Alves;+39 918596288
Catarina Ferreira;+41 516328609
Catarina Pereira;+351 734363694
Catarina Santos;+49 292740187
Catarina Santos;+49 565951058
Carlos Pereira;+43 576114598
Catarina Pereira;+351 638818219
Carlos Gonçalves;+39 413094796
Carlos Gonçalves;+41 346383039
Carlos Gonçalves;+43 055704208
Catarina Fernandes;+43 523765846
Catarina Alves;+32 363697056
Catarina Gonçalves;+44 635697029
Carlos Martins;+43 099590838
Catarina Gonçalves;+39 533542973
Carlos Gomes;+32 680798643
Carlos Silva;+41 829343223
Catarina Mendes;+44 185082385
Catarina Pereira;+49 533356373
Catarina Ferreira;+32 265216238
Carlos Mendes;+44 816521727
Carlos Santos;+33 902584814
Carlos Mendes;+32 485518676
Catarina Pereira;+32 996070783
Catarina Pereira;+49 696239173
Carlos Alves;+49 765072174
Carlos Martins;+44 698514302
Catarina Fernandes;+43 064527792
Catarina Gonçalves;+351 846970647
Catarina Silva;+49 382035163
Catarina Pereira;+32 970352744
Catarina Pereira;+39 325122126
Catarina Silva;+43 144690560
Carlos Gonçalves;+43 239179332
Catarina Fernandes;+33 943117049
Catarina Ferreira;+32 917683062
Catarina Mendes;+43 930958376
Catarina Gomes;+49 011078496
Catarina Fernandes;+32 119945784
Carlos Mendes;+44 491681592
Carlos Mendes;+44 985162542
Catarina Martins;+44 731990344
Catarina Mendes;+41 703539909
Catarina Martins;+351 635439585
Catarina Martins;+41 398299127
Carlos Gonçalves;+39 210272149
