Sofia Gonçalves;+351 971096658
Sofia Ferreira;+41 904668725
Sofia Ferreira;+351 047688215
Sofia Pereira;+49 934198229
Sofia Santos;+41 225418560
Sofia Martins;+351 757581580
Sofia Silva;+43 781018369
Sofia Gomes;+43 434672168
Sofia Gomes;+44 811446697
Sofia Martins;+43 866840878
Sofia Gonçalves;+39 241837224
Sofia Ferreira;+43 443331160
Sofia Gomes;+43 311887470
Sofia Gonçalves;+351 694150248
Sofia Pereira;+351 717866552
Sofia Gomes;+44 514763478
Sofia Silva;+49 025140214
Sofia Gonçalves;+44 083841553
Sofia Mendes;+351 855687193
Sofia Mendes;+44 788080333
Sofia Fernandes;+49 591386915
Sofia Gonçalves;+49 236072569
Sofia Martins;+33 012908880
Sofia Silva;+43 133624882
Sofia Ferreira;+33 516365542
Sofia Alves;+351 765682604
Sofia Martins;+44 953144994
Sofia Silva;+32 359700714
Sofia Gomes;+44 843195760
Sofia Santos;+32 855871133
Sofia Gonçalves;+33 077924783
Sofia Ferreira;+33 882563753
Sofia Ferreira;+351 460079196
Sofia Pereira;+49 457802040
Sofia Pereira;+32 070896421
Sofia Santos;+39 705763690
Sofia Mendes;+351 191512723
Sofia Ferreira;+32 542881092
Sofia Alves;+43 488809806
Sofia Mendes;+43 848531285
Sofia Fernandes;+49 662410719
Sofia Martins;+43 586742999
Sofia Mendes;+33 041776327
Sofia Alves;+44 334310052
Sofia Silva;+41 549919596
Sofia Santos;+39 010967037
Sofia Gomes;+41 438739521
Sofia Ferreira;+33 904242479
Sofia Fernandes;+41 832772620
Sofia Ferreira;+33 804743040
Sofia Fernandes;+351 366013901
Sofia Gomes;+39 136381002
Sofia Martins;+351 209020806
Sofia Silva;+39 850112441
Sofia Martins;+33 022419538
Sofia Santos;+49 060979573
Sofia Gomes;+351 948062722
Sofia Silva;+43 936319432
Sofia Fernandes;+32 001178741
Sofia Martins;+33 908955712
Sofia Pereira;+43 949029755
Sofia Pereira;+351 001992156
Sofia Gomes;+43 908973494
Sofia Fernandes;+39 947808725
Sofia Gonçalves;+44 664425326
Sofia Gonçalves;+351 339516707
Sofia Ferreira;+351 197631511
Sofia Pereira;+351 089710644
Sofia Pereira;+43 912379258
Sofia Pereira;+44 371794644
Sofia Pereira;+49 621171508
Sofia Martins;+33 790302548
Sofia Santos;+44 474642621
Sofia Mendes;+43 768271764
Sofia Silva;+39 717603003
Sofia Martins;+41 982149223
Sofia Gonçalves;+49 291527408
Sofia Mendes;+351 520718906
Sofia Ferreira;+44 897703860
Sofia Alves;+44 654048500
Sofia Martins;+33 202490437
Sofia Alves;+41 754755880
Sofia Mendes;+351 212394937
Sofia Fernandes;+39 619840435
Sofia Santos;+43 315754381
Sofia Mendes;+32 696298045
Sofia Gonçalves;+32 407847676
Sofia Gomes;+33 280760356
Sofia Alves;+44 163696514
Sofia Mendes;+32 722462295
Sofia Gonçalves;+39 456865427
Sofia Gomes;+39 013565859
Sofia Silva;+39 051107926
Sofia Fernandes;+351 627520059
Sofia Alves;+33 110417321
Sofia Pereira;+39 151846718
Sofia Ferreira;+351 279361359
Sofia Ferreira;+49 274552745
Sofia Gonçalves;+49 805203629
Sofia Gonçalves;+49 475122490
