Sofia Santos;+49 794175542
Sofia Santos;+39 959153282
Sofia Ferreira;+33 110849169
Sofia Mendes;+49 131133518
Sofia Gomes;+351 314491333
Sofia Mendes;+351 832174125
Sofia Mendes;+44 260190092
Sofia Santos;+39 849769591
Sofia Gonçalves;+41 860885293
Sofia Silva;+41 135656929
Sofia Alves;+44 709640320
Sofia Mendes;+351 403706189
Sofia Gonçalves;+39 385096602
Sofia Gomes;+351 834102060
Sofia Fernandes;+43 651526889
Sofia Pereira;+43 977790322
Sofia Alves;+49 947448520
Sofia Alves;+49 356964864
Sofia Silva;+39 295345040
Sofia Alves;+39 820987303
Sofia Silva;+32 580608052
Sofia Alves;+43 209347066
Sofia Silva;+33 815893293
Sofia Gomes;+41 260103961
Sofia Gomes;+44 047513062
Sofia Santos;+41 968834462
Sofia Alves;+49 071898810
Sofia Mendes;+39 854685803
Sofia Mendes;+44 365704663
Sofia Martins;+39 706462671
Sofia Pereira;+43 994619201
Sofia Martins;+33 976939304
Sofia Pereira;+32 077170633
Sofia Gomes;+44 442007722
Sofia Alves;+32 502370150
Sofia Silva;+32 473948440
Sofia Alves;+49 788662604
Sofia Alves;+39 154479142
Sofia Pereira;+41 147024972
Sofia Martins;+44 883618466
Sofia Ferreira;+41 919695845
Sofia Gonçalves;+49 541408473
Sofia Gomes;+32 859782498
Sofia Fernandes;+41 409830245
Sofia Silva;+351 313405358
Sofia Mendes;+39 725637695
Sofia Martins;+32 089723904
Sofia Fernandes;+32 182201466
Sofia Ferreira;+49 559359747
Sofia Martins;+33 095372633
Sofia Fernandes;+351 791693472
Sofia Mendes;+33 533467441
Sofia Gomes;+351 100844501
Sofia Santos;+33 144402750
Sofia Silva;+41 691292555
Sofia Mendes;+43 745258751
Sofia Santos;+33 187430948
Sofia Martins;+32 818589572
Sofia Santos;+351 341523356
Sofia Gomes;+49 369298138
Sofia Ferreira;+33 975809747
Sofia Silva;+41 358871287
Sofia Ferreira;+32 028778372
Sofia Fernandes;+49 364054642
Sofia Martins;+41 344226424
Sofia Pereira;+43 399479555
Sofia Fernandes;+33 811244417
Sofia Mendes;+33 247844624
Sofia Santos;+44 977208164
Sofia Fernandes;+32 851843502
Sofia Fernandes;+41 894436875
Sofia Fernandes;+32 015276899
Sofia Ferreira;+32 732262874
Sofia Alves;+351 369578208
Sofia Alves;+39 608591124
Sofia Pereira;+44 754517007
Sofia Gonçalves;+41 339121974
Sofia Ferreira;+49 556074700
Sofia Pereira;+49 823403450
Sofia Pereira;+39 012980029
Sofia Martins;+43 933458724
Sofia Alves;+41 844464598
Sofia Fernandes;+32 544133776
Sofia Mendes;+39 284302678
Sofia Martins;+41 736269864
Sofia Mendes;+39 568738850
Sofia Ferreira;+44 533058430
Sofia Mendes;+41 062484831
Sofia Ferreira;+351 308512452
Sofia Silva;+43 817655915
Sofia Fernandes;+41 601534747
Sofia Pereira;+33 547104046
Sofia Pereira;+49 351678169
Sofia Ferreira;+41 598299731
Sofia Gomes;+44 467382152
Sofia Mendes;+49 410976440
Sofia Gomes;+44 952356881
Sofia Gonçalves;+49 211005469
Sofia Ferreira;+44 359906548
Sofia Ferreira;+32 096421671
