Sofia Mendes;+43 346037498
Sofia Fernandes;+49 487933643
Sofia Gonçalves;+32 229010891
Sofia Alves;+44 564145061
Sofia Fernandes;+41 497914675
Sofia Gomes;+49 679259446
Sofia Martins;+33 875096610
Sofia Alves;+351 554264962
Sofia Santos;+43 508084025
Sofia Martins;+351 104940677
Sofia Silva;+49 214507569
Sofia Alves;+49 330243529
Sofia Gomes;+41 588775854
Sofia Santos;+49 369384764
Sofia Gomes;+32 028922000
Sofia Gomes;+49 650873445
Sofia Pereira;+49 566113003
Sofia Fernandes;+33 618690052
Sofia Fernandes;+32 805415855
Sofia Santos;+41 257783519
Sofia Ferreira;+41 969099188
Sofia Gomes;+39 099651392
Sofia Silva;+49 938572383
Sofia Fernandes;+43 987488391
Sofia Pereira;+44 254817879
Sofia Silva;+41 079861703
Sofia Mendes;+49 448925438
Sofia Silva;+49 871536256
Sofia Ferreira;+33 244553118
Sofia Silva;+41 511448400
Sofia Fernandes;+32 099698919
Sofia Silva;+44 121016366
Sofia Mendes;+44 494473557
Sofia Mendes;+43 149611054
Sofia Alves;+43 085445465
Sofia Gonçalves;+351 538658948
Sofia Gonçalves;+43 191846832
Sofia Fernandes;+44 685610124
Sofia Fernandes;+44 107211553
Sofia Santos;+33 725562416
Sofia Martins;+43 592414902
Sofia Martins;+43 411125786
Sofia Gonçalves;+32 626448620
Sofia Alves;+49 580147763
Sofia Ferreira;+49 397054542
Sofia Silva;+49 763501442
Sofia Alves;+33 193264211
Sofia Fernandes;+32 906688512
Sofia Fernandes;+44 217550887
Sofia Mendes;+41 461061912
Sofia Martins;+41 425547140
Sofia Mendes;+41 578433788
Sofia Gonçalves;+49 188468741
Sofia Martins;+32 884967107
Sofia Ferreira;+351 863909091
Sofia Fernandes;+41 730231219
Sofia Gonçalves;+44 615581582
Sofia Alves;+32 164685395
Sofia Santos;+39 944186005
Sofia Fernandes;+44 286639321
Sofia Ferreira;+351 086370107
Sofia Santos;+351 735737041
Sofia Mendes;+351 756606751
Sofia Fernandes;+41 934447882
Sofia Silva;+33 255426195
Sofia Silva;+44 692919555
Sofia Martins;+43 171562392
Sofia Santos;+44 616161428
Sofia Martins;+32 149428321
Sofia Fernandes;+32 921362822
Sofia Mendes;+43 910358248
Sofia Gonçalves;+41 640849029
Sofia Gonçalves;+39 677633153
Sofia Martins;+39 278323910
Sofia Silva;+33 967298971
Sofia Silva;+351 246585937
Sofia Santos;+33 964834292
Sofia Pereira;+33 629799141
Sofia Ferreira;+41 804990781
Sofia Gonçalves;+49 667679552
Sofia Ferreira;+44 494594658
Sofia Martins;+44 924975887
Sofia Fernandes;+49 963960966
Sofia Santos;+33 104506327
Sofia Ferreira;+43 670421924
Sofia Pereira;+43 512930000
Sofia Santos;+33 072108830
Sofia Alves;+41 935066568
Sofia Gomes;+49 613964249
Sofia Gomes;+43 195565196
Sofia Martins;+39 744316368
Sofia Silva;+41 782731189
Sofia Ferreira;+39 753523761
Sofia Martins;+351 825232918
Sofia Gonçalves;+44 018658007
Sofia Gonçalves;+44 412073300
Sofia Ferreira;+41 919828101
Sofia Mendes;+32 074997370
Sofia Martins;+32 694323924
Sofia Mendes;+32 599591001
