Ricardo Santos;+49 586244424
Ricardo Mendes;+39 173463312
Rui Santos;+43 033808916
Rui Pereira;+43 616809874
Ricardo Gomes;+44 266147089
Rui Fernandes;+43 962911890
Rui Pereira;+49 378166404
Ricardo Pereira;+33 057430175
Ricardo Mendes;+49 905936615
Rui Silva;+41 579901761
Rui Mendes;+41 302128234
Ricardo Silva;+49 246661516
Rui Ferreira;+351 651198146
Ricardo Gomes;+33 908109234
Rui Fernandes;+44 828260010
Ricardo Pereira;+32 570129779
Rui Alves;+41 838425049
Rui Gomes;+49 232559972
Ricardo Gonçalves;+32 032526282
Ricardo Santos;+39 715174842
Ricardo Santos;+33 997538690
Rui Martins;+44 827143422
Rui Mendes;+43 205003329
Ricardo Gomes;+43 115596863
Rui Ferreira;+351 073114319
Ricardo Santos;+33 549354808
Ricardo Pereira;+33 345066297
Ricardo Martins;+43 876271777
Rui Martins;+351 817424116
Rui Pereira;+49 810409948
Rui Alves;+351 432999421
Rui Ferreira;+32 423580395
Ricardo Mendes;+33 023664883
Ricardo Santos;+44 073441200
Rui Mendes;+49 593333543
Rui Fernandes;+33 596305767
Rui Santos;+351 173132838
Ricardo Gonçalves;+32 745141445
Ricardo Martins;+33 607500011
Rui Fernandes;+41 944835433
Ricardo Santos;+33 168281096
Rui Pereira;+32 932635412
Ricardo Fernandes;+351 486999369
Ricardo Martins;+49 285999319
Ricardo Fernandes;+43 026766132
Ricardo Mendes;+39 313989442
Ricardo Gonçalves;+43 369271526
Ricardo Fernandes;+33 819593338
Ricardo Alves;+39 710223213
Rui Silva;+32 906102674
Ricardo Gomes;+351 980916735
Ricardo Martins;+49 165086665
Rui Pereira;+39 101631561
Ricardo Alves;+351 115630178
Ricardo Gomes;+32 253291674
Rui Gonçalves;+44 630396541
Rui Gomes;+49 815696177
Ricardo Silva;+351 921216689
Rui Mendes;+44 219206974
Rui Mendes;+44 211924844
Rui Gonçalves;+32 066496190
Rui Gonçalves;+41 629202304
Rui Alves;+41 938129200
Ricardo Mendes;+43 160677212
Rui Alves;+33 840632985
Rui Silva;+43 480542934
Ricardo Fernandes;+41 634866650
Rui Mendes;+39 682896822
Rui Gonçalves;+41 591859792
Ricardo Mendes;+44 791580787
Ricardo Gomes;+33 671541202
Rui Ferreira;+33 821242144
Rui Mendes;+41 689011166
Ricardo Santos;+44 689951037
Ricardo Santos;+33 386409703
Ricardo Ferreira;+44 131046055
Ricardo Fernandes;+43 000461768
Ricardo Alves;+39 912425259
Ricardo Santos;+39 171097270
Ricardo Pereira;+41 456663222
Ricardo Ferreira;+43 504230495
Rui Pereira;+44 538057985
Ricardo Gonçalves;+32 806615284
Rui Santos;+32 787759738
Ricardo Silva;+39 446161855
Ricardo Mendes;+33 039575356
Ricardo Pereira;+41 610671653
Rui Fernandes;+351 598129150
Rui Ferreira;+351 442066889
Ricardo Silva;+43 883845178
Rui Alves;+33 781124826
Ricardo Pereira;+44 115652359
Rui Gomes;+32 016353713
Ricardo Mendes;+33 723904308
Ricardo Ferreira;+44 281463728
Ricardo Santos;+49 182549235
Rui Silva;+43 918041083
Ricardo Silva;+43 123169776
Ricardo Alves;+43 533570605
Ricardo Fernandes;+43 865697381
