Ana Mendes;+39 375907136
Ana Ferreira;+49 702858799
Ana Gonçalves;+32 422879405
Ana Gomes;+41 379623438
Ana Pereira;+43 577698170
Ana Fernandes;+39 448916949
Ana Mendes;+41 963076397
Ana Gomes;+33 163647813
Ana Santos;+44 633634734
Ana Mendes;+33 823365393
Ana Ferreira;+32 219924940
Ana Fernandes;+43 319080200
Ana Santos;+32 685220738
Ana Fernandes;+44 374929073
Ana Santos;+32 580718541
Ana Ferreira;+49 729081097
Ana Fernandes;+44 279276884
Ana Gomes;+41 767674736
Ana Ferreira;+43 255374446
Ana Fernandes;+43 084905774
Ana Ferreira;+49 301439346
Ana Santos;+39 140496528
Ana Alves;+39 171169458
Ana Santos;+351 722065664
Ana Fernandes;+33 437843180
Ana Gomes;+39 714205334
Ana Silva;+41 945438938
Ana Alves;+32 265797060
Ana Fernandes;+41 403717148
Ana Mendes;+33 576512363
Ana Martins;+39 260102561
Ana Santos;+49 258991086
Ana Silva;+33 889270239
Ana Alves;+49 465819472
Ana Martins;+49 255966367
Ana Martins;+39 253405424
Ana Gomes;+39 743252180
Ana Martins;+39 943790365
Ana Martins;+49 614528483
Ana Santos;+49 938581475
Ana Alves;+39 371542139
Ana Gonçalves;+33 539170008
Ana Gonçalves;+43 620140173
Ana Santos;+39 881172142
Ana Gonçalves;+49 670099896
Ana Gomes;+41 811120693
Ana Silva;+41 085499081
Ana Ferreira;+43 041370505
Ana Fernandes;+41 976118739
Ana Gonçalves;+41 501338829
Ana Ferreira;+32 882296170
Ana Gonçalves;+39 309816565
Ana Santos;+32 841520612
Ana Ferreira;+49 156397130
Ana Santos;+43 030218223
Ana Gomes;+41 279761768
Ana Silva;+44 703610497
Ana Pereira;+44 046518111
Ana Gonçalves;+49 484753118
Ana Silva;+44 688428941
Ana Silva;+43 416507573
Ana Santos;+43 368042478
Ana Fernandes;+41 959646584
Ana Ferreira;+32 434797319
Ana Pereira;+41 054357121
Ana Pereira;+44 614504434
Ana Gonçalves;+43 411768940
Ana Santos;+41 668486489
Ana Gomes;+44 641731225
Ana Gomes;+39 039088969
Ana Mendes;+32 310565033
Ana Alves;+351 064419630
Ana Ferreira;+49 394371455
Ana Martins;+44 185229313
Ana Ferreira;+41 051126206
Ana Silva;+39 176057393
Ana Martins;+43 687814226
Ana Martins;+44 657348217
Ana Gomes;+49 125820964
Ana Gomes;+49 467955220
Ana Alves;+49 988538990
Ana Santos;+49 586823448
Ana Ferreira;+39 151216219
Ana Alves;+33 100467321
Ana Ferreira;+49 937741320
Ana Santos;+351 393448053
Ana Pereira;+41 739542504
Ana Mendes;+39 975830853
Ana Santos;+33 453315465
Ana Gomes;+351 129257640
Ana Gomes;+351 090195337
Ana Martins;+43 149328588
Ana Mendes;+351 492423704
Ana Alves;+49 955018640
Ana Mendes;+33 995816873
Ana Gomes;+43 360679652
Ana Ferreira;+39 862033789
Ana Pereira;+33 778086721
Ana Santos;+41 057432808
Ana Fernandes;+33 077143807
