Ana Ferreira;+351 423320392
Ana Martins;+49 194966546
Ana Martins;+43 179425699
Ana Martins;+33 892983191
Ana Silva;+351 711152475
Ana Pereira;+39 210348148
Ana Santos;+33 444180234
Ana Mendes;+32 050789398
Ana Alves;+351 970499302
Ana Ferreira;+44 297338905
Ana Mendes;+33 581131831
Ana Ferreira;+43 140793007
Ana Silva;+41 729602958
Ana Alves;+49 844196622
Ana Santos;+33 095207346
Ana Pereira;+39 915221472
Ana Mendes;+43 854601263
Ana Martins;+32 795637310
Ana Ferreira;+41 927495509
Ana Gomes;+49 658845345
Ana Gomes;+33 975514189
Ana Fernandes;+39 245774555
Ana Fernandes;+43 497196712
Ana Pereira;+43 055561948
Ana Gomes;+41 499777839
Ana Gomes;+32 553921779
Ana Mendes;+32 976522224
Ana Gonçalves;+44 022626250
Ana Ferreira;+32 046711086
Ana Gomes;+41 248159231
Ana Santos;+32 550817627
Ana Gomes;+43 660161773
Ana Pereira;+351 181604308
Ana Martins;+39 565141477
Ana Mendes;+41 651761719
Ana Gomes;+39 813293237
Ana Gonçalves;+351 641318862
Ana Alves;+33 892990505
Ana Ferreira;+32 991227514
Ana Mendes;+33 121641104
Ana Gonçalves;+33 240304439
Ana Pereira;+351 018416687
Ana Santos;+43 877628537
Ana Ferreira;+351 428680078
Ana Martins;+49 911440239
Ana Ferreira;+39 124408360
Ana Gonçalves;+44 428486105
Ana Mendes;+49 707574649
Ana Fernandes;+49 405984660
Ana Ferreira;+33 494557597
Ana Pereira;+43 818416724
Ana Pereira;+32 945285317
Ana Silva;+351 702820424
Ana Ferreira;+32 568287136
Ana Martins;+41 548758662
Ana Martins;+49 870858985
Ana Mendes;+43 802114212
Ana Gomes;+44 425214674
Ana Martins;+351 613883458
Ana Pereira;+41 070081253
Ana Silva;+33 743674811
Ana Santos;+49 859561777
Ana Gonçalves;+33 807856877
Ana Santos;+44 350346709
Ana Martins;+33 119842211
Ana Gomes;+44 179628459
Ana Pereira;+351 908384514
Ana Mendes;+44 223738029
Ana Gonçalves;+351 737035992
Ana Fernandes;+44 316680455
Ana Alves;+41 865302675
Ana Silva;+33 425618633
Ana Pereira;+351 428986192
Ana Silva;+33 866669615
Ana Alves;+39 769256276
Ana Ferreira;+43 403962802
Ana Alves;+41 200312799
Ana Gomes;+32 255041020
Ana Alves;+39 392522680
Ana Martins;+33 924173436
Ana Ferreira;+43 534621444
Ana Ferreira;+41 631219216
Ana Fernandes;+49 302384736
Ana Ferreira;+33 553426739
Ana Martins;+43 888586194
Ana Pereira;+351 948405522
Ana Fernandes;+49 211843600
Ana Alves;+41 295830292
Ana Alves;+32 433719557
Ana Gonçalves;+33 905342031
Ana Pereira;+43 070490066
Ana Fernandes;+43 497547178
Ana Santos;+44 353048748
Ana Martins;+351 770284286
Ana Martins;+43 504263172
Ana Silva;+49 379721738
Ana Pereira;+44 450511520
Ana Silva;+351 255007533
Ana Pereira;+49 158234430
Ana Silva;+44 739593396
