Sofia Silva;+44 397718207
Sofia Alves;+32 335797768
Sofia Gonçalves;+44 414892385
Sofia Ferreira;+32 775023978
Sofia Ferreira;+32 720052464
Sofia Santos;+41 328061927
Sofia Gonçalves;+33 890060815
Sofia Alves;+49 871719168
Sofia Pereira;+39 465373901
Sofia Pereira;+44 693416056
Sofia Alves;+43 682996809
Sofia Silva;+351 474415597
Sofia Gomes;+351 962094903
Sofia Silva;+49 254487262
Sofia Alves;+32 794962158
Sofia Martins;+33 936495838
Sofia Gonçalves;+44 668887752
Sofia Alves;+43 217948943
Sofia Pereira;+43 489720078
Sofia Pereira;+43 853654554
Sofia Alves;+32 199862046
Sofia Alves;+43 742364220
Sofia Pereira;+39 938542501
Sofia Alves;+49 987287215
Sofia Gonçalves;+44 170335681
Sofia Fernandes;+41 554119305
Sofia Martins;+41 094345864
Sofia Santos;+49 782738110
Sofia Alves;+351 504801558
Sofia Alves;+351 780222584
Sofia Silva;+351 574757858
Sofia Silva;+351 659181738
Sofia Ferreira;+43 351946003
Sofia Fernandes;+39 605070851
Sofia Pereira;+351 328215159
Sofia Gonçalves;+49 425044668
Sofia Santos;+41 282273704
Sofia Gomes;+32 919668076
Sofia Martins;+33 564823464
Sofia Alves;+39 627023490
Sofia Gomes;+43 575475124
Sofia Fernandes;+49 805683396
Sofia Alves;+49 345801679
Sofia Gomes;+43 433233869
Sofia Santos;+32 309170452
Sofia Pereira;+44 664207790
Sofia Fernandes;+43 160471164
Sofia Martins;+41 142568235
Sofia Pereira;+351 043107386
Sofia Fernandes;+44 198809256
Sofia Ferreira;+44 383737961
Sofia Martins;+32 925576866
Sofia Fernandes;+44 593617136
Sofia Fernandes;+32 270660900
Sofia Alves;+32 423571533
Sofia Mendes;+49 252944755
Sofia Silva;+33 570415503
Sofia Fernandes;+41 296381373
Sofia Gonçalves;+44 748652288
Sofia Santos;+44 164896581
Sofia Ferreira;+43 849382532
Sofia Fernandes;+43 744689752
Sofia Santos;+351 058561057
Sofia Alves;+49 668308042
Sofia Santos;+33 354073692
Sofia Martins;+33 549069742
Sofia Santos;+33 689727960
Sofia Mendes;+49 111791805
Sofia Mendes;+43 092542902
Sofia Mendes;+43 531168894
Sofia Mendes;+49 566171446
Sofia Gomes;+41 087722078
Sofia Santos;+43 040543885
Sofia Silva;+32 199586164
Sofia Mendes;+39 598580823
Sofia Pereira;+32 635820523
Sofia Gomes;+32 965951923
Sofia Fernandes;+43 704816301
Sofia Gomes;+39 619978662
Sofia Santos;+44 794864960
Sofia Santos;+49 647597319
Sofia Silva;+49 047109743
Sofia Silva;+39 870087615
Sofia Silva;+44 972278132
Sofia Gonçalves;+44 359155080
Sofia Fernandes;+33 845475735
Sofia Mendes;+351 193006454
Sofia Santos;+39 027046171
Sofia Santos;+44 258185176
Sofia Mendes;+49 200378147
Sofia Alves;+49 190162692
Sofia Gomes;+32 851941763
Sofia Mendes;+32 117437609
Sofia Gomes;+351 542394442
Sofia Gonçalves;+44 260910223
Sofia Alves;+39 290436065
Sofia Fernandes;+351 529442981
Sofia Martins;+39 379733209
Sofia Pereira;+43 186698732
Sofia Santos;+39 540798969
