Ana Mendes;+49 887751480
Ana Mendes;+39 119044455
Ana Santos;+32 001680460
Ana Gonçalves;+32 933405398
Ana Gonçalves;+41 871017927
Ana Gonçalves;+49 902952736
Ana Silva;+32 113141462
Ana Martins;+33 889782068
Ana Fernandes;+49 075341668
Ana Martins;+44 296108834
Ana Pereira;+32 642915159
Ana Martins;+351 721221779
Ana Santos;+39 909911148
Ana Fernandes;+49 844012173
Ana Gomes;+44 159984528
Ana Gonçalves;+49 520386506
Ana Santos;+49 638670504
Ana Ferreira;+43 800117085
Ana Gonçalves;+39 040729107
Ana Gomes;+33 882940302
Ana Fernandes;+33 499436945
Ana Alves;+43 405684836
Ana Silva;+33 020819952
Ana Pereira;+43 285675436
Ana Gonçalves;+351 585377156
Ana Mendes;+351 370214907
Ana Gonçalves;+49 790975556
Ana Santos;+39 933551569
Ana Fernandes;+33 533557032
Ana Gomes;+43 598556368
Ana Mendes;+39 300991057
Ana Fernandes;+39 323601466
Ana Gonçalves;+33 102421722
Ana Santos;+44 938250836
Ana Martins;+49 377088075
Ana Ferreira;+49 499096635
Ana Fernandes;+32 794001815
Ana Fernandes;+33 210152635
Ana Pereira;+43 418018059
Ana Fernandes;+41 246083013
Ana Ferreira;+41 595702312
Ana Gomes;+49 191159123
Ana Alves;+39 501353759
Ana Martins;+49 994665196
Ana Gomes;+43 470858447
Ana Gomes;+351 975036252
Ana Gomes;+39 292818753
Ana Martins;+32 034795212
Ana Ferreira;+41 487342316
Ana Mendes;+41 713322940
Ana Gomes;+351 904254413
Ana Mendes;+39 909276691
Ana Santos;+49 589036008
Ana Gomes;+41 311598116
Ana Santos;+41 715078837
Ana Martins;+41 221985278
Ana Pereira;+32 980961526
Ana Ferreira;+33 925895835
Ana Ferreira;+43 371252292
Ana Martins;+43 808515203
Ana Gomes;+49 552725249
Ana Gomes;+49 378977951
Ana Ferreira;+49 369392588
Ana Mendes;+351 566880902
Ana Pereira;+32 752723550
Ana Martins;+32 674667382
Ana Santos;+33 635169253
Ana Silva;+43 438525858
Ana Gomes;+33 115066733
Ana Ferreira;+39 342558390
Ana Alves;+33 977445277
Ana Ferreira;+351 451841311
Ana Santos;+49 910602983
Ana Ferreira;+39 069224519
Ana Fernandes;+41 388233347
Ana Ferreira;+33 543309105
Ana Silva;+44 891314308
Ana Alves;+39 152594283
Ana Ferreira;+33 626713647
Ana Martins;+39 661001005
Ana Pereira;+44 409477968
Ana Silva;+351 850083341
Ana Pereira;+351 649216919
Ana Mendes;+44 701408365
Ana Alves;+33 863009005
Ana Santos;+43 934618841
Ana Martins;+33 882176621
Ana Silva;+49 522630659
Ana Martins;+39 008124697
Ana Alves;+41 588492639
Ana Silva;+43 813076746
Ana Silva;+32 915170765
Ana Santos;+32 513658008
Ana Gonçalves;+49 048679112
Ana Santos;+43 542430245
Ana Gonçalves;+41 825996886
Ana Gomes;+41 648874872
Ana Martins;+43 097906648
Ana Silva;+39 140695085
Ana Gonçalves;+41 905713441
