Ana Alves;+32 845858442
Ana Mendes;+39 180381510
Ana Martins;+41 629365474
Ana Fernandes;+49 001351347
Ana Alves;+49 764477800
Ana Martins;+39 806870385
Ana Gomes;+49 434895734
Ana Santos;+33 459175802
Ana Fernandes;+43 621570813
Ana Ferreira;+32 693794340
Ana Fernandes;+33 004590325
Ana Silva;+49 842655715
Ana Gomes;+351 074191843
Ana Alves;+44 017606683
Ana Martins;+41 875236033
Ana Fernandes;+351 124422796
Ana Fernandes;+39 158723798
Ana Ferreira;+39 011272123
Ana Martins;+39 287469737
Ana Martins;+32 564816366
Ana Gomes;+43 578945128
Ana Pereira;+44 436897384
Ana Gomes;+43 402850125
Ana Martins;+351 715431463
Ana Martins;+43 085767302
Ana Mendes;+44 134852995
Ana Santos;+43 776649162
Ana Silva;+32 094579898
Ana Mendes;+43 120107730
Ana Santos;+39 381479868
Ana Mendes;+43 386313911
Ana Ferreira;+351 634439910
Ana Ferreira;+33 786444600
Ana Pereira;+351 370255501
Ana Pereira;+32 988170405
Ana Santos;+39 569659570
Ana Silva;+49 704980788
Ana Santos;+351 582384213
Ana Pereira;+43 976649277
Ana Ferreira;+33 877755450
Ana Gonçalves;+33 590465478
Ana Gonçalves;+351 761360610
Ana Pereira;+44 323618632
Ana Martins;+351 828887410
Ana Gonçalves;+49 659343803
Ana Gonçalves;+44 152815798
Ana Fernandes;+43 432659665
Ana Mendes;+32 446557928
Ana Fernandes;+44 572001912
Ana Ferreira;+43 819965647
Ana Ferreira;+49 675568042
Ana Fernandes;+49 219132871
Ana Fernandes;+39 721969592
Ana Mendes;+43 918790237
Ana Santos;+32 919689639
Ana Pereira;+49 132849454
Ana Silva;+33 244940975
Ana Mendes;+32 539902894
Ana Mendes;+32 101511844
Ana Gomes;+41 221255442
Ana Silva;+49 942677266
Ana Fernandes;+32 876280089
Ana Pereira;+33 131709799
Ana Gonçalves;+44 168220559
Ana Pereira;+39 940715782
Ana Fernandes;+351 780589551
Ana Pereira;+41 991819174
Ana Santos;+33 526990064
Ana Fernandes;+39 601878616
Ana Pereira;+39 631968078
Ana Santos;+351 503791885
Ana Martins;+351 231414286
Ana Fernandes;+49 055282113
Ana Gomes;+43 175956337
Ana Silva;+44 125119310
Ana Gonçalves;+49 043999529
Ana Pereira;+351 345773567
Ana Gonçalves;+44 694997447
Ana Santos;+44 907226174
Ana Mendes;+39 183244619
Ana Gomes;+33 940268884
Ana Santos;+43 628707541
Ana Gonçalves;+49 739597258
Ana Pereira;+351 834456228
Ana Alves;+44 156272141
Ana Martins;+44 776552629
Ana Silva;+32 504699542
Ana Ferreira;+39 536486327
Ana Gonçalves;+41 674198818
Ana Mendes;+33 085251676
Ana Ferreira;+351 962314933
Ana Santos;+43 107138328
Ana Santos;+351 179266655
Ana Pereira;+33 632535035
Ana Pereira;+351 166206870
Ana Martins;+41 410855126
Ana Mendes;+49 310504495
Ana Martins;+44 034999872
Ana Gonçalves;+32 208280150
Ana Gomes;+44 576372031
