Ana Silva;+44 164024686
Ana Mendes;+43 228465999
Ana Martins;+49 506658405
Ana Santos;+351 264312703
Ana Fernandes;+351 496450847
Ana Alves;+39 720195026
Ana Fernandes;+351 485469974
Ana Santos;+41 546587518
Ana Pereira;+41 257671926
Ana Silva;+41 588405728
Ana Gonçalves;+43 624493787
Ana Fernandes;+44 752873621
Ana Alves;+32 699887267
Ana Silva;+43 443018415
Ana Ferreira;+351 646066766
Ana Gomes;+32 295179393
Ana Gomes;+44 220950037
Ana Ferreira;+32 792028071
Ana Silva;+41 570865025
Ana Pereira;+49 357673347
Ana Ferreira;+41 111363008
Ana Pereira;+32 799949767
Ana Pereira;+32 906914867
Ana Pereira;+41 388700805
Ana Santos;+351 273050595
Ana Pereira;+39 784005050
Ana Mendes;+43 637133764
Ana Pereira;+351 047202150
Ana Gomes;+44 685007838
Ana Gomes;+41 795013944
Ana Silva;+44 483793415
Ana Silva;+32 814031209
Ana Silva;+39 673551959
Ana Mendes;+39 562336689
Ana Santos;+351 960290287
Ana Santos;+41 811837524
Ana Gonçalves;+32 247579936
Ana Alves;+44 424860040
Ana Fernandes;+43 794011025
Ana Ferreira;+49 627580851
Ana Alves;+44 728963274
Ana Martins;+39 845653058
Ana Santos;+41 021570126
Ana Mendes;+39 677128228
Ana Alves;+33 072533089
Ana Santos;+49 205967810
Ana Martins;+32 653399070
Ana Fernandes;+32 254569068
Ana Fernandes;+32 909384287
Ana Gonçalves;+41 165229848
Ana Pereira;+39 462571032
Ana Alves;+32 519172877
Ana Martins;+32 598941540
Ana Pereira;+44 656570944
Ana Alves;+351 163898128
Ana Martins;+41 858594055
Ana Ferreira;+44 108763577
Ana Gonçalves;+33 542339565
Ana Gonçalves;+44 323323962
Ana Martins;+351 127996125
Ana Gonçalves;+39 342638925
Ana Mendes;+351 570418940
Ana Martins;+49 039640635
Ana Ferreira;+49 427348699
Ana Gomes;+32 480458573
Ana Martins;+49 378276535
Ana Gomes;+39 515942814
Ana Gonçalves;+32 919482084
Ana Alves;+32 570467163
Ana Mendes;+41 870733871
Ana Ferreira;+43 430039952
Ana Alves;+33 292714180
Ana Silva;+41 133890281
Ana Alves;+49 969069275
Ana Gonçalves;+39 107008942
Ana Martins;+41 512951651
Ana Alves;+49 857797547
Ana Ferreira;+43 592577852
Ana Alves;+32 296137609
Ana Martins;+33 812331485
Ana Santos;+33 469543408
Ana Fernandes;+44 462256874
Ana Silva;+33 692930852
Ana Santos;+39 210743204
Ana Santos;+49 552094149
Ana Martins;+33 791655805
Ana Fernandes;+43 381214389
Ana Silva;+49 258798662
Ana Pereira;+351 314598297
Ana Pereira;+351 300314936
Ana Pereira;+44 078422661
Ana Ferreira;+44 778454346
Ana Fernandes;+32 293669816
Ana Silva;+44 921817383
Ana Santos;+43 460733387
Ana Gonçalves;+44 761367332
Ana Gomes;+39 243859715
Ana Ferreira;+33 015744263
Ana Fernandes;+44 214433442
Ana Santos;+43 437159762
