Sofia Fernandes;+351 753926319
Sofia Martins;+351 772650554
Sofia Pereira;+32 387080476
Sofia Martins;+33 541532205
Sofia Mendes;+33 785539576
Sofia Ferreira;+43 650649776
Sofia Alves;+49 121760294
Sofia Martins;+33 684644358
Sofia Mendes;+32 372940119
Sofia Gomes;+32 553227525
Sofia Mendes;+41 684958784
Sofia Silva;+43 015018294
Sofia Gomes;+43 612350164
Sofia Ferreira;+39 406087037
Sofia Mendes;+32 321432823
Sofia Alves;+44 472713985
Sofia Silva;+41 897561396
Sofia Alves;+43 884612106
Sofia Ferreira;+39 724999024
Sofia Gomes;+32 944273175
Sofia Gomes;+32 674681563
Sofia Gomes;+49 586424069
Sofia Silva;+43 913695205
Sofia Gonçalves;+49 076404697
Sofia Ferreira;+44 447142423
Sofia Santos;+44 303206847
Sofia Martins;+32 285306475
Sofia Silva;+32 217238229
Sofia Pereira;+351 656108823
Sofia Silva;+43 689305910
Sofia Mendes;+39 952760309
Sofia Fernandes;+49 418332980
Sofia Mendes;+44 703052928
Sofia Martins;+44 581266792
Sofia Gonçalves;+33 959100953
Sofia Fernandes;+351 811760752
Sofia Pereira;+44 363229222
Sofia Pereira;+351 600581971
Sofia Alves;+41 362815547
Sofia Fernandes;+32 122808394
Sofia Ferreira;+39 451274000
Sofia Ferreira;+44 878948793
Sofia Santos;+49 464625684
Sofia Pereira;+32 503081494
Sofia Martins;+49 882115994
Sofia Pereira;+41 183542313
Sofia Santos;+44 160801474
Sofia Silva;+39 227272257
Sofia Silva;+33 746313399
Sofia Gonçalves;+44 689989139
Sofia Pereira;+41 802861061
Sofia Gonçalves;+39 490799409
Sofia Pereira;+49 484651408
Sofia Silva;+41 026378166
Sofia Pereira;+39 773121690
Sofia Silva;+39 655083026
Sofia Gonçalves;+351 366782333
Sofia Pereira;+33 901536078
Sofia Fernandes;+41 718792794
Sofia Pereira;+32 795224148
Sofia Ferreira;+351 293532515
Sofia Gonçalves;+49 649611805
Sofia Silva;+43 097604945
Sofia Alves;+49 113556326
Sofia Gonçalves;+49 900705251
Sofia Martins;+43 531078661
Sofia Silva;+44 368686030
Sofia Martins;+41 181814752
Sofia Gonçalves;+39 760820162
Sofia Gomes;+43 200239324
Sofia Alves;+33 305104245
Sofia Gomes;+44 840252387
Sofia Pereira;+32 382696191
Sofia Gomes;+32 287188850
Sofia Martins;+43 185424493
Sofia Santos;+43 050580302
Sofia Martins;+43 263393979
Sofia Pereira;+32 878906625
Sofia Santos;+43 728493062
Sofia Fernandes;+44 308664976
Sofia Gonçalves;+49 546563112
Sofia Martins;+39 811174869
Sofia Alves;+41 918918801
Sofia Pereira;+39 107907284
Sofia Ferreira;+44 352513534
Sofia Pereira;+33 069251060
Sofia Fernandes;+44 562460323
Sofia Martins;+49 650774573
Sofia Pereira;+32 684297373
Sofia Ferreira;+33 765947591
Sofia Mendes;+351 274850287
Sofia Santos;+49 330431077
Sofia Santos;+351 278168694
Sofia Fernandes;+32 347921429
Sofia Martins;+49 007505420
Sofia Pereira;+49 256572590
Sofia Gomes;+49 727397996
Sofia Martins;+43 925265711
Sofia Mendes;+351 159341472
Sofia Ferreira;+44 194947446
