Ana Gomes;+33 829659654
Ana Gomes;+39 901283887
Ana Alves;+39 726331060
Ana Fernandes;+44 123509064
Ana Pereira;+43 703605980
Ana Santos;+49 508337022
Ana Pereira;+41 488077654
Ana Gomes;+33 570801284
Ana Martins;+44 044668366
Ana Martins;+43 006105893
Ana Gonçalves;+32 065083394
Ana Ferreira;+43 879540547
Ana Ferreira;+351 396408566
Ana Fernandes;+41 056900966
Ana Silva;+49 628003948
Ana Pereira;+43 548816799
Ana Pereira;+43 843987693
Ana Martins;+44 847116653
Ana Martins;+32 269367533
Ana Silva;+39 104531125
Ana Silva;+49 484912173
Ana Silva;+49 577534504
Ana Pereira;+351 643251688
Ana Silva;+33 661498045
Ana Alves;+32 854719695
Ana Gomes;+32 182225241
Ana Santos;+32 354252417
Ana Mendes;+44 266727973
Ana Ferreira;+41 484749499
Ana Gonçalves;+49 378172399
Ana Santos;+41 596545220
Ana Ferreira;+351 027166952
Ana Santos;+44 177147448
Ana Fernandes;+33 600568717
Ana Gomes;+49 703863107
Ana Pereira;+33 645698832
Ana Silva;+32 617501937
Ana Alves;+44 474034237
Ana Ferreira;+44 240515694
Ana Fernandes;+49 805630477
Ana Ferreira;+32 716562566
Ana Gonçalves;+33 022957638
Ana Gomes;+33 957157418
Ana Martins;+39 514826358
Ana Fernandes;+33 350042466
Ana Alves;+41 391035238
Ana Martins;+43 256216609
Ana Pereira;+39 684373446
Ana Fernandes;+41 189943833
Ana Fernandes;+351 686038910
Ana Martins;+33 258047489
Ana Gonçalves;+33 627573913
Ana Santos;+39 503813200
Ana Gomes;+351 083640535
Ana Gomes;+43 407089259
Ana Martins;+33 828355322
Ana Alves;+32 875245306
Ana Mendes;+32 166739896
Ana Gomes;+39 543181223
Ana Fernandes;+351 297379608
Ana Alves;+32 077036182
Ana Fernandes;+49 375583556
Ana Alves;+41 303385813
Ana Ferreira;+44 355322719
Ana Santos;+39 262009885
Ana Gonçalves;+32 627572440
Ana Gonçalves;+44 130963784
Ana Gonçalves;+49 641968517
Ana Martins;+32 551793137
Ana Silva;+41 538725361
Ana Pereira;+41 302482392
Ana Santos;+39 383803800
Ana Santos;+41 115189071
Ana Ferreira;+41 587239978
Ana Gomes;+49 045778285
Ana Alves;+351 100905474
Ana Mendes;+39 623029957
Ana Silva;+49 746857599
Ana Fernandes;+351 738292570
Ana Pereira;+33 254954544
Ana Pereira;+33 417614687
Ana Mendes;+39 409156190
Ana Santos;+33 544332957
Ana Santos;+49 620096681
Ana Santos;+32 992760552
Ana Gonçalves;+44 981821016
Ana Silva;+49 248865916
Ana Gonçalves;+43 480520878
Ana Gomes;+351 589716179
Ana Pereira;+44 697149491
Ana Gonçalves;+43 123494164
Ana Pereira;+43 704888365
Ana Fernandes;+44 544653095
Ana Silva;+33 034136031
Ana Silva;+41 234308073
Ana Gonçalves;+41 333913809
Ana Gonçalves;+43 383549609
Ana Alves;+43 699527036
Ana Alves;+41 576261400
Ana Gonçalves;+32 864718501
