Ricardo Silva;+351 183908035
Ricardo Mendes;+41 926252171
Rui Martins;+43 583679162
Ricardo Mendes;+32 860172937
Rui Ferreira;+32 363401462
Rui Alves;+351 813310059
Ricardo Pereira;+33 894080259
Rui Fernandes;+49 016294824
Ricardo Santos;+351 396706399
Ricardo Pereira;+32 301745859
Rui Martins;+39 385139890
Ricardo Santos;+351 786150606
Ricardo Fernandes;+351 884867914
Ricardo Mendes;+33 752090585
Ricardo Fernandes;+32 015144850
Ricardo Gonçalves;+32 061529738
Rui Martins;+351 169549118
Ricardo Alves;+33 872399043
Rui Alves;+33 393409535
Ricardo Alves;+32 645453936
Rui Silva;+41 656506407
Rui Gomes;+39 941081135
Rui Ferreira;+39 712139220
Rui Fernandes;+39 264468129
Rui Silva;+351 681018359
Ricardo Martins;+33 312708138
Ricardo Alves;+43 037382190
Rui Alves;+39 054935845
Ricardo Martins;+43 598259810
Rui Gomes;+351 652711781
Rui Silva;+43 256657013
Rui Pereira;+43 828745179
Rui Gonçalves;+41 822198183
Rui Fernandes;+44 447215609
Rui Silva;+39 391235820
Ricardo Martins;+44 091426117
Ricardo Martins;+32 047467877
Ricardo Santos;+351 986432453
Ricardo Fernandes;+33 611137917
Rui Pereira;+33 403662964
Rui Alves;+39 667043257
Ricardo Ferreira;+351 994443071
Rui Fernandes;+49 819734451
Rui Pereira;+39 580657314
Rui Ferreira;+32 274583624
Rui Pereira;+351 470309225
Ricardo Fernandes;+39 080317954
Ricardo Martins;+43 620420176
Rui Santos;+32 224807741
Ricardo Alves;+39 490639988
Ricardo Pereira;+43 928050931
Rui Silva;+43 802332036
Rui Mendes;+43 446551456
Ricardo Silva;+49 158414649
Ricardo Mendes;+351 594162208
Ricardo Gonçalves;+351 093963968
Rui Martins;+41 249996560
Rui Fernandes;+44 151434464
Rui Ferreira;+49 577704473
Ricardo Silva;+49 661159420
Rui Pereira;+43 885349012
Rui Fernandes;+39 725663833
Rui Ferreira;+39 389916161
Rui Fernandes;+44 162690518
Ricardo Santos;+49 980302497
Rui Santos;+33 986620658
Ricardo Santos;+32 607843551
Ricardo Gomes;+43 924901954
Ricardo Gomes;+43 627403948
Ricardo Fernandes;+44 050093112
Ricardo Mendes;+33 018720752
Ricardo Silva;+32 848905747
Rui Fernandes;+33 204100433
Rui Santos;+41 045084523
Rui Pereira;+32 571445557
Ricardo Ferreira;+49 719003765
Rui Fernandes;+39 961683897
Ricardo Pereira;+43 935719264
Rui Alves;+41 550506892
Ricardo Santos;+41 969927548
Ricardo Fernandes;+32 517313288
Rui Silva;+39 573142285
Ricardo Alves;+39 043709828
Rui Gomes;+49 710535768
Ricardo Ferreira;+41 686119448
Rui Santos;+351 799653670
Rui Martins;+351 224691334
Rui Santos;+33 144891726
Ricardo Alves;+49 610840605
Ricardo Gomes;+39 980176280
Ricardo Martins;+41 101528702
Rui Santos;+41 921599306
Rui Pereira;+43 208671280
Rui Gomes;+33 575326075
Ricardo Silva;+351 355285676
Rui Mendes;+49 990069961
Rui Mendes;+351 065395454
Ricardo Alves;+43 934494706
Rui Mendes;+39 882646112
Rui Fernandes;+49 733721280
