Sofia Ferreira;+44 143879659
Sofia Silva;+49 874593864
Sofia Santos;+32 248260302
Sofia Gonçalves;+39 063809744
Sofia Fernandes;+32 700669077
Sofia Mendes;+33 852582295
Sofia Ferreira;+32 215703686
Sofia Silva;+32 551573987
Sofia Mendes;+44 015131409
Sofia Gomes;+32 275533924
Sofia Fernandes;+32 239842192
Sofia Fernandes;+43 698680113
Sofia Silva;+351 826081203
Sofia Santos;+41 934109304
Sofia Martins;+49 731928478
Sofia Fernandes;+32 989888400
Sofia Pereira;+351 486189781
Sofia Santos;+39 920349106
Sofia Pereira;+49 980205369
Sofia Alves;+351 888246095
Sofia Pereira;+49 435135311
Sofia Gomes;+43 726769151
Sofia Alves;+32 276009237
Sofia Martins;+39 720831620
Sofia Martins;+32 708889824
Sofia Fernandes;+49 106496319
Sofia Gonçalves;+49 324288834
Sofia Alves;+39 021707946
Sofia Martins;+43 145308916
Sofia Alves;+49 993070788
Sofia Ferreira;+44 891456313
Sofia Gomes;+33 661703424
Sofia Santos;+41 864381970
Sofia Gonçalves;+351 914771959
Sofia Pereira;+41 821911798
Sofia Fernandes;+49 556232614
Sofia Mendes;+351 646085730
Sofia Pereira;+351 615441640
Sofia Gonçalves;+49 961728037
Sofia Pereira;+33 849227624
Sofia Alves;+39 117851755
Sofia Silva;+39 404330790
Sofia Silva;+351 750163210
Sofia Alves;+44 304005487
Sofia Gonçalves;+39 933859105
Sofia Martins;+44 007049283
Sofia Martins;+41 398145348
Sofia Silva;+32 064970579
Sofia Gomes;+49 590480386
Sofia Santos;+351 786231823
Sofia Gomes;+32 741064342
Sofia Ferreira;+39 211646634
Sofia Mendes;+351 691629949
Sofia Pereira;+39 147510519
Sofia Alves;+49 126621545
Sofia Ferreira;+39 415798645
Sofia Gomes;+49 233805338
Sofia Pereira;+39 368253657
Sofia Mendes;+39 594387901
Sofia Santos;+351 758483774
Sofia Alves;+44 282962117
Sofia Silva;+41 922282647
Sofia Pereira;+351 718891296
Sofia Martins;+41 181911055
Sofia Martins;+49 600012686
Sofia Mendes;+39 085909141
Sofia Ferreira;+33 030667149
Sofia Gomes;+39 014069341
Sofia Gomes;+33 559108419
Sofia Mendes;+32 179520545
Sofia Santos;+32 421837176
Sofia Ferreira;+39 746672678
Sofia Gonçalves;+44 376090682
Sofia Gomes;+49 089243861
Sofia Martins;+41 192154551
Sofia Gonçalves;+41 305259025
Sofia Gomes;+39 988919718
Sofia Gonçalves;+39 225046106
Sofia Fernandes;+41 922896541
Sofia Mendes;+32 586166729
Sofia Santos;+44 762406559
Sofia Santos;+39 318778811
Sofia Fernandes;+351 898946785
Sofia Gomes;+49 304522636
Sofia Gonçalves;+44 976143339
Sofia Fernandes;+41 458278298
Sofia Santos;+39 132980826
Sofia Pereira;+39 441594732
Sofia Ferreira;+39 764013812
Sofia Gonçalves;+351 216933902
Sofia Alves;+49 059044822
Sofia Gomes;+33 523985884
Sofia Santos;+33 434400506
Sofia Gonçalves;+33 965371999
Sofia Mendes;+39 604397157
Sofia Santos;+49 723557008
Sofia Fernandes;+39 426250410
Sofia Alves;+41 380923720
Sofia Mendes;+43 508814384
Sofia Gomes;+49 459087697
