Ana Gonçalves;+49 188054463
Ana Gomes;+44 498380506
Ana Santos;+49 061903686
Ana Silva;+32 418303827
Ana Ferreira;+49 431894846
Ana Silva;+32 357168325
Ana Silva;+351 882624913
Ana Pereira;+44 253591088
Ana Gonçalves;+49 149955931
Ana Martins;+43 676044623
Ana Gonçalves;+351 389671251
Ana Fernandes;+33 797487817
Ana Fernandes;+44 973289840
Ana Silva;+41 392654529
Ana Mendes;+33 989267089
Ana Pereira;+33 572822619
Ana Silva;+33 352585241
Ana Mendes;+41 726981982
Ana Gomes;+32 608117860
Ana Gomes;+49 994889094
Ana Fernandes;+32 180513301
Ana Gomes;+44 076113619
Ana Gomes;+49 796657611
Ana Mendes;+39 240841954
Ana Gonçalves;+39 645970868
Ana Alves;+39 316399621
Ana Santos;+44 560168777
Ana Ferreira;+351 823377432
Ana Alves;+49 922007059
Ana Silva;+351 560640832
Ana Alves;+33 995295283
Ana Martins;+39 833194253
Ana Ferreira;+41 838549252
Ana Martins;+44 378576963
Ana Mendes;+32 890466740
Ana Pereira;+44 036386275
Ana Silva;+43 842408000
Ana Santos;+43 525225521
Ana Silva;+49 752579372
Ana Santos;+41 318185141
Ana Ferreira;+39 429145509
Ana Santos;+351 143206621
Ana Mendes;+351 923676538
Ana Santos;+43 673242331
Ana Fernandes;+32 144433035
Ana Silva;+43 751331199
Ana Mendes;+32 540033500
Ana Mendes;+43 113144886
Ana Santos;+49 596420184
Ana Silva;+44 735490617
Ana Mendes;+32 331690919
Ana Pereira;+351 418142421
Ana Martins;+43 161615378
Ana Ferreira;+43 304626116
Ana Mendes;+32 787556449
Ana Ferreira;+33 227359304
Ana Ferreira;+32 387872564
Ana Pereira;+32 749550121
Ana Pereira;+44 592392363
Ana Fernandes;+49 393003047
Ana Gomes;+351 419268256
Ana Pereira;+49 739879399
Ana Gonçalves;+32 868731603
Ana Fernandes;+43 524299691
Ana Santos;+351 884289066
Ana Santos;+41 208738842
Ana Silva;+41 928322428
Ana Gomes;+39 312169719
Ana Gomes;+44 207182395
Ana Pereira;+41 697668289
Ana Silva;+43 662818058
Ana Mendes;+33 083484353
Ana Mendes;+33 237200546
Ana Martins;+41 705416871
Ana Fernandes;+39 097490844
Ana Pereira;+41 388996143
Ana Pereira;+41 924036445
Ana Pereira;+351 699343400
Ana Martins;+49 676673840
Ana Gomes;+41 936115698
Ana Alves;+41 257969909
Ana Silva;+43 289065446
Ana Ferreira;+351 323518973
Ana Gomes;+39 042623977
Ana Gomes;+32 473425286
Ana Gonçalves;+41 965399570
Ana Pereira;+41 639313277
Ana Gomes;+44 670300321
Ana Alves;+351 448443399
Ana Mendes;+41 764978160
Ana Gomes;+43 078159747
Ana Fernandes;+39 250988269
Ana Martins;+43 333118938
Ana Martins;+43 439926183
Ana Alves;+44 779186634
Ana Fernandes;+39 452910737
Ana Santos;+41 394700834
Ana Alves;+32 833799290
Ana Martins;+351 991007597
Ana Pereira;+39 387553153
