Ana Ferreira;+39 992247570
Ana Gonçalves;+43 372890890
Ana Martins;+32 689293978
Ana Mendes;+351 543765234
Ana Silva;+49 956174244
Ana Gomes;+41 466171790
Ana Martins;+39 253751769
Ana Mendes;+351 169938151
Ana Ferreira;+33 864653866
Ana Alves;+351 294781664
Ana Alves;+41 464129155
Ana Gomes;+41 440537601
Ana Gonçalves;+39 690240510
Ana Silva;+41 081162672
Ana Martins;+49 222385467
Ana Gomes;+351 406489716
Ana Martins;+44 627217856
Ana Gonçalves;+39 897582610
Ana Gonçalves;+49 080488871
Ana Santos;+351 366073578
Ana Gonçalves;+32 865569326
Ana Martins;+49 314712620
Ana Gomes;+43 291451348
Ana Gonçalves;+44 001803386
Ana Fernandes;+32 716552601
Ana Gonçalves;+39 212465276
Ana Fernandes;+39 684056893
Ana Gonçalves;+351 412648803
Ana Silva;+33 321847032
Ana Ferreira;+44 564394903
Ana Ferreira;+39 650304218
Ana Gonçalves;+39 482776402
Ana Gomes;+39 101242033
Ana Fernandes;+44 271107266
Ana Gonçalves;+49 984315488
Ana Santos;+32 867391853
Ana Mendes;+39 554523770
Ana Silva;+41 516209960
Ana Ferreira;+32 138667427
Ana Pereira;+41 005342476
Ana Gonçalves;+33 876482643
Ana Gonçalves;+351 524064918
Ana Gomes;+41 842545159
Ana Santos;+43 135210831
Ana Pereira;+351 890618019
Ana Santos;+43 936402733
Ana Alves;+41 120756593
Ana Pereira;+351 243529802
Ana Fernandes;+49 885513368
Ana Santos;+351 306472792
Ana Gomes;+43 004130609
Ana Gomes;+32 136641784
Ana Fernandes;+33 880366165
Ana Fernandes;+43 825035672
Ana Mendes;+43 302840276
Ana Pereira;+32 993864526
Ana Pereira;+33 681377751
Ana Martins;+39 868882403
Ana Santos;+49 915301426
Ana Alves;+43 157227529
Ana Ferreira;+43 591922105
Ana Silva;+32 249338067
Ana Gomes;+32 213258136
Ana Santos;+39 818587487
Ana Santos;+49 309776967
Ana Gonçalves;+49 359423606
Ana Pereira;+43 510491155
Ana Pereira;+351 509198885
Ana Silva;+44 290981373
Ana Martins;+351 679952673
Ana Silva;+43 682195994
Ana Pereira;+49 655890696
Ana Fernandes;+49 859036401
Ana Fernandes;+33 800385981
Ana Silva;+41 393281722
Ana Fernandes;+351 810845845
Ana Martins;+39 926705364
Ana Fernandes;+49 006903150
Ana Gomes;+49 834094847
Ana Gomes;+41 169996816
Ana Santos;+39 362755108
Ana Gonçalves;+41 654393463
Ana Fernandes;+351 287688908
Ana Gomes;+351 775204407
Ana Silva;+43 184940744
Ana Fernandes;+43 785008361
Ana Martins;+39 423345639
Ana Silva;+44 441644846
Ana Martins;+39 378469202
Ana Martins;+41 342198265
Ana Ferreira;+33 740578291
Ana Silva;+39 797331790
Ana Mendes;+49 055125257
Ana Pereira;+33 316318915
Ana Martins;+41 637848411
Ana Pereira;+44 645978352
Ana Gonçalves;+41 840138267
Ana Ferreira;+41 664953569
Ana Alves;+41 195497502
Ana Ferreira;+32 437981142
