Rui Pereira;+351 834739912
Ricardo Santos;+351 032813189
Ricardo Fernandes;+41 096945720
Rui Fernandes;+351 833445038
Rui Silva;+32 367033214
Rui Ferreira;+41 917261622
Ricardo Ferreira;+39 741286396
Ricardo Fernandes;+49 207463504
Rui Mendes;+49 319288221
Ricardo Fernandes;+43 550347125
Rui Gonçalves;+41 231518724
Ricardo Gonçalves;+49 779803057
Rui Fernandes;+39 650885838
Rui Alves;+43 718889027
Rui Fernandes;+39 343863474
Ricardo Silva;+33 495761856
Ricardo Mendes;+44 755561184
Ricardo Silva;+351 395190958
Rui Gomes;+351 113376170
Rui Silva;+49 054757775
Ricardo Silva;+32 643448015
Ricardo Santos;+43 385626361
Ricardo Pereira;+39 673150298
Rui Gonçalves;+44 595131009
Ricardo Mendes;+351 682321467
Ricardo Gonçalves;+44 552230915
Ricardo Martins;+39 841058536
Rui Pereira;+32 631748264
Ricardo Gomes;+32 539307917
Rui Alves;+44 511176627
Rui Pereira;+43 847918848
Rui Pereira;+44 778869920
Rui Fernandes;+41 271734277
Ricardo Martins;+33 387351973
Ricardo Silva;+32 258535258
Rui Silva;+39 307562812
Rui Alves;+351 724767811
Rui Silva;+351 262400888
Ricardo Alves;+41 660666845
Rui Gonçalves;+39 934165165
Ricardo Fernandes;+351 656389231
Rui Fernandes;+41 784050040
Ricardo Silva;+49 589594906
Rui Gomes;+32 264550649
Ricardo Alves;+41 687765352
Rui Gomes;+39 731076132
Rui Ferreira;+33 320303248
Rui Alves;+41 823813998
Ricardo Ferreira;+351 721610990
Rui Martins;+41 391816833
Ricardo Santos;+39 030330939
Rui Pereira;+33 261172877
Rui Silva;+39 933680442
Rui Fernandes;+351 562376713
Ricardo Martins;+43 722410616
Rui Mendes;+49 914933699
Ricardo Ferreira;+49 623569396
Rui Pereira;+43 896724629
Rui Fernandes;+33 541515487
Ricardo Gonçalves;+49 866092422
Rui Gonçalves;+32 421355184
Ricardo Gonçalves;+41 339175247
Ricardo Mendes;+33 175269609
Ricardo Gomes;+32 423979682
Ricardo Gonçalves;+43 695544250
Ricardo Ferreira;+32 532225512
Rui Gomes;+43 333499208
Rui Ferreira;+43 128003162
Ricardo Ferreira;+33 662337205
Rui Santos;+41 037752745
Rui Fernandes;+32 203554464
Ricardo Alves;+49 895394860
Rui Silva;+39 930926741
Ricardo Pereira;+43 680387504
Ricardo Alves;+32 042662541
Ricardo Silva;+351 986997695
Ricardo Gonçalves;+33 592667638
Rui Gonçalves;+351 427175003
Rui Santos;+351 471720627
Ricardo Mendes;+41 008484696
Rui Martins;+351 771027676
Ricardo Silva;+49 230826164
Ricardo Silva;+39 689732407
Ricardo Ferreira;+32 116457776
Rui Alves;+351 710168273
Rui Silva;+32 995286095
Rui Ferreira;+32 780138953
Rui Fernandes;+32 432592398
Rui Pereira;+41 358368279
Ricardo Mendes;+39 365938583
Ricardo Ferreira;+39 483644223
Rui Martins;+32 726547985
Ricardo Silva;+41 867069638
Ricardo Gomes;+49 384998984
Ricardo Pereira;+33 754071342
Ricardo Martins;+351 961194325
Ricardo Mendes;+39 661777631
Ricardo Mendes;+32 157224522
Rui Mendes;+49 922673576
Rui Gomes;+49 769707001
