Ana Martins;+49 641305695
Ana Fernandes;+39 575824455
Ana Martins;+32 874091079
Ana Pereira;+44 515345133
Ana Mendes;+32 472945626
Ana Ferreira;+44 766349466
Ana Mendes;+39 044054548
Ana Martins;+39 334737852
Ana Ferreira;+41 000526766
Ana Fernandes;+39 104121146
Ana Ferreira;+43 307124446
Ana Martins;+39 687060993
Ana Silva;+33 783727086
Ana Martins;+32 892322819
Ana Fernandes;+41 794034450
Ana Alves;+49 351900477
Ana Pereira;+43 901906887
Ana Mendes;+33 994892378
Ana Mendes;+33 874287436
Ana Gomes;+39 527645931
Ana Alves;+49 029964527
Ana Gonçalves;+43 819292854
Ana Fernandes;+44 626036226
Ana Martins;+41 103589240
Ana Fernandes;+32 552357252
Ana Gomes;+351 362092342
Ana Mendes;+32 958278450
Ana Pereira;+33 121112726
Ana Mendes;+44 699336832
Ana Alves;+39 199099745
Ana Fernandes;+44 927826066
Ana Fernandes;+351 790745735
Ana Mendes;+351 094850312
Ana Mendes;+351 460453419
Ana Mendes;+33 535075606
Ana Mendes;+351 337056739
Ana Pereira;+33 209127362
Ana Silva;+32 333594044
Ana Mendes;+32 469628575
Ana Ferreira;+32 649338584
Ana Gonçalves;+39 056699364
Ana Gonçalves;+43 860925699
Ana Ferreira;+32 795766678
Ana Pereira;+49 533446681
Ana Fernandes;+32 938204847
Ana Fernandes;+351 369004160
Ana Fernandes;+351 507504036
Ana Mendes;+49 116599337
Ana Pereira;+351 118937851
Ana Ferreira;+33 998665656
Ana Pereira;+351 358692856
Ana Pereira;+32 536868728
Ana Gomes;+43 764409552
Ana Gonçalves;+39 479451911
Ana Fernandes;+351 673393843
Ana Santos;+44 489165278
Ana Gomes;+41 489551716
Ana Pereira;+39 858595864
Ana Silva;+33 046525380
Ana Gomes;+33 714280903
Ana Gomes;+32 521168115
Ana Martins;+32 873888111
Ana Mendes;+43 247880971
Ana Gonçalves;+33 816468538
Ana Silva;+33 031977408
Ana Alves;+49 925932877
Ana Alves;+32 137343052
Ana Martins;+33 245329706
Ana Gonçalves;+41 385956247
Ana Gonçalves;+33 855355174
Ana Gonçalves;+351 083376796
Ana Ferreira;+41 260332565
Ana Ferreira;+351 786342266
Ana Pereira;+43 262877502
Ana Gomes;+43 498078257
Ana Fernandes;+39 248741625
Ana Martins;+43 208166445
Ana Ferreira;+43 939034830
Ana Fernandes;+49 332707635
Ana Santos;+351 962008365
Ana Mendes;+41 804800206
Ana Alves;+351 431999021
Ana Martins;+351 202524384
Ana Silva;+32 002702871
Ana Gomes;+43 895130047
Ana Mendes;+43 542819491
Ana Pereira;+39 711171479
Ana Pereira;+43 828487996
Ana Fernandes;+44 326901207
Ana Pereira;+41 466306860
Ana Pereira;+41 256555823
Ana Gonçalves;+43 577875700
Ana Alves;+44 783808421
Ana Ferreira;+41 715796634
Ana Alves;+49 439021377
Ana Fernandes;+41 754924543
Ana Fernandes;+33 197982794
Ana Ferreira;+33 535713195
Ana Pereira;+43 742390957
Ana Pereira;+41 665769074
