Ricardo Gonçalves;+43 179867247
Ricardo Gonçalves;+351 078395927
Ricardo Ferreira;+33 710047300
Rui Gonçalves;+41 299365525
Rui Fernandes;+49 300153271
Rui Alves;+39 876231565
Rui Fernandes;+32 768747476
Ricardo Alves;+351 587744368
Rui Silva;+49 152509526
Rui Silva;+33 710803610
Ricardo Gonçalves;+44 497947578
Rui Fernandes;+41 451913383
Ricardo Pereira;+351 858932504
Rui Fernandes;+44 818221273
Rui Mendes;+32 302212817
Rui Gomes;+41 911894481
Rui Pereira;+351 285674272
Ricardo Martins;+44 727180687
Rui Alves;+32 236536553
Rui Mendes;+32 938161308
Rui Martins;+41 915087387
Ricardo Silva;+33 896569216
Ricardo Gonçalves;+49 163783961
Rui Gomes;+44 125781989
Rui Fernandes;+41 747906425
Ricardo Silva;+43 945574839
Ricardo Ferreira;+32 951931427
Rui Martins;+49 918050808
Rui Silva;+351 155531363
Rui Pereira;+44 073782552
Ricardo Pereira;+32 775925886
Ricardo Silva;+32 969635001
Ricardo Alves;+44 146844111
Rui Fernandes;+351 556440376
Rui Silva;+351 964090627
Rui Gomes;+44 506961592
Rui Pereira;+41 779227840
Ricardo Pereira;+49 479763718
Rui Mendes;+49 536861517
Rui Fernandes;+43 592964880
Ricardo Fernandes;+39 429454857
Rui Pereira;+44 185584052
Ricardo Mendes;+43 791891466
Rui Gonçalves;+32 038359870
Rui Santos;+351 603008494
Ricardo Gonçalves;+44 871848355
Ricardo Silva;+41 743098807
Rui Gonçalves;+351 302029654
Ricardo Fernandes;+39 550000281
Rui Santos;+351 189878796
Ricardo Mendes;+44 870416672
Rui Gonçalves;+41 343903835
Rui Pereira;+41 560349667
Ricardo Santos;+33 963478414
Rui Mendes;+351 032801501
Ricardo Alves;+351 446602013
Ricardo Ferreira;+32 037410109
Rui Gomes;+43 937015771
Rui Martins;+351 368690330
Rui Mendes;+33 079332151
Ricardo Mendes;+351 275367656
Ricardo Fernandes;+33 308736704
Ricardo Gonçalves;+49 093349401
Rui Silva;+49 999200641
Ricardo Gomes;+43 271741134
Rui Gomes;+43 605359203
Ricardo Alves;+39 078308262
Ricardo Fernandes;+351 710764495
Rui Santos;+39 584198526
Rui Alves;+32 389770260
Ricardo Gonçalves;+33 290634995
Ricardo Pereira;+49 773354601
Ricardo Santos;+39 343598912
Ricardo Santos;+44 265991558
Rui Gonçalves;+32 665408568
Ricardo Pereira;+33 399260295
Ricardo Martins;+351 419273667
Ricardo Pereira;+33 237123139
Ricardo Fernandes;+44 534945257
Rui Santos;+351 423469011
Rui Alves;+49 921316879
Ricardo Mendes;+351 394871944
Ricardo Santos;+351 395217827
Ricardo Alves;+41 594041069
Rui Fernandes;+41 474318182
Ricardo Santos;+43 035712831
Ricardo Fernandes;+32 340004531
Rui Pereira;+32 722253049
Rui Silva;+43 528500251
Rui Alves;+43 063668861
Ricardo Fernandes;+33 204323243
Rui Silva;+41 234893326
Rui Ferreira;+351 676307211
Ricardo Ferreira;+41 304160381
Ricardo Ferreira;+49 646276823
Rui Pereira;+39 963585171
Rui Ferreira;+32 071419937
Ricardo Martins;+43 572105093
Rui Martins;+32 058052967
Ricardo Ferreira;+39 569488675
