Ana Martins;+44 048787771
Ana Ferreira;+32 341920739
Ana Ferreira;+33 252246781
Ana Santos;+32 959068615
Ana Martins;+33 275761167
Ana Mendes;+39 349172963
Ana Gomes;+33 509850868
Ana Mendes;+39 884450156
Ana Pereira;+41 422392958
Ana Fernandes;+39 758517160
Ana Santos;+32 874516115
Ana Alves;+43 431805429
Ana Alves;+33 214128496
Ana Silva;+44 040513545
Ana Martins;+33 435777228
Ana Mendes;+351 176780739
Ana Mendes;+39 598374724
Ana Alves;+39 757748699
Ana Mendes;+33 457948031
Ana Martins;+41 012991271
Ana Alves;+351 965895191
Ana Pereira;+44 107902174
Ana Silva;+32 855755157
Ana Mendes;+49 695716841
Ana Mendes;+32 829618042
Ana Pereira;+33 344822372
Ana Fernandes;+32 555252265
Ana Martins;+49 543318047
Ana Silva;+351 254801596
Ana Santos;+33 991206832
Ana Mendes;+351 142422551
Ana Silva;+41 766486421
Ana Fernandes;+44 352064741
Ana Mendes;+41 944198761
Ana Martins;+44 337175429
Ana Alves;+33 758857545
Ana Gomes;+49 088932033
Ana Gomes;+39 973832524
Ana Gomes;+33 966726496
Ana Santos;+32 331308189
Ana Gomes;+49 951640037
Ana Silva;+351 250589455
Ana Santos;+43 463393402
Ana Santos;+39 282056124
Ana Gomes;+44 731306020
Ana Alves;+33 572741527
Ana Silva;+41 964483230
Ana Fernandes;+33 257054021
Ana Martins;+44 581119778
Ana Santos;+44 625694247
Ana Fernandes;+49 287456183
Ana Pereira;+33 600518345
Ana Martins;+43 230287025
Ana Mendes;+44 738595607
Ana Fernandes;+49 864290883
Ana Mendes;+351 891378914
Ana Fernandes;+351 388829312
Ana Ferreira;+39 969706419
Ana Mendes;+32 747341966
Ana Martins;+39 818180141
Ana Ferreira;+39 227746400
Ana Santos;+43 947069222
Ana Santos;+39 678210761
Ana Martins;+43 453414974
Ana Gonçalves;+49 979980266
Ana Fernandes;+32 358221087
Ana Alves;+41 519013026
Ana Gomes;+32 110752271
Ana Alves;+32 291137496
Ana Gomes;+44 871745138
Ana Pereira;+39 184931495
Ana Santos;+351 535615470
Ana Ferreira;+49 335394801
Ana Martins;+44 644353552
Ana Gomes;+49 006917619
Ana Martins;+44 869641723
Ana Martins;+351 876406280
Ana Pereira;+32 616097470
Ana Fernandes;+32 324088177
Ana Silva;+39 317818808
Ana Gonçalves;+32 204788643
Ana Gonçalves;+39 591048925
Ana Fernandes;+43 439882286
Ana Silva;+44 808070550
Ana Mendes;+44 212742457
Ana Silva;+41 863585447
Ana Ferreira;+32 141407571
Ana Silva;+32 947338950
Ana Ferreira;+32 075280445
Ana Gonçalves;+33 183188532
Ana Gonçalves;+41 540014640
Ana Ferreira;+41 984467876
Ana Gonçalves;+39 324707211
Ana Martins;+43 903149342
Ana Gomes;+43 865550204
Ana Pereira;+351 583000482
Ana Mendes;+49 402788021
Ana Gonçalves;+32 159831249
Ana Gomes;+32 001011238
Ana Santos;+33 668711442
