Rui Mendes;+33 110406356
Rui Ferreira;+39 456447825
Rui Ferreira;+43 093049728
Ricardo Silva;+43 110718258
Ricardo Alves;+39 983962737
Ricardo Silva;+41 201385079
Ricardo Pereira;+351 916852474
Ricardo Pereira;+39 866741497
Ricardo Gomes;+32 748926602
Ricardo Martins;+44 414275016
Rui Gomes;+43 077347854
Ricardo Pereira;+32 140408060
Ricardo Alves;+49 492667310
Rui Martins;+41 667977302
Rui Gonçalves;+43 900935449
Rui Silva;+33 079004784
Rui Fernandes;+351 076571093
Ricardo Silva;+33 911261861
Ricardo Gonçalves;+44 791902700
Rui Martins;+39 932217937
Ricardo Fernandes;+32 262526606
Rui Gomes;+39 911887834
Rui Silva;+49 930453747
Ricardo Gonçalves;+32 302987577
Rui Alves;+32 956893834
Ricardo Gomes;+41 026448621
Ricardo Gonçalves;+351 201072584
Ricardo Gomes;+43 743092273
Rui Gomes;+351 738979436
Ricardo Gomes;+43 343107426
Ricardo Gomes;+33 796195550
Ricardo Ferreira;+32 639289419
Rui Fernandes;+41 743172690
Ricardo Santos;+44 483833707
Rui Mendes;+39 020011747
Ricardo Fernandes;+33 665387659
Ricardo Pereira;+44 965413190
Rui Martins;+33 211643559
Ricardo Silva;+39 874294419
Rui Alves;+43 986083566
Rui Ferreira;+39 817450000
Ricardo Gonçalves;+32 155886671
Rui Gomes;+49 923787981
Ricardo Silva;+351 718482649
Ricardo Ferreira;+49 632738067
Rui Gomes;+32 734752415
Rui Santos;+33 702150536
Rui Mendes;+33 787888679
Ricardo Silva;+49 310187237
Ricardo Santos;+33 944553188
Rui Gonçalves;+351 403276297
Ricardo Ferreira;+41 794982937
Rui Gomes;+49 884269699
Ricardo Alves;+43 154987662
Rui Pereira;+39 557246493
Rui Pereira;+39 765992547
Ricardo Ferreira;+49 888834686
Ricardo Pereira;+43 506559547
Ricardo Martins;+33 353155803
Rui Martins;+43 655649225
Rui Gonçalves;+33 696833536
Ricardo Alves;+44 097870701
Rui Mendes;+49 359710263
Rui Santos;+43 230247820
Rui Mendes;+44 819110823
Rui Mendes;+32 861966656
Ricardo Santos;+33 651452231
Ricardo Pereira;+49 371959537
Ricardo Gonçalves;+351 734914261
Rui Pereira;+44 229413949
Rui Martins;+32 187353395
Ricardo Silva;+43 561990511
Ricardo Mendes;+44 927594821
Ricardo Silva;+43 036339858
Rui Pereira;+44 804360073
Rui Ferreira;+43 092110614
Rui Gonçalves;+33 767621215
Ricardo Martins;+32 909297963
Rui Pereira;+49 093949038
Ricardo Martins;+33 653644071
Rui Pereira;+32 942020066
Ricardo Alves;+39 580670534
Rui Gomes;+49 844770977
Rui Alves;+43 066379858
Rui Pereira;+49 737067566
Ricardo Gomes;+39 143511370
Ricardo Alves;+43 538454142
Ricardo Gomes;+32 128670017
Rui Fernandes;+44 855807313
Ricardo Martins;+351 230442789
Rui Alves;+41 893614332
Ricardo Mendes;+39 865624749
Rui Martins;+44 740061729
Rui Alves;+39 873507829
Rui Gomes;+41 160482220
Rui Fernandes;+351 101097071
Ricardo Fernandes;+39 928802285
Ricardo Martins;+41 873154842
Rui Martins;+43 040031100
Ricardo Gomes;+49 220854186
