Ana Gomes;+33 040855518
Ana Ferreira;+43 650478773
Ana Mendes;+39 795669081
Ana Martins;+43 436031180
Ana Ferreira;+33 426504698
Ana Fernandes;+43 187365756
Ana Pereira;+32 620313594
Ana Ferreira;+49 936004199
Ana Ferreira;+41 820731161
Ana Santos;+44 727132039
Ana Mendes;+43 692747206
Ana Fernandes;+351 584359643
Ana Ferreira;+32 050779267
Ana Gonçalves;+39 500148868
Ana Ferreira;+33 845416202
Ana Fernandes;+43 216555046
Ana Martins;+43 414993400
Ana Santos;+39 876997600
Ana Mendes;+44 453110504
Ana Gonçalves;+43 918868253
Ana Gonçalves;+351 077853085
Ana Martins;+33 791314714
Ana Pereira;+351 280202651
Ana Alves;+43 333439929
Ana Martins;+41 518679312
Ana Ferreira;+44 905859569
Ana Fernandes;+351 422495411
Ana Gonçalves;+44 071524432
Ana Ferreira;+32 585559106
Ana Pereira;+49 286757456
Ana Silva;+41 542566658
Ana Martins;+33 313355902
Ana Pereira;+49 632721058
Ana Pereira;+351 188911791
Ana Pereira;+351 680435878
Ana Pereira;+351 464801323
Ana Alves;+351 464057248
Ana Silva;+44 495500563
Ana Fernandes;+41 281857990
Ana Mendes;+33 676881672
Ana Alves;+41 006249817
Ana Santos;+351 652332100
Ana Silva;+44 143768458
Ana Mendes;+44 797450736
Ana Fernandes;+43 508778958
Ana Fernandes;+351 186684383
Ana Fernandes;+49 057594779
Ana Gomes;+351 374322077
Ana Santos;+33 523491452
Ana Ferreira;+44 808775586
Ana Gonçalves;+39 496899354
Ana Pereira;+49 170412614
Ana Alves;+351 842244143
Ana Santos;+351 696949994
Ana Fernandes;+41 804755255
Ana Alves;+49 513014429
Ana Silva;+33 089702609
Ana Pereira;+351 943848237
Ana Martins;+41 491107241
Ana Silva;+33 160700237
Ana Fernandes;+49 787934641
Ana Martins;+39 953962619
Ana Martins;+49 471503556
Ana Pereira;+351 458600870
Ana Silva;+32 805952598
Ana Gonçalves;+33 845612555
Ana Martins;+39 626757450
Ana Fernandes;+33 276978814
Ana Mendes;+33 933295656
Ana Mendes;+44 416599115
Ana Fernandes;+33 114748232
Ana Santos;+351 359490047
Ana Silva;+41 242882086
Ana Santos;+33 516140404
Ana Ferreira;+39 552044226
Ana Mendes;+39 635913420
Ana Santos;+351 988327172
Ana Alves;+44 312864392
Ana Mendes;+44 045753903
Ana Gomes;+33 570239947
Ana Fernandes;+32 696872203
Ana Gonçalves;+32 983561356
Ana Gonçalves;+351 348286082
Ana Ferreira;+43 630692696
Ana Mendes;+39 461545012
Ana Mendes;+41 040762659
Ana Alves;+41 388009900
Ana Gomes;+41 592001633
Ana Martins;+351 938494660
Ana Fernandes;+33 626285626
Ana Gomes;+44 465783111
Ana Mendes;+41 154113222
Ana Silva;+39 225527884
Ana Alves;+49 655681507
Ana Martins;+44 812351463
Ana Gonçalves;+33 684176757
Ana Gonçalves;+33 833806472
Ana Silva;+32 299304217
Ana Martins;+39 070852894
Ana Martins;+49 234025598
