Catarina Pereira;+44 484322397
Carlos Fernandes;+33 530989546
Carlos Martins;+44 407322411
Catarina Ferreira;+351 042316229
Catarina Ferreira;+49 570461958
Catarina Santos;+43 152365375
Carlos Pereira;+351 887000586
Catarina Martins;+49 383103615
Carlos Gonçalves;+49 671917135
Catarina Ferreira;+33 870290802
Catarina Mendes;+41 149121919
Carlos Gonçalves;+43 110970618
Catarina Mendes;+49 715924567
Carlos Martins;+351 156274003
Carlos Mendes;+44 463780257
Catarina Alves;+39 891261525
Catarina Mendes;+43 351359861
Carlos Alves;+41 567366168
Carlos Gonçalves;+32 676332076
Carlos Gonçalves;+33 284599250
Carlos Fernandes;+33 480402602
Carlos Santos;+32 045891644
Catarina Pereira;+39 608455823
Catarina Pereira;+33 405991753
Carlos Ferreira;+351 876568957
Carlos Martins;+33 328310755
Catarina Alves;+44 427041759
Catarina Alves;+33 347821011
Carlos Pereira;+43 382301118
Catarina Ferreira;+43 155719955
Carlos Gomes;+41 516789487
Carlos Santos;+44 950086668
Carlos Silva;+33 209465566
Carlos Fernandes;+39 133173117
Catarina Mendes;+41 676863560
Carlos Gonçalves;+43 860035623
Carlos Silva;+49 370573644
Carlos Gomes;+49 342156993
Carlos Mendes;+351 842390613
Catarina Santos;+44 866396377
Catarina Gonçalves;+32 510809920
Carlos Mendes;+351 532450394
Carlos Gonçalves;+351 464115402
Carlos Ferreira;+32 827800842
Carlos Mendes;+351 241490201
Catarina Mendes;+49 615573289
Catarina Mendes;+41 958787532
Carlos Pereira;+39 834972731
Catarina Mendes;+41 305312278
Catarina Alves;+33 252620804
Catarina Mendes;+49 137879626
Carlos Fernandes;+32 422684884
Carlos Silva;+32 203255075
Carlos Alves;+33 454091568
Catarina Silva;+32 363624186
Carlos Martins;+49 255833697
Catarina Pereira;+351 767520602
Catarina Mendes;+41 933672523
Carlos Silva;+33 789735232
Carlos Ferreira;+44 324576050
Carlos Alves;+49 712817202
Catarina Mendes;+41 834598216
Catarina Pereira;+49 417583275
Catarina Gonçalves;+49 523295134
Catarina Pereira;+33 394313554
Carlos Gomes;+39 030482230
Catarina Ferreira;+39 105085552
Catarina Pereira;+33 377577144
Catarina Ferreira;+32 715658282
Carlos Silva;+43 296852235
Catarina Pereira;+43 974572799
Catarina Fernandes;+39 878077943
Carlos Gomes;+351 965896021
Catarina Santos;+33 699532992
Catarina Martins;+39 834243556
Carlos Alves;+43 878985275
Catarina Pereira;+43 797165550
Catarina Martins;+351 247863666
Carlos Gonçalves;+39 555947150
Catarina Santos;+351 140203680
Catarina Santos;+43 045372679
Carlos Silva;+44 409976092
Carlos Gonçalves;+39 009315041
Carlos Santos;+32 971151176
Catarina Alves;+39 023300001
Catarina Gonçalves;+351 669373470
Carlos Gomes;+39 391204497
Catarina Alves;+43 542875588
Catarina Martins;+33 399741719
Carlos Martins;+49 384293214
Carlos Mendes;+33 753748721
Catarina Alves;+44 296673208
Carlos Santos;+49 074434094
Carlos Pereira;+351 108679003
Carlos Mendes;+49 607187075
Carlos Fernandes;+43 242133000
Catarina Gomes;+351 673587363
Catarina Mendes;+39 844243103
Catarina Pereira;+32 762162096
Catarina Alves;+43 797516023
