Sofia Fernandes;+44 311369050
Sofia Gonçalves;+33 033935546
Sofia Gomes;+44 352512403
Sofia Santos;+43 993529196
Sofia Gomes;+41 421429162
Sofia Silva;+49 378094633
Sofia Santos;+351 078574366
Sofia Silva;+39 483295700
Sofia Gomes;+351 942851764
Sofia Santos;+32 789017202
Sofia Gomes;+41 161146491
Sofia Mendes;+33 243630133
Sofia Mendes;+49 426473777
Sofia Ferreira;+41 144021098
Sofia Alves;+351 283419500
Sofia Martins;+43 851129004
Sofia Santos;+43 142661471
Sofia Santos;+49 926370222
Sofia Alves;+33 326605231
Sofia Pereira;+33 651453492
Sofia Gonçalves;+49 418725010
Sofia Martins;+43 474659486
Sofia Gomes;+49 279472551
Sofia Ferreira;+351 295637818
Sofia Ferreira;+44 710556945
Sofia Gomes;+44 767752919
Sofia Gomes;+39 852236352
Sofia Ferreira;+33 323519583
Sofia Mendes;+44 101052899
Sofia Mendes;+49 038957086
Sofia Gonçalves;+49 007728097
Sofia Santos;+32 688813598
Sofia Santos;+351 945011480
Sofia Silva;+32 970465823
Sofia Fernandes;+33 306477157
Sofia Gomes;+44 382258316
Sofia Santos;+43 336138407
Sofia Mendes;+32 369563116
Sofia Pereira;+39 175349918
Sofia Ferreira;+39 935011106
Sofia Silva;+351 998811280
Sofia Fernandes;+351 864207084
Sofia Pereira;+351 019544803
Sofia Ferreira;+39 664512603
Sofia Gomes;+43 636536504
Sofia Gonçalves;+39 249341827
Sofia Silva;+41 015455823
Sofia Ferreira;+32 926458469
Sofia Alves;+351 906219340
Sofia Pereira;+44 805413800
Sofia Gonçalves;+49 109328103
Sofia Pereira;+49 713299841
Sofia Mendes;+43 087302829
Sofia Gomes;+41 663319872
Sofia Silva;+44 948199704
Sofia Mendes;+44 058582027
Sofia Mendes;+33 153124164
Sofia Alves;+32 271290201
Sofia Alves;+41 437845421
Sofia Gonçalves;+44 485030002
Sofia Silva;+49 150087445
Sofia Alves;+351 411115543
Sofia Silva;+43 077095964
Sofia Ferreira;+39 545507033
Sofia Fernandes;+351 574051038
Sofia Pereira;+44 784232818
Sofia Ferreira;+39 550338755
Sofia Gomes;+39 557671768
Sofia Silva;+49 859818614
Sofia Fernandes;+351 496069757
Sofia Pereira;+351 521613385
Sofia Alves;+43 916753794
Sofia Fernandes;+44 171043009
Sofia Alves;+351 203766766
Sofia Gomes;+41 352008811
Sofia Martins;+43 390896103
Sofia Gomes;+43 457265384
Sofia Alves;+49 352660987
Sofia Ferreira;+41 960121459
Sofia Mendes;+43 052798034
Sofia Pereira;+33 736576469
Sofia Martins;+33 534658273
Sofia Silva;+44 120757207
Sofia Pereira;+33 335085389
Sofia Mendes;+43 850689845
Sofia Martins;+43 113556956
Sofia Pereira;+49 165911899
Sofia Ferreira;+39 193764950
Sofia Mendes;+33 433460847
Sofia Alves;+44 986413285
Sofia Silva;+39 505589355
Sofia Ferreira;+49 021617360
Sofia Pereira;+49 650079339
Sofia Gomes;+44 680259728
Sofia Santos;+49 866406664
Sofia Martins;+39 912586643
Sofia Pereira;+49 140448578
Sofia Silva;+49 033222067
Sofia Fernandes;+43 497413002
Sofia Santos;+49 511662469
