Rui Silva;+43 203320537
Rui Alves;+44 436079947
Rui Gonçalves;+44 541354806
Rui Gonçalves;+49 847534061
Rui Pereira;+43 274060821
Rui Alves;+43 469632042
Rui Pereira;+32 909037825
Rui Mendes;+33 332004883
Rui Martins;+49 799147855
Rui Alves;+33 586315407
Ricardo Fernandes;+49 103536152
Rui Gomes;+41 722954636
Rui Silva;+43 219966243
Ricardo Santos;+44 179338492
Rui Fernandes;+49 444356458
Ricardo Alves;+32 571992096
Ricardo Santos;+39 760020236
Ricardo Santos;+43 087880650
Ricardo Alves;+44 890330774
Ricardo Martins;+41 713880725
Ricardo Santos;+351 193904365
Ricardo Santos;+32 913417718
Rui Fernandes;+33 278985799
Rui Gomes;+33 605782170
Ricardo Gonçalves;+43 964924100
Rui Fernandes;+39 108246885
Rui Ferreira;+32 346330802
Rui Gonçalves;+39 258977779
Rui Santos;+351 290275678
Ricardo Mendes;+41 850355569
Ricardo Martins;+351 565465141
Rui Santos;+43 132570369
Rui Martins;+43 090005981
Rui Pereira;+39 941322609
Ricardo Ferreira;+44 742418135
Ricardo Santos;+41 721071412
Ricardo Gomes;+351 915977182
Ricardo Fernandes;+32 195054407
Rui Gomes;+351 512567549
Rui Fernandes;+351 762565210
Rui Ferreira;+33 336430306
Ricardo Gomes;+33 236131228
Ricardo Alves;+33 133878593
Rui Silva;+44 651337105
Rui Gonçalves;+41 977267400
Rui Alves;+43 417349671
Ricardo Santos;+41 613156634
Rui Santos;+33 722007613
Ricardo Alves;+43 236782380
Ricardo Mendes;+44 827697364
Ricardo Martins;+33 580569414
Rui Silva;+33 398850172
Ricardo Santos;+43 009431056
Ricardo Gomes;+44 749910053
Rui Ferreira;+39 587877634
Ricardo Mendes;+43 859623217
Rui Santos;+32 236712608
Ricardo Fernandes;+41 456180887
Ricardo Silva;+44 696768445
Ricardo Santos;+44 353797580
Rui Silva;+41 453306091
Ricardo Gonçalves;+44 870889119
Rui Mendes;+32 935753546
Ricardo Alves;+33 371168698
Ricardo Alves;+49 841921147
Ricardo Santos;+44 067674734
Rui Silva;+32 527565394
Rui Gomes;+33 637274255
Rui Mendes;+43 929860276
Ricardo Fernandes;+32 281099862
Rui Alves;+33 243493073
Rui Gomes;+43 906639679
Rui Pereira;+41 853422755
Ricardo Silva;+351 727575560
Rui Ferreira;+49 011240773
Rui Martins;+32 383139019
Rui Santos;+43 647803341
Ricardo Pereira;+351 387019906
Ricardo Silva;+43 263190192
Rui Ferreira;+351 451270423
Rui Mendes;+32 850886140
Ricardo Santos;+32 632677471
Ricardo Pereira;+49 937863350
Rui Alves;+39 684933877
Rui Pereira;+44 330195970
Rui Mendes;+39 389767731
Rui Gomes;+351 866574672
Ricardo Gomes;+43 627133649
Rui Gonçalves;+32 336212341
Ricardo Mendes;+33 234170554
Rui Gonçalves;+33 806017857
Ricardo Silva;+43 659324954
Rui Martins;+43 464240560
Rui Pereira;+41 045832654
Rui Fernandes;+33 646555536
Rui Ferreira;+44 626806547
Ricardo Ferreira;+44 177607088
Rui Fernandes;+351 043718368
Ricardo Alves;+33 984905974
Ricardo Gomes;+44 055987694
