Rui Alves;+39 105016709
Ricardo Mendes;+39 210763763
Ricardo Gomes;+41 315063629
Rui Mendes;+39 608071859
Rui Mendes;+44 998977609
Rui Mendes;+32 243760673
Rui Gonçalves;+39 169407159
Rui Pereira;+351 177406266
Rui Silva;+33 696133747
Ricardo Pereira;+49 768074344
Ricardo Alves;+41 540425686
Ricardo Mendes;+41 250187809
Ricardo Mendes;+43 214692572
Rui Martins;+32 426504563
Ricardo Santos;+351 037888209
Rui Ferreira;+39 130901787
Ricardo Fernandes;+351 817032498
Ricardo Fernandes;+44 825593573
Ricardo Santos;+33 796992001
Rui Silva;+44 801191654
Rui Pereira;+33 805943823
Rui Fernandes;+44 931166724
Rui Martins;+43 859574205
Rui Fernandes;+49 659076177
Ricardo Mendes;+44 434704924
Ricardo Martins;+39 273273617
Rui Santos;+44 554467584
Rui Pereira;+33 678240095
Rui Gomes;+44 557347528
Ricardo Mendes;+43 717512577
Rui Pereira;+49 576191088
Ricardo Martins;+39 175955519
Ricardo Martins;+39 748578346
Rui Martins;+44 345589983
Ricardo Silva;+43 524845145
Ricardo Martins;+41 383075602
Rui Gomes;+32 768807483
Rui Pereira;+44 375065265
Rui Silva;+39 043446064
Rui Mendes;+49 954722149
Rui Gonçalves;+39 957352759
Ricardo Gonçalves;+39 167676014
Ricardo Mendes;+351 572312911
Ricardo Gomes;+43 907928980
Ricardo Alves;+49 389905121
Ricardo Mendes;+351 496115489
Ricardo Alves;+43 028159203
Rui Pereira;+33 375268050
Rui Martins;+32 833724586
Ricardo Santos;+33 278274837
Ricardo Santos;+43 378540170
Rui Silva;+43 831462668
Rui Santos;+43 844741018
Ricardo Santos;+39 128425589
Ricardo Alves;+33 926664295
Rui Ferreira;+33 428281419
Rui Santos;+44 974157098
Ricardo Santos;+33 339625987
Rui Martins;+33 419451304
Ricardo Alves;+44 081968628
Ricardo Martins;+33 914996981
Ricardo Gonçalves;+43 881492114
Ricardo Gonçalves;+43 208169975
Rui Gomes;+351 199118928
Ricardo Silva;+44 693743456
Ricardo Silva;+351 887246024
Ricardo Mendes;+49 664595495
Rui Silva;+32 280303990
Ricardo Pereira;+44 251409677
Ricardo Ferreira;+41 068330465
Rui Alves;+32 198523592
Ricardo Santos;+33 814698418
Ricardo Silva;+32 271054359
Rui Martins;+41 819071260
Rui Ferreira;+33 707598746
Rui Silva;+44 007385172
Ricardo Gonçalves;+33 890080882
Rui Pereira;+41 530803187
Rui Martins;+351 371833405
Ricardo Gomes;+49 402390533
Rui Gonçalves;+33 167716436
Rui Santos;+39 452602232
Rui Silva;+41 827622317
Ricardo Martins;+33 876334153
Rui Ferreira;+351 413820122
Rui Ferreira;+44 126285791
Rui Gonçalves;+44 144690680
Rui Santos;+49 957770411
Rui Ferreira;+33 224704385
Rui Silva;+33 635817550
Ricardo Gomes;+43 971468075
Rui Ferreira;+39 089772037
Rui Gomes;+43 019984856
Ricardo Martins;+44 804594289
Rui Silva;+49 866542953
Rui Gomes;+33 362225760
Ricardo Pereira;+351 367583989
Rui Mendes;+39 492589760
Ricardo Silva;+32 195016610
Rui Gomes;+49 083909871
