Sofia Gonçalves;+39 435164778
Sofia Mendes;+33 720104459
Sofia Pereira;+33 042571595
Sofia Gomes;+32 191812767
Sofia Silva;+32 857375473
Sofia Pereira;+33 117350507
Sofia Santos;+44 879845558
Sofia Mendes;+33 362634466
Sofia Martins;+33 459953169
Sofia Gonçalves;+32 227137625
Sofia Martins;+44 289256020
Sofia Pereira;+351 334653054
Sofia Gomes;+41 667222567
Sofia Pereira;+351 323731294
Sofia Ferreira;+44 257396230
Sofia Alves;+49 559361624
Sofia Alves;+32 203957912
Sofia Pereira;+44 019593566
Sofia Martins;+49 294648571
Sofia Fernandes;+351 048862388
Sofia Pereira;+39 146217265
Sofia Martins;+33 726855951
Sofia Mendes;+41 835301514
Sofia Martins;+41 953806459
Sofia Gonçalves;+43 144426474
Sofia Santos;+33 313372756
Sofia Gonçalves;+49 228369537
Sofia Mendes;+43 771615007
Sofia Mendes;+33 311940794
Sofia Fernandes;+39 422441391
Sofia Alves;+44 182066254
Sofia Santos;+33 007275648
Sofia Fernandes;+43 211598725
Sofia Silva;+32 806831187
Sofia Martins;+39 384168699
Sofia Gonçalves;+43 251218033
Sofia Ferreira;+351 447829202
Sofia Mendes;+44 971426725
Sofia Silva;+44 617365973
Sofia Martins;+32 092842180
Sofia Mendes;+351 518813996
Sofia Alves;+32 497737904
Sofia Silva;+49 918064856
Sofia Ferreira;+49 861841264
Sofia Pereira;+43 479664022
Sofia Fernandes;+39 946240724
Sofia Fernandes;+33 988575301
Sofia Mendes;+351 216544636
Sofia Ferreira;+351 775635191
Sofia Fernandes;+49 200308882
Sofia Alves;+351 112331806
Sofia Alves;+41 106695808
Sofia Ferreira;+351 805488471
Sofia Mendes;+44 391661145
Sofia Mendes;+351 990652819
Sofia Ferreira;+49 416876917
Sofia Martins;+41 673813613
Sofia Mendes;+44 799544013
Sofia Gomes;+49 992167865
Sofia Silva;+44 137244179
Sofia Mendes;+32 170053189
Sofia Fernandes;+43 799071660
Sofia Pereira;+49 289264859
Sofia Pereira;+33 027261977
Sofia Alves;+39 619609979
Sofia Mendes;+39 309148613
Sofia Alves;+33 064895919
Sofia Fernandes;+44 832632891
Sofia Mendes;+43 291172174
Sofia Gomes;+32 862055821
Sofia Silva;+43 298219868
Sofia Gomes;+44 841114614
Sofia Gonçalves;+39 941951927
Sofia Fernandes;+44 203415315
Sofia Alves;+49 987871999
Sofia Ferreira;+43 458340498
Sofia Mendes;+33 809412399
Sofia Pereira;+32 090831002
Sofia Pereira;+33 585523715
Sofia Martins;+33 091721422
Sofia Gonçalves;+49 511672727
Sofia Gomes;+351 424829043
Sofia Pereira;+33 619126769
Sofia Silva;+49 816296139
Sofia Martins;+44 475487597
Sofia Gomes;+49 520181047
Sofia Mendes;+33 428732567
Sofia Santos;+41 051397760
Sofia Silva;+39 574289627
Sofia Santos;+43 635391929
Sofia Mendes;+32 100204686
Sofia Silva;+44 250410401
Sofia Martins;+43 749561741
Sofia Ferreira;+43 789428613
Sofia Mendes;+32 231858418
Sofia Fernandes;+351 746016032
Sofia Gonçalves;+41 687398940
Sofia Mendes;+33 558579253
Sofia Martins;+33 885011403
Sofia Silva;+44 144239414
