Catarina Santos;+49 638866438
Catarina Gomes;+32 331945070
Catarina Gomes;+32 204248667
Catarina Gomes;+49 374670028
Carlos Ferreira;+33 977029385
Carlos Santos;+41 740884169
Carlos Gonçalves;+41 613825707
Carlos Alves;+44 080744618
Catarina Santos;+39 145533745
Carlos Pereira;+43 409062598
Catarina Martins;+33 827160287
Catarina Gonçalves;+43 339497623
Carlos Silva;+39 910692822
Carlos Martins;+43 823288247
Carlos Gonçalves;+43 204758152
Catarina Alves;+33 192560131
Catarina Mendes;+33 831505247
Catarina Alves;+41 442900376
Catarina Alves;+43 291495338
Catarina Gonçalves;+39 346422556
Carlos Alves;+39 797383030
Carlos Ferreira;+49 651993427
Catarina Pereira;+32 947935736
Catarina Mendes;+32 136922999
Carlos Gomes;+39 574952259
Carlos Gomes;+39 552889776
Carlos Martins;+32 592785972
Carlos Fernandes;+44 178830743
Carlos Gomes;+39 519559138
Catarina Pereira;+49 286972190
Catarina Martins;+351 996178436
Catarina Martins;+41 556955550
Catarina Pereira;+41 600286317
Carlos Ferreira;+351 011822647
Catarina Pereira;+44 073862962
Catarina Ferreira;+33 183373447
Carlos Fernandes;+44 681278360
Catarina Ferreira;+39 295742711
Catarina Martins;+41 780123365
Carlos Silva;+41 307689357
Catarina Gonçalves;+32 419806485
Catarina Gonçalves;+351 371623382
Carlos Santos;+32 204607857
Catarina Fernandes;+43 741231090
Carlos Pereira;+33 820509981
Catarina Pereira;+49 785567325
Catarina Santos;+351 529477478
Catarina Martins;+43 813978268
Carlos Mendes;+43 639514660
Catarina Gomes;+49 194786040
Carlos Martins;+41 649471919
Catarina Santos;+33 531786244
Catarina Silva;+44 001167068
Catarina Pereira;+44 360219590
Carlos Santos;+49 321418634
Catarina Gonçalves;+43 450271799
Catarina Gomes;+39 343865397
Catarina Gomes;+43 502649595
Catarina Martins;+41 391704279
Carlos Gomes;+43 998868267
Catarina Santos;+33 954485780
Catarina Mendes;+351 810569981
Catarina Ferreira;+41 771044950
Catarina Ferreira;+32 996956478
Carlos Gonçalves;+33 580344067
Catarina Mendes;+43 714221193
Catarina Silva;+49 159791599
Carlos Gonçalves;+41 165941364
Carlos Martins;+33 140121241
Catarina Pereira;+49 117421856
Carlos Mendes;+32 322811643
Catarina Gonçalves;+44 946140859
Catarina Mendes;+33 468788831
Catarina Ferreira;+39 659694800
Catarina Silva;+39 498704905
Carlos Fernandes;+49 418933085
Carlos Gonçalves;+351 565646180
Catarina Alves;+351 901793631
Carlos Mendes;+39 279123719
Catarina Silva;+39 458793402
Carlos Fernandes;+351 014117472
Carlos Gonçalves;+33 015351509
Carlos Gomes;+49 694073365
Catarina Santos;+33 841079359
Catarina Mendes;+39 904929284
Catarina Ferreira;+49 635096355
Catarina Fernandes;+44 047952495
Carlos Alves;+32 353511809
Carlos Gomes;+351 682090414
Carlos Silva;+351 551573909
Carlos Alves;+39 957885245
Carlos Alves;+44 205797071
Catarina Gonçalves;+43 242733159
Carlos Martins;+351 920232559
Catarina Mendes;+33 929588844
Carlos Pereira;+44 556908189
Carlos Gomes;+39 889026459
Catarina Ferreira;+33 810510358
Catarina Gomes;+44 387172222
Carlos Ferreira;+41 923366757
