Sofia Silva;+41 376877424
Sofia Silva;+41 292982504
Sofia Santos;+32 860174322
Sofia Alves;+351 689389224
Sofia Ferreira;+33 897992184
Sofia Gomes;+41 577027789
Sofia Mendes;+351 868429235
Sofia Santos;+49 060008563
Sofia Pereira;+32 961162493
Sofia Silva;+49 670404119
Sofia Martins;+32 666727917
Sofia Silva;+33 622156023
Sofia Pereira;+43 220690979
Sofia Santos;+33 220208733
Sofia Santos;+41 755523821
Sofia Alves;+32 575811763
Sofia Gomes;+351 613207864
Sofia Ferreira;+49 066503602
Sofia Martins;+32 383316839
Sofia Gonçalves;+33 385037232
Sofia Fernandes;+32 318973700
Sofia Fernandes;+39 548710352
Sofia Mendes;+41 439575028
Sofia Silva;+33 697494996
Sofia Alves;+41 283031097
Sofia Gonçalves;+32 723765037
Sofia Alves;+351 513420783
Sofia Ferreira;+43 707087450
Sofia Fernandes;+49 621779347
Sofia Pereira;+32 873956072
Sofia Gomes;+49 394910218
Sofia Mendes;+33 742274441
Sofia Pereira;+49 362034460
Sofia Santos;+351 065268477
Sofia Mendes;+33 754508882
Sofia Alves;+39 473781805
Sofia Gomes;+351 865489229
Sofia Silva;+43 606985535
Sofia Mendes;+351 028691398
Sofia Pereira;+39 906922214
Sofia Fernandes;+41 168015290
Sofia Martins;+44 025980818
Sofia Silva;+351 888109827
Sofia Santos;+32 740431487
Sofia Fernandes;+49 147968445
Sofia Gomes;+351 200778514
Sofia Santos;+33 431495864
Sofia Fernandes;+39 810449765
Sofia Martins;+32 505761080
Sofia Ferreira;+49 966288912
Sofia Alves;+33 164627128
Sofia Mendes;+33 911163964
Sofia Fernandes;+43 743316088
Sofia Mendes;+44 084460306
Sofia Ferreira;+351 784080831
Sofia Fernandes;+351 184233874
Sofia Fernandes;+44 831000788
Sofia Pereira;+33 495037359
Sofia Gomes;+39 677880587
Sofia Silva;+32 517139860
Sofia Martins;+39 513341878
Sofia Pereira;+351 485500844
Sofia Gomes;+33 281903062
Sofia Gonçalves;+49 698748114
Sofia Pereira;+33 971762705
Sofia Silva;+41 490390765
Sofia Santos;+44 882220008
Sofia Santos;+49 563344694
Sofia Ferreira;+351 105070153
Sofia Silva;+43 648310017
Sofia Mendes;+32 415774267
Sofia Martins;+351 218213928
Sofia Alves;+49 894101806
Sofia Gonçalves;+33 725161096
Sofia Gomes;+39 979548986
Sofia Gonçalves;+351 854424719
Sofia Mendes;+39 093889812
Sofia Martins;+41 991126991
Sofia Gonçalves;+351 078352845
Sofia Gonçalves;+39 671119703
Sofia Silva;+351 519885189
Sofia Fernandes;+32 665325028
Sofia Gomes;+44 002155369
Sofia Alves;+39 226170423
Sofia Santos;+351 294325986
Sofia Silva;+41 003450781
Sofia Fernandes;+44 939671329
Sofia Martins;+41 377383061
Sofia Fernandes;+39 120538723
Sofia Martins;+351 421741121
Sofia Gomes;+41 557497537
Sofia Alves;+32 524690437
Sofia Gomes;+41 026261757
Sofia Fernandes;+32 504444126
Sofia Fernandes;+33 017411785
Sofia Alves;+41 808749557
Sofia Gonçalves;+43 319690526
Sofia Gonçalves;+39 277605697
Sofia Pereira;+49 233924296
Sofia Santos;+33 826602530
