Ana Santos;+49 577595009
Ana Santos;+33 644527558
Ana Fernandes;+44 068885855
Ana Ferreira;+351 592898494
Ana Ferreira;+41 070124326
Ana Ferreira;+351 941689796
Ana Fernandes;+41 406581119
Ana Martins;+43 876943882
Ana Fernandes;+43 961290866
Ana Martins;+32 470995117
Ana Pereira;+43 757907861
Ana Mendes;+33 313461775
Ana Silva;+41 377178196
Ana Silva;+39 760302952
Ana Pereira;+44 486422567
Ana Martins;+39 727975656
Ana Fernandes;+32 515460494
Ana Mendes;+32 235001981
Ana Ferreira;+32 007541866
Ana Gonçalves;+49 272961346
Ana Alves;+43 023714245
Ana Martins;+43 774845826
Ana Fernandes;+33 694216065
Ana Alves;+33 007305532
Ana Alves;+33 200662328
Ana Martins;+49 821964926
Ana Silva;+39 502406192
Ana Pereira;+39 173750136
Ana Martins;+49 566561707
Ana Alves;+44 637986528
Ana Gomes;+33 443868994
Ana Alves;+49 589347898
Ana Silva;+41 188500713
Ana Pereira;+43 189322143
Ana Martins;+32 524750048
Ana Mendes;+39 150648137
Ana Alves;+33 924000059
Ana Silva;+44 156258536
Ana Martins;+33 448354377
Ana Mendes;+49 618958721
Ana Fernandes;+43 685128158
Ana Pereira;+39 980716710
Ana Alves;+44 461950785
Ana Santos;+49 463871163
Ana Fernandes;+33 490262865
Ana Gomes;+33 344054881
Ana Silva;+43 773459661
Ana Silva;+49 332483654
Ana Pereira;+49 061541692
Ana Alves;+33 028117432
Ana Pereira;+39 818120043
Ana Gonçalves;+44 414712906
Ana Gomes;+33 542020368
Ana Santos;+43 116674739
Ana Fernandes;+33 058188266
Ana Martins;+44 732875224
Ana Santos;+49 394407001
Ana Gomes;+351 100008725
Ana Santos;+33 105909886
Ana Silva;+351 912348201
Ana Gomes;+39 156680328
Ana Santos;+33 492181448
Ana Pereira;+33 027582030
Ana Santos;+41 161472495
Ana Pereira;+44 507223304
Ana Silva;+39 889014950
Ana Pereira;+351 158205405
Ana Gonçalves;+33 869681358
Ana Mendes;+32 517674076
Ana Gomes;+32 018152580
Ana Santos;+44 300706332
Ana Martins;+41 453567142
Ana Gonçalves;+33 914938093
Ana Silva;+351 184809144
Ana Silva;+351 882556942
Ana Gonçalves;+32 330331489
Ana Silva;+33 093877869
Ana Pereira;+32 083053290
Ana Alves;+49 346701407
Ana Martins;+351 427797202
Ana Fernandes;+33 147277995
Ana Silva;+43 602791386
Ana Fernandes;+33 370712248
Ana Alves;+43 846947070
Ana Mendes;+41 751549081
Ana Alves;+351 507842239
Ana Gonçalves;+41 761820340
Ana Fernandes;+39 281196607
Ana Alves;+49 999922613
Ana Santos;+49 267883517
Ana Pereira;+32 478833878
Ana Ferreira;+351 121634030
Ana Fernandes;+39 165110220
Ana Gomes;+351 105750286
Ana Gomes;+43 734712376
Ana Silva;+351 953934221
Ana Gomes;+41 853891958
Ana Pereira;+49 034695430
Ana Mendes;+43 907210641
Ana Pereira;+33 411106676
