Ana Mendes;+44 120649945
Ana Fernandes;+49 674373006
Ana Gonçalves;+44 051657423
Ana Silva;+41 200776164
Ana Santos;+49 958798714
Ana Alves;+49 017109808
Ana Gomes;+32 790641781
Ana Ferreira;+351 692651849
Ana Ferreira;+41 379546603
Ana Silva;+44 193822456
Ana Alves;+32 269264312
Ana Fernandes;+32 365735171
Ana Pereira;+351 316373603
Ana Silva;+351 725838034
Ana Silva;+33 644716495
Ana Martins;+43 985059372
Ana Gonçalves;+43 128133160
Ana Martins;+44 015359695
Ana Ferreira;+49 255051621
Ana Mendes;+43 901930085
Ana Gomes;+43 118994905
Ana Alves;+33 951025019
Ana Alves;+49 004423635
Ana Mendes;+351 476114761
Ana Silva;+41 952757283
Ana Gonçalves;+32 294756006
Ana Martins;+33 111620975
Ana Santos;+49 155398574
Ana Alves;+44 199143868
Ana Santos;+44 012802849
Ana Fernandes;+44 272867210
Ana Alves;+351 071533280
Ana Mendes;+41 560585288
Ana Ferreira;+351 153142203
Ana Fernandes;+32 296639802
Ana Gonçalves;+44 174264728
Ana Ferreira;+49 473909086
Ana Ferreira;+32 198932332
Ana Pereira;+41 203814076
Ana Santos;+49 790153472
Ana Silva;+43 686593719
Ana Pereira;+49 719279541
Ana Fernandes;+41 215416285
Ana Silva;+351 165390318
Ana Fernandes;+49 906975117
Ana Alves;+49 735656501
Ana Ferreira;+32 407385775
Ana Mendes;+33 205666185
Ana Santos;+43 749958930
Ana Alves;+41 042162416
Ana Gomes;+32 473025699
Ana Fernandes;+39 270612219
Ana Alves;+32 082563485
Ana Mendes;+44 863546083
Ana Ferreira;+39 860960868
Ana Silva;+49 385010964
Ana Alves;+32 353776545
Ana Alves;+39 704702189
Ana Fernandes;+39 507972983
Ana Gonçalves;+43 801014644
Ana Silva;+32 516545725
Ana Santos;+39 472590574
Ana Ferreira;+39 755242299
Ana Gomes;+39 033451989
Ana Gomes;+41 846355126
Ana Mendes;+39 292338766
Ana Gonçalves;+33 081371551
Ana Silva;+33 921947418
Ana Gonçalves;+49 978944352
Ana Alves;+33 743522013
Ana Martins;+351 871625641
Ana Ferreira;+33 516966881
Ana Mendes;+41 179196035
Ana Mendes;+44 123470050
Ana Silva;+32 300864455
Ana Silva;+41 619806216
Ana Gomes;+43 519190730
Ana Silva;+33 453845487
Ana Martins;+39 443877127
Ana Fernandes;+43 889798725
Ana Gomes;+43 674047684
Ana Fernandes;+351 785361118
Ana Alves;+351 339877566
Ana Santos;+32 620148615
Ana Gomes;+351 669340296
Ana Martins;+39 907004601
Ana Silva;+33 336717459
Ana Alves;+43 742159313
Ana Pereira;+351 280754952
Ana Martins;+49 813785801
Ana Silva;+351 153151729
Ana Gonçalves;+32 261539743
Ana Santos;+49 927034261
Ana Santos;+39 717083523
Ana Gomes;+41 950099026
Ana Silva;+44 427524924
Ana Santos;+33 416216783
Ana Mendes;+44 580295018
Ana Mendes;+49 111678252
Ana Fernandes;+43 487812721
