Ricardo Santos;+33 285845033
Rui Martins;+39 788743860
Rui Gomes;+32 781356887
Rui Mendes;+39 503541718
Rui Silva;+32 888221859
Rui Gomes;+41 876501905
Ricardo Gonçalves;+351 373420678
Rui Mendes;+33 664664904
Ricardo Silva;+33 563880547
Rui Ferreira;+351 535892670
Ricardo Gomes;+39 706648795
Rui Mendes;+39 409841266
Rui Ferreira;+41 328583018
Rui Ferreira;+33 400736030
Ricardo Ferreira;+33 555512978
Rui Ferreira;+33 770999788
Rui Mendes;+351 940083795
Ricardo Gonçalves;+44 517938474
Rui Gonçalves;+351 701505965
Rui Gomes;+44 715782951
Rui Gonçalves;+43 261285683
Ricardo Silva;+32 878561984
Rui Gomes;+32 718434210
Rui Martins;+43 207136120
Ricardo Gonçalves;+49 632444431
Rui Santos;+44 277084587
Rui Martins;+49 473212044
Ricardo Martins;+32 894972682
Rui Ferreira;+32 071970607
Ricardo Fernandes;+39 003858686
Ricardo Gonçalves;+351 702719442
Ricardo Martins;+33 640187498
Rui Gomes;+44 369386556
Rui Alves;+33 616004495
Ricardo Alves;+39 813467123
Ricardo Gonçalves;+32 127025910
Rui Pereira;+39 508485850
Rui Ferreira;+39 513913284
Rui Fernandes;+49 240852705
Ricardo Fernandes;+39 604535836
Rui Gonçalves;+49 401567552
Rui Silva;+49 050609559
Ricardo Fernandes;+41 672402538
Ricardo Santos;+44 287575488
Ricardo Fernandes;+49 423800996
Rui Santos;+41 911353531
Ricardo Silva;+351 415043680
Rui Ferreira;+33 418755042
Ricardo Gonçalves;+33 135588489
Rui Martins;+32 962974664
Rui Gonçalves;+44 071211075
Ricardo Pereira;+44 582662711
Ricardo Silva;+39 506257447
Rui Gomes;+41 531427437
Ricardo Fernandes;+43 036501602
Rui Alves;+41 012908482
Ricardo Martins;+41 291112923
Rui Martins;+33 365262994
Ricardo Alves;+39 546670372
Rui Santos;+32 034353223
Ricardo Mendes;+44 911988008
Rui Silva;+41 982752998
Rui Santos;+43 573578670
Ricardo Santos;+49 171860882
Rui Ferreira;+32 636369725
Rui Fernandes;+351 689468283
Rui Santos;+39 159206636
Rui Martins;+39 050930924
Rui Ferreira;+44 356835677
Rui Mendes;+39 953204237
Rui Alves;+49 686802650
Rui Ferreira;+33 297381593
Ricardo Fernandes;+32 733842716
Ricardo Ferreira;+33 102752746
Ricardo Pereira;+351 474520230
Ricardo Pereira;+39 219655546
Ricardo Gomes;+39 862677960
Ricardo Ferreira;+351 402567571
Ricardo Gonçalves;+33 736008035
Rui Mendes;+351 976635662
Rui Mendes;+43 159494297
Rui Martins;+41 400497902
Ricardo Ferreira;+32 183062587
Rui Mendes;+32 828733532
Rui Fernandes;+43 110992485
Rui Gomes;+351 253104272
Rui Santos;+41 888374059
Rui Ferreira;+33 117826022
Rui Mendes;+44 934675983
Ricardo Gomes;+33 215966255
Ricardo Ferreira;+32 926240410
Rui Mendes;+32 692578611
Ricardo Gomes;+49 240337327
Ricardo Gomes;+351 368718061
Ricardo Pereira;+32 425983009
Ricardo Gomes;+39 942088890
Rui Pereira;+351 899742991
Rui Gomes;+49 549433696
Ricardo Mendes;+39 996000839
Ricardo Mendes;+49 868537143
