Catarina Mendes;+32 332556274
Catarina Pereira;+41 973831741
Catarina Ferreira;+49 538266946
Carlos Mendes;+43 205677889
Catarina Fernandes;+32 695679346
Catarina Martins;+32 356116508
Catarina Santos;+39 749935919
Catarina Gonçalves;+49 186986897
Catarina Mendes;+351 684989971
Catarina Alves;+49 143528620
Carlos Gomes;+49 328192853
Carlos Fernandes;+32 179168124
Catarina Alves;+43 879036096
Catarina Santos;+41 412796572
Catarina Gomes;+43 258347818
Carlos Pereira;+43 680811543
Carlos Alves;+43 874372473
Catarina Alves;+351 245764859
Catarina Pereira;+351 346382233
Catarina Fernandes;+351 147269618
Carlos Pereira;+49 707727857
Catarina Alves;+351 234100531
Catarina Santos;+39 448227038
Carlos Martins;+33 704772655
Carlos Fernandes;+32 607171874
Catarina Mendes;+351 618950079
Catarina Alves;+39 328060896
Catarina Ferreira;+44 243674642
Carlos Mendes;+351 976633006
Catarina Fernandes;+351 421825056
Catarina Fernandes;+43 410084530
Catarina Martins;+49 373507262
Carlos Pereira;+351 669322993
Catarina Silva;+43 731836032
Catarina Martins;+39 416776536
Catarina Pereira;+351 357347264
Catarina Pereira;+351 227228944
Carlos Pereira;+43 692500457
Catarina Gomes;+32 536895365
Catarina Gomes;+39 157509641
Catarina Ferreira;+32 157982840
Catarina Silva;+44 910075934
Catarina Silva;+39 482103836
Catarina Silva;+39 390354146
Catarina Alves;+43 001360015
Carlos Gomes;+32 147505450
Carlos Santos;+39 695596988
Catarina Fernandes;+44 432884243
Catarina Fernandes;+351 627872400
Carlos Martins;+39 160263377
Carlos Silva;+39 166225369
Catarina Fernandes;+43 117879254
Carlos Alves;+44 932177474
Carlos Silva;+33 599156621
Catarina Silva;+351 677026223
Carlos Santos;+43 892262896
Carlos Santos;+39 077691149
Catarina Alves;+44 381681679
Catarina Ferreira;+33 595424176
Carlos Pereira;+44 392000745
Catarina Mendes;+39 085107150
Carlos Ferreira;+351 928630682
Carlos Fernandes;+32 847238088
Carlos Martins;+41 689464478
Carlos Gonçalves;+351 453827576
Catarina Santos;+39 714759633
Carlos Ferreira;+32 193870430
Carlos Gonçalves;+351 016410693
Carlos Ferreira;+41 305754972
Catarina Martins;+32 584729842
Catarina Gomes;+49 559736983
Catarina Gomes;+44 017946799
Carlos Fernandes;+33 091959961
Catarina Gomes;+49 200575148
Catarina Gomes;+33 660744413
Catarina Gomes;+49 096456807
Carlos Mendes;+49 798433346
Carlos Fernandes;+33 181373732
Carlos Pereira;+49 888587622
Catarina Martins;+49 345052286
Carlos Ferreira;+39 143709087
Catarina Alves;+41 323151671
Catarina Mendes;+44 441719282
Carlos Pereira;+49 227256813
Catarina Pereira;+44 287740605
Catarina Mendes;+44 152538605
Catarina Martins;+32 091905603
Catarina Martins;+44 232449599
Carlos Gonçalves;+39 212900639
Carlos Ferreira;+33 562745901
Carlos Ferreira;+33 310428776
Carlos Fernandes;+351 208942814
Catarina Pereira;+351 932570665
Carlos Alves;+39 239016830
Catarina Gomes;+49 420716776
Carlos Alves;+49 887917176
Carlos Martins;+44 580393992
Catarina Ferreira;+33 122294423
Catarina Fernandes;+39 609567427
Catarina Gomes;+43 364660721
