Ana Alves;+41 965200766
Ana Santos;+33 104630504
Ana Ferreira;+32 370212016
Ana Martins;+33 647200857
Ana Alves;+43 505424999
Ana Martins;+43 264213377
Ana Ferreira;+32 736226298
Ana Gomes;+39 778364023
Ana Fernandes;+49 295778728
Ana Fernandes;+49 789718532
Ana Santos;+41 915486987
Ana Gomes;+32 140262591
Ana Gomes;+39 315110937
Ana Mendes;+49 418101073
Ana Martins;+33 901425374
Ana Fernandes;+44 110523366
Ana Fernandes;+43 565804662
Ana Pereira;+49 128454258
Ana Alves;+39 441566209
Ana Fernandes;+49 644079035
Ana Silva;+32 574620895
Ana Alves;+41 845163893
Ana Pereira;+49 678651953
Ana Santos;+39 499160374
Ana Martins;+41 799945875
Ana Ferreira;+39 843386930
Ana Silva;+41 231511231
Ana Fernandes;+44 800294256
Ana Ferreira;+49 914543411
Ana Santos;+41 578307613
Ana Fernandes;+44 610580453
Ana Gonçalves;+351 186980438
Ana Martins;+32 903045685
Ana Martins;+39 879997035
Ana Alves;+41 924721836
Ana Silva;+351 535304921
Ana Fernandes;+32 149303049
Ana Alves;+49 761634403
Ana Ferreira;+33 316732150
Ana Fernandes;+43 034990164
Ana Alves;+39 464657662
Ana Pereira;+49 036955967
Ana Ferreira;+33 776592407
Ana Ferreira;+44 369584208
Ana Santos;+39 180373610
Ana Santos;+32 546558406
Ana Silva;+43 314476846
Ana Fernandes;+41 384052948
Ana Ferreira;+32 033513849
Ana Fernandes;+39 245715551
Ana Martins;+39 383324926
Ana Mendes;+41 853831265
Ana Pereira;+44 975525274
Ana Fernandes;+351 131499381
Ana Pereira;+351 243004778
Ana Ferreira;+44 799078537
Ana Alves;+32 552589555
Ana Pereira;+44 783369287
Ana Silva;+33 480042830
Ana Pereira;+49 646838052
Ana Gonçalves;+43 834526867
Ana Santos;+351 448338909
Ana Alves;+33 928390726
Ana Santos;+39 610868207
Ana Santos;+32 037138704
Ana Mendes;+41 097336613
Ana Pereira;+41 538776023
Ana Gonçalves;+43 931518389
Ana Santos;+43 675605262
Ana Gomes;+32 634128054
Ana Silva;+41 892688795
Ana Gonçalves;+351 470757967
Ana Gonçalves;+41 052093432
Ana Martins;+351 027572478
Ana Martins;+351 566850519
Ana Gonçalves;+39 737797549
Ana Pereira;+39 744193259
Ana Fernandes;+49 880222915
Ana Silva;+44 469115101
Ana Gonçalves;+49 765670461
Ana Silva;+351 296440090
Ana Mendes;+41 304870225
Ana Fernandes;+43 583449363
Ana Alves;+43 339060429
Ana Silva;+351 869511815
Ana Alves;+44 211876696
Ana Gomes;+43 298881520
Ana Gonçalves;+39 959638080
Ana Mendes;+33 209520214
Ana Pereira;+32 146218212
Ana Martins;+351 755905088
Ana Silva;+49 519465806
Ana Gomes;+44 774592503
Ana Mendes;+351 656062657
Ana Gonçalves;+43 009407368
Ana Ferreira;+49 165062856
Ana Santos;+49 411907521
Ana Silva;+351 285587925
Ana Gomes;+41 889905360
Ana Alves;+41 309717346
