Ana Ferreira;+351 025067920
Ana Alves;+43 765230087
Ana Pereira;+44 933847109
Ana Gonçalves;+33 700181849
Ana Pereira;+49 732853981
Ana Silva;+43 739842193
Ana Gomes;+43 155620242
Ana Ferreira;+44 350301348
Ana Pereira;+49 759693924
Ana Gonçalves;+44 325295745
Ana Santos;+33 535879786
Ana Mendes;+43 908792871
Ana Silva;+351 620183469
Ana Santos;+44 340951782
Ana Mendes;+32 154642376
Ana Silva;+49 981506941
Ana Gonçalves;+33 106681647
Ana Fernandes;+39 038095676
Ana Gonçalves;+43 557044604
Ana Fernandes;+43 210025310
Ana Ferreira;+44 358698642
Ana Pereira;+49 860824298
Ana Gomes;+41 068924198
Ana Silva;+351 597752991
Ana Gonçalves;+351 640566176
Ana Gomes;+33 633939899
Ana Silva;+41 943503210
Ana Pereira;+33 406482712
Ana Silva;+41 252197068
Ana Pereira;+39 770661947
Ana Pereira;+44 261208498
Ana Silva;+39 808192551
Ana Martins;+44 550503714
Ana Martins;+39 196587514
Ana Pereira;+32 480575552
Ana Gonçalves;+41 715632088
Ana Martins;+44 911563394
Ana Ferreira;+49 412343902
Ana Santos;+32 599431705
Ana Alves;+33 682739736
Ana Silva;+351 897037880
Ana Mendes;+49 844166794
Ana Ferreira;+39 303444293
Ana Mendes;+33 897160509
Ana Ferreira;+33 200944704
Ana Santos;+351 774356256
Ana Mendes;+33 767289824
Ana Fernandes;+49 798349267
Ana Gomes;+32 764166999
Ana Mendes;+41 600834963
Ana Silva;+351 722903622
Ana Fernandes;+32 273052575
Ana Santos;+39 367991609
Ana Ferreira;+44 756660527
Ana Gomes;+43 693049395
Ana Santos;+32 814716176
Ana Fernandes;+41 287767196
Ana Martins;+33 670734659
Ana Martins;+39 794883060
Ana Alves;+39 293283867
Ana Mendes;+41 721882590
Ana Silva;+32 304895983
Ana Alves;+43 944844225
Ana Santos;+44 492977320
Ana Fernandes;+33 159512680
Ana Martins;+33 915140976
Ana Silva;+33 850587136
Ana Pereira;+32 283861376
Ana Martins;+32 307443857
Ana Alves;+49 545244826
Ana Gonçalves;+43 752583227
Ana Mendes;+44 007396355
Ana Alves;+43 909698707
Ana Gonçalves;+39 331691343
Ana Pereira;+39 226068245
Ana Alves;+43 344931317
Ana Silva;+39 693905415
Ana Alves;+33 445077170
Ana Pereira;+43 376633511
Ana Silva;+49 356145745
Ana Ferreira;+49 222171137
Ana Ferreira;+44 014479549
Ana Pereira;+41 825980393
Ana Mendes;+32 317811436
Ana Silva;+43 976922937
Ana Silva;+33 759018764
Ana Mendes;+39 773826802
Ana Ferreira;+43 705447366
Ana Martins;+32 721568941
Ana Gomes;+32 264583874
Ana Fernandes;+351 509053417
Ana Gomes;+41 639904394
Ana Pereira;+32 144660585
Ana Ferreira;+44 794545512
Ana Ferreira;+33 392722196
Ana Martins;+41 945145740
Ana Santos;+32 399241559
Ana Alves;+41 811397621
Ana Martins;+44 440393113
Ana Fernandes;+49 154388087
