Ana Gomes;+351 156165846
Ana Silva;+49 178551277
Ana Mendes;+351 238920714
Ana Gonçalves;+39 930548998
Ana Alves;+351 958255677
Ana Santos;+39 362616524
Ana Martins;+49 462709008
Ana Ferreira;+39 270648625
Ana Silva;+351 277491250
Ana Silva;+41 446444846
Ana Gomes;+44 497228350
Ana Fernandes;+39 933937906
Ana Mendes;+44 528643982
Ana Gomes;+41 039760276
Ana Fernandes;+32 961107681
Ana Martins;+41 181817185
Ana Ferreira;+49 673092034
Ana Fernandes;+41 302219791
Ana Fernandes;+43 553406455
Ana Alves;+39 178415255
Ana Pereira;+43 068461079
Ana Alves;+33 959177588
Ana Pereira;+49 959273603
Ana Pereira;+33 305646278
Ana Silva;+49 400120795
Ana Ferreira;+33 245926341
Ana Santos;+39 022617182
Ana Pereira;+44 631836547
Ana Santos;+49 934958639
Ana Santos;+49 442476892
Ana Gomes;+32 761515883
Ana Fernandes;+32 046862813
Ana Fernandes;+32 569755021
Ana Martins;+41 052429761
Ana Ferreira;+44 383066004
Ana Fernandes;+39 827378323
Ana Ferreira;+33 739476827
Ana Fernandes;+33 262325111
Ana Silva;+39 056638888
Ana Silva;+33 791298795
Ana Silva;+41 607560507
Ana Alves;+43 886303244
Ana Gonçalves;+49 249881757
Ana Gomes;+32 672657560
Ana Gomes;+43 764344839
Ana Gomes;+44 897036229
Ana Pereira;+41 262526690
Ana Fernandes;+33 690954154
Ana Mendes;+49 331133821
Ana Mendes;+43 014938214
Ana Fernandes;+49 284623105
Ana Alves;+49 139071654
Ana Silva;+33 143542557
Ana Fernandes;+33 035408117
Ana Ferreira;+43 512246849
Ana Pereira;+351 768797267
Ana Santos;+43 738214555
Ana Alves;+33 381805593
Ana Santos;+41 742540902
Ana Mendes;+33 281436899
Ana Silva;+49 793436055
Ana Silva;+39 104738324
Ana Alves;+41 335365097
Ana Pereira;+41 794545553
Ana Ferreira;+41 786156644
Ana Alves;+44 094230130
Ana Alves;+39 763789048
Ana Gomes;+33 755478617
Ana Gonçalves;+44 304410808
Ana Mendes;+33 528931291
Ana Fernandes;+41 565425870
Ana Gonçalves;+32 598201112
Ana Silva;+49 440758776
Ana Mendes;+49 500734022
Ana Pereira;+43 508254620
Ana Martins;+43 229922694
Ana Fernandes;+32 443291318
Ana Alves;+351 124331918
Ana Pereira;+351 570252906
Ana Silva;+41 521476115
Ana Mendes;+39 733765390
Ana Martins;+43 581861564
Ana Mendes;+32 056662257
Ana Mendes;+49 969099234
Ana Gomes;+39 039891273
Ana Martins;+33 991517114
Ana Gomes;+43 298873107
Ana Mendes;+43 866915746
Ana Mendes;+41 717064443
Ana Martins;+43 065504559
Ana Silva;+41 555360145
Ana Alves;+39 970279232
Ana Martins;+49 900376624
Ana Martins;+41 034745920
Ana Mendes;+49 637856500
Ana Alves;+44 183359382
Ana Santos;+33 377346172
Ana Alves;+33 446841386
Ana Martins;+44 390417639
Ana Alves;+32 156856248
