Ricardo Ferreira;+44 070481065
Rui Gomes;+32 433664298
Ricardo Gonçalves;+43 272121181
Ricardo Gomes;+351 818573523
Ricardo Gonçalves;+33 609779314
Ricardo Fernandes;+33 583666604
Rui Gomes;+49 631517198
Rui Fernandes;+32 513774488
Rui Ferreira;+49 012003576
Ricardo Gonçalves;+41 740468512
Ricardo Gomes;+39 058269473
Rui Mendes;+351 122038280
Ricardo Martins;+49 015328413
Ricardo Silva;+49 125754917
Ricardo Santos;+44 723516537
Ricardo Pereira;+32 106928132
Ricardo Fernandes;+39 203451755
Rui Gomes;+39 781782291
Rui Gomes;+33 275164661
Rui Mendes;+43 689760395
Rui Ferreira;+351 525543686
Ricardo Alves;+41 524257899
Ricardo Fernandes;+33 633307690
Rui Mendes;+32 373993498
Rui Silva;+44 999620204
Ricardo Pereira;+351 241610845
Ricardo Martins;+49 757110210
Rui Martins;+43 293473422
Rui Santos;+44 453482309
Rui Fernandes;+33 972444155
Rui Pereira;+33 661766580
Rui Alves;+33 461326957
Rui Ferreira;+351 534055913
Ricardo Gonçalves;+43 797939441
Rui Gomes;+49 046932977
Ricardo Ferreira;+39 918726394
Rui Martins;+44 425241260
Ricardo Fernandes;+49 618950265
Ricardo Ferreira;+351 999020805
Rui Gomes;+32 601807915
Ricardo Martins;+43 540057402
Ricardo Martins;+33 726025371
Rui Alves;+351 839813398
Ricardo Gonçalves;+32 324130905
Ricardo Mendes;+33 714621151
Rui Fernandes;+32 282979061
Rui Gomes;+41 389988776
Ricardo Pereira;+44 598433157
Rui Mendes;+32 480225390
Rui Mendes;+33 027007650
Rui Gomes;+351 696213114
Ricardo Santos;+41 188783720
Ricardo Fernandes;+39 884022268
Ricardo Alves;+41 418693765
Rui Santos;+351 599914429
Ricardo Fernandes;+351 230805583
Rui Fernandes;+39 772215014
Ricardo Pereira;+39 427376251
Rui Pereira;+33 660064038
Rui Silva;+32 362618592
Ricardo Silva;+49 713551842
Rui Fernandes;+44 722166932
Rui Alves;+32 003810937
Ricardo Gonçalves;+41 710570497
Ricardo Santos;+44 787360160
Ricardo Martins;+32 380662448
Ricardo Gonçalves;+39 890760011
Ricardo Ferreira;+41 733010178
Ricardo Gonçalves;+49 853957243
Ricardo Gomes;+32 325683178
Ricardo Pereira;+49 823097689
Rui Gomes;+49 457975018
Ricardo Gomes;+49 245423910
Ricardo Santos;+49 830332831
Rui Gomes;+39 139269938
Rui Gonçalves;+44 137514988
Ricardo Martins;+32 909769445
Rui Gonçalves;+32 685103480
Rui Fernandes;+49 755807357
Ricardo Ferreira;+39 048482155
Rui Gonçalves;+49 969842603
Rui Alves;+33 579627313
Ricardo Gonçalves;+41 844253352
Ricardo Santos;+33 121466143
Ricardo Alves;+41 642066371
Ricardo Mendes;+32 232598424
Ricardo Fernandes;+43 625509181
Rui Mendes;+43 690045369
Ricardo Silva;+32 667473510
Rui Alves;+44 844746239
Rui Gonçalves;+32 905216982
Ricardo Alves;+39 949445181
Rui Ferreira;+44 284090674
Ricardo Pereira;+32 098745991
Ricardo Ferreira;+43 870480163
Ricardo Alves;+49 841159099
Ricardo Gomes;+44 256205947
Rui Silva;+39 592246182
Rui Martins;+33 543572876
Rui Ferreira;+41 161014268
