Ricardo Gomes;+49 525430901
Rui Silva;+49 502350061
Rui Pereira;+41 528672027
Rui Santos;+44 351308109
Rui Santos;+41 970514631
Rui Ferreira;+44 392425044
Rui Santos;+43 267169385
Rui Pereira;+33 817886108
Rui Pereira;+39 826113742
Rui Silva;+39 191743106
Ricardo Fernandes;+41 896323864
Ricardo Santos;+351 340600573
Ricardo Alves;+351 614883302
Ricardo Pereira;+39 550484673
Ricardo Fernandes;+351 666998274
Rui Pereira;+49 446906813
Rui Gomes;+351 755171596
Rui Martins;+44 516718423
Rui Silva;+44 514897798
Ricardo Alves;+33 632924178
Rui Silva;+39 577087199
Rui Fernandes;+33 653624055
Rui Silva;+33 998270599
Rui Gomes;+44 174942423
Ricardo Gonçalves;+351 914489418
Ricardo Alves;+33 887565072
Rui Mendes;+49 056279566
Ricardo Mendes;+351 042099526
Ricardo Gomes;+32 469184325
Rui Santos;+49 092828821
Ricardo Fernandes;+41 569845495
Rui Santos;+351 724069200
Rui Martins;+351 208210783
Ricardo Gomes;+44 457805321
Rui Santos;+33 155465733
Rui Santos;+32 184439711
Ricardo Fernandes;+351 113243110
Ricardo Silva;+43 057188070
Rui Gonçalves;+39 849515809
Ricardo Gomes;+39 500826485
Rui Santos;+33 047872619
Ricardo Santos;+44 441909602
Rui Alves;+43 647205550
Rui Mendes;+351 329029378
Rui Pereira;+351 699786005
Rui Mendes;+41 201834850
Ricardo Silva;+44 939725434
Ricardo Gomes;+43 414873684
Rui Martins;+33 425024868
Rui Alves;+351 810049543
Ricardo Alves;+32 277704034
Ricardo Martins;+351 433770904
Ricardo Gomes;+49 802116178
Rui Fernandes;+33 885847798
Rui Martins;+351 954208929
Ricardo Santos;+32 553054876
Ricardo Alves;+32 305392944
Rui Mendes;+32 141293819
Ricardo Gomes;+32 870296664
Ricardo Fernandes;+351 153194015
Ricardo Fernandes;+41 039383211
Rui Gomes;+351 410404487
Rui Gomes;+44 581670356
Ricardo Fernandes;+351 256830505
Rui Fernandes;+351 147380412
Ricardo Silva;+32 359119604
Ricardo Santos;+351 173256981
Ricardo Martins;+32 782312406
Ricardo Ferreira;+41 119060551
Rui Silva;+43 870034660
Rui Santos;+43 162963399
Ricardo Pereira;+49 801416397
Rui Gomes;+43 844870748
Rui Martins;+32 736471822
Rui Santos;+49 182359761
Ricardo Martins;+41 826210734
Ricardo Pereira;+39 107610513
Ricardo Ferreira;+39 210644688
Rui Pereira;+43 373686953
Rui Mendes;+43 850856701
Rui Martins;+44 770442973
Ricardo Silva;+41 097613793
Ricardo Silva;+49 937836269
Ricardo Fernandes;+39 917986022
Rui Mendes;+32 316609459
Ricardo Alves;+49 632932760
Rui Gonçalves;+43 119123053
Ricardo Fernandes;+39 811927508
Ricardo Pereira;+351 361289159
Rui Pereira;+44 262974867
Ricardo Gomes;+351 113162091
Ricardo Mendes;+33 830190115
Rui Gomes;+49 184091130
Rui Santos;+49 324671728
Rui Santos;+32 968863527
Rui Pereira;+41 302308411
Ricardo Martins;+33 485878952
Rui Gomes;+44 322060305
Rui Gonçalves;+351 028618836
Rui Pereira;+33 038397832
