Ana Martins;+39 539129142
Ana Silva;+41 988328140
Ana Silva;+41 078716075
Ana Alves;+32 030851933
Ana Pereira;+44 264366177
Ana Ferreira;+41 813319954
Ana Martins;+33 345031741
Ana Santos;+41 045369441
Ana Gomes;+41 636776174
Ana Gonçalves;+33 667830756
Ana Martins;+39 844318708
Ana Fernandes;+41 923544389
Ana Gonçalves;+33 169332688
Ana Mendes;+43 219041085
Ana Gonçalves;+43 679861595
Ana Silva;+32 711794205
Ana Mendes;+41 459288089
Ana Gonçalves;+49 783328979
Ana Santos;+351 634597330
Ana Santos;+49 603140180
Ana Santos;+41 339275456
Ana Pereira;+41 305042361
Ana Gomes;+351 954137879
Ana Silva;+33 446760635
Ana Santos;+41 088074893
Ana Santos;+39 499262976
Ana Pereira;+43 130586779
Ana Martins;+44 554416025
Ana Alves;+33 233443371
Ana Silva;+49 444615660
Ana Pereira;+33 772846737
Ana Santos;+39 840982702
Ana Ferreira;+32 120146455
Ana Ferreira;+41 909514072
Ana Pereira;+32 311372168
Ana Silva;+33 633831938
Ana Pereira;+49 952526782
Ana Gomes;+43 225949586
Ana Alves;+351 996168901
Ana Gonçalves;+49 954385520
Ana Mendes;+41 673340031
Ana Alves;+351 092484641
Ana Gonçalves;+41 773713782
Ana Martins;+44 589936005
Ana Silva;+44 624603343
Ana Fernandes;+39 366119430
Ana Mendes;+43 865835359
Ana Martins;+32 068735497
Ana Gomes;+39 620787592
Ana Ferreira;+351 422417850
Ana Santos;+32 917725251
Ana Santos;+43 325642944
Ana Alves;+33 423003329
Ana Ferreira;+44 186693448
Ana Gonçalves;+43 652999210
Ana Pereira;+49 174337024
Ana Pereira;+33 771967779
Ana Silva;+43 777449261
Ana Silva;+41 258308776
Ana Alves;+49 918887384
Ana Mendes;+32 859819124
Ana Mendes;+32 034824681
Ana Santos;+32 840668857
Ana Gomes;+33 213720229
Ana Gomes;+44 048386868
Ana Alves;+351 702993867
Ana Martins;+44 191278738
Ana Pereira;+33 574193462
Ana Fernandes;+43 279343310
Ana Pereira;+49 254494511
Ana Pereira;+41 044404303
Ana Silva;+39 743511919
Ana Gonçalves;+32 415918363
Ana Santos;+39 437712290
Ana Martins;+49 924191065
Ana Santos;+43 087714070
Ana Martins;+32 322893955
Ana Fernandes;+44 494852401
Ana Martins;+49 774178310
Ana Silva;+41 596011853
Ana Pereira;+39 887134384
Ana Fernandes;+39 981604423
Ana Martins;+33 675440117
Ana Gonçalves;+39 154404574
Ana Santos;+39 517352359
Ana Fernandes;+39 226150642
Ana Silva;+43 864954288
Ana Gomes;+33 118719614
Ana Ferreira;+32 259052934
Ana Alves;+41 389549078
Ana Fernandes;+32 278699409
Ana Gomes;+39 702646570
Ana Santos;+32 692918647
Ana Fernandes;+44 465860111
Ana Ferreira;+41 471210683
Ana Gonçalves;+32 074480392
Ana Santos;+44 866849774
Ana Gonçalves;+41 769047252
Ana Alves;+39 868008332
Ana Pereira;+33 771528162
