Catarina Pereira;+43 660779082
Catarina Pereira;+32 648318620
Carlos Ferreira;+41 132786483
Catarina Pereira;+43 048357571
Catarina Fernandes;+43 970134263
Carlos Fernandes;+41 653510768
Catarina Silva;+41 219722808
Catarina Mendes;+39 134145031
Carlos Martins;+32 400544220
Carlos Gomes;+41 323616263
Carlos Gomes;+39 701147366
Catarina Alves;+43 368112837
Catarina Mendes;+351 881359944
Catarina Ferreira;+351 554942342
Carlos Gonçalves;+39 459816578
Carlos Alves;+44 235753121
Catarina Pereira;+44 703849627
Carlos Gonçalves;+41 436472422
Catarina Ferreira;+43 904070560
Catarina Mendes;+49 511270329
Carlos Ferreira;+43 493455164
Carlos Ferreira;+44 421657402
Carlos Gonçalves;+39 443351719
Carlos Mendes;+43 202025795
Carlos Fernandes;+41 365704014
Carlos Pereira;+44 621686715
Catarina Martins;+39 328465323
Catarina Santos;+33 996926919
Carlos Santos;+49 444944465
Carlos Ferreira;+33 795897982
Carlos Pereira;+41 200252315
Carlos Gomes;+351 781306079
Carlos Martins;+32 422673164
Carlos Alves;+43 751104688
Carlos Gomes;+39 086143412
Carlos Pereira;+351 379802954
Catarina Fernandes;+44 226034098
Carlos Fernandes;+351 464339736
Carlos Alves;+49 115570902
Catarina Fernandes;+44 821910938
Catarina Fernandes;+33 646755508
Catarina Mendes;+44 025292650
Catarina Pereira;+351 413987685
Carlos Alves;+33 735328108
Catarina Ferreira;+39 075878551
Carlos Fernandes;+32 431949000
Catarina Ferreira;+33 345908866
Catarina Silva;+39 783215496
Catarina Pereira;+39 152886042
Carlos Gomes;+351 513434998
Carlos Ferreira;+39 894516878
Catarina Martins;+43 811230212
Catarina Silva;+351 653587482
Carlos Ferreira;+39 276692498
Carlos Ferreira;+32 779425756
Catarina Gonçalves;+49 099888384
Carlos Mendes;+32 783576492
Carlos Mendes;+33 263593896
Catarina Gonçalves;+43 863938080
Catarina Gonçalves;+41 684252122
Carlos Silva;+41 066224233
Carlos Martins;+39 430457328
Catarina Alves;+43 011924562
Carlos Mendes;+33 877636834
Carlos Santos;+49 742624886
Catarina Mendes;+32 642474480
Carlos Alves;+43 801345273
Catarina Silva;+43 807124879
Catarina Fernandes;+33 336160703
Carlos Ferreira;+43 948626758
Catarina Gomes;+39 668218179
Catarina Pereira;+33 895735613
Carlos Gonçalves;+32 302458248
Carlos Alves;+49 228844263
Catarina Fernandes;+351 064889845
Catarina Gonçalves;+32 708785965
Carlos Martins;+33 276301159
Catarina Martins;+351 940647703
Carlos Pereira;+43 396355138
Catarina Gomes;+33 038353850
Catarina Alves;+39 820881484
Carlos Gonçalves;+33 622942032
Carlos Alves;+49 879519032
Carlos Mendes;+351 405320762
Carlos Martins;+43 233580896
Catarina Martins;+41 633302000
Carlos Ferreira;+43 336431577
Catarina Gomes;+351 316849803
Catarina Martins;+32 876243706
Carlos Silva;+351 419485427
Carlos Pereira;+32 688616129
Carlos Alves;+43 844161293
Catarina Mendes;+32 020902956
Catarina Ferreira;+33 685262721
Catarina Gonçalves;+43 867269018
Catarina Pereira;+33 963742478
Carlos Santos;+39 010670355
Catarina Martins;+351 585233029
Catarina Fernandes;+44 568487519
Catarina Mendes;+351 663142613
