Ricardo Ferreira;+33 795599077
Ricardo Gomes;+44 649812329
Rui Fernandes;+49 792157397
Rui Mendes;+44 985867289
Ricardo Gomes;+43 586191369
Ricardo Ferreira;+44 445025703
Rui Pereira;+351 846786298
Rui Silva;+44 032849592
Ricardo Mendes;+351 341669814
Rui Gomes;+49 070248302
Rui Gomes;+41 171657075
Ricardo Alves;+44 889648626
Rui Gonçalves;+49 254165871
Ricardo Santos;+351 251814978
Rui Silva;+41 983913985
Rui Martins;+43 180545279
Rui Silva;+351 722003656
Rui Mendes;+39 501496463
Rui Santos;+39 184484512
Ricardo Mendes;+39 969908406
Ricardo Pereira;+49 920007296
Ricardo Santos;+39 605649164
Ricardo Gomes;+43 681810308
Ricardo Mendes;+41 261467811
Ricardo Fernandes;+41 214663225
Ricardo Ferreira;+351 406613256
Ricardo Gomes;+41 212767040
Rui Martins;+39 948908851
Rui Martins;+43 985027398
Rui Ferreira;+44 356106065
Rui Mendes;+43 009561102
Ricardo Mendes;+43 183436348
Rui Fernandes;+351 755167030
Rui Fernandes;+39 557571852
Ricardo Mendes;+44 376541911
Rui Ferreira;+351 146601549
Rui Mendes;+32 178059581
Ricardo Ferreira;+41 010045668
Rui Gonçalves;+351 885749262
Ricardo Martins;+351 720978028
Ricardo Gomes;+33 479611129
Rui Silva;+44 525243388
Rui Gomes;+43 997735193
Ricardo Mendes;+32 284512481
Rui Ferreira;+39 157689850
Ricardo Alves;+33 210545402
Ricardo Mendes;+351 208870575
Rui Gonçalves;+41 406825398
Rui Gonçalves;+49 149981577
Rui Martins;+351 567967256
Ricardo Mendes;+41 840042966
Rui Silva;+49 974214059
Rui Silva;+39 085883753
Rui Pereira;+351 431950983
Rui Fernandes;+41 117703841
Rui Fernandes;+44 301214841
Rui Ferreira;+44 119053816
Rui Alves;+32 682192607
Rui Fernandes;+49 391761503
Ricardo Pereira;+32 904280164
Ricardo Martins;+49 537666914
Rui Gomes;+41 368469055
Rui Pereira;+44 995986706
Rui Martins;+44 977747579
Rui Alves;+33 175071736
Ricardo Gonçalves;+39 922719493
Rui Ferreira;+44 188307015
Rui Gomes;+32 992729140
Ricardo Alves;+41 392704783
Ricardo Santos;+33 877329919
Ricardo Pereira;+33 510141875
Ricardo Mendes;+32 055008803
Ricardo Fernandes;+351 889083245
Ricardo Ferreira;+44 592969685
Rui Mendes;+44 012070695
Ricardo Silva;+351 718281322
Ricardo Ferreira;+49 181144923
Rui Mendes;+351 023789540
Ricardo Pereira;+49 494827035
Rui Ferreira;+49 844855797
Rui Santos;+351 644023972
Ricardo Santos;+33 133515605
Ricardo Santos;+49 444433372
Rui Silva;+41 464114931
Ricardo Mendes;+351 993611822
Rui Fernandes;+33 217210674
Rui Santos;+39 508491382
Ricardo Alves;+33 364890341
Ricardo Gonçalves;+33 753676501
Rui Mendes;+33 799077024
Rui Silva;+39 076281257
Ricardo Fernandes;+351 515458105
Rui Ferreira;+32 251974539
Ricardo Santos;+39 284418179
Rui Gonçalves;+351 282363106
Rui Gonçalves;+351 604441638
Rui Alves;+41 564386037
Ricardo Fernandes;+43 332840584
Rui Santos;+43 802093385
Rui Santos;+49 904511526
