Ana Gomes;+44 051124600
Ana Alves;+32 883771979
Ana Ferreira;+43 362384611
Ana Gonçalves;+33 347259409
Ana Alves;+41 818525953
Ana Santos;+43 048323801
Ana Gomes;+39 393349579
Ana Martins;+49 881963281
Ana Silva;+44 403105348
Ana Silva;+351 795278398
Ana Martins;+43 927742150
Ana Silva;+41 517224632
Ana Mendes;+32 050317471
Ana Pereira;+41 369711507
Ana Fernandes;+41 591837121
Ana Mendes;+49 533464851
Ana Pereira;+351 721735651
Ana Mendes;+351 222982205
Ana Mendes;+32 330468573
Ana Alves;+44 258455137
Ana Alves;+44 524183705
Ana Pereira;+49 415566705
Ana Silva;+32 536620706
Ana Fernandes;+33 432222977
Ana Ferreira;+39 163175883
Ana Gomes;+43 268536835
Ana Gomes;+351 525208806
Ana Fernandes;+351 385631552
Ana Gomes;+39 692334978
Ana Martins;+39 905216918
Ana Ferreira;+351 082332906
Ana Martins;+44 183282910
Ana Mendes;+351 214502128
Ana Silva;+41 152737955
Ana Martins;+44 657425195
Ana Martins;+351 067411125
Ana Gonçalves;+43 477380088
Ana Gonçalves;+44 177303008
Ana Mendes;+39 576912485
Ana Ferreira;+41 544008118
Ana Ferreira;+33 135086705
Ana Gomes;+44 589837804
Ana Pereira;+32 299381934
Ana Santos;+49 264621828
Ana Pereira;+49 684901004
Ana Mendes;+41 163996433
Ana Pereira;+44 566631473
Ana Martins;+351 173279240
Ana Gomes;+44 836136149
Ana Alves;+44 032451882
Ana Santos;+49 448285596
Ana Ferreira;+43 604106082
Ana Gomes;+33 403551193
Ana Santos;+39 716712981
Ana Alves;+43 402908634
Ana Fernandes;+351 437253251
Ana Pereira;+351 929400238
Ana Pereira;+351 676042583
Ana Alves;+32 610393716
Ana Pereira;+44 603765889
Ana Ferreira;+41 117454298
Ana Mendes;+351 049989047
Ana Alves;+39 771440528
Ana Pereira;+33 181623709
Ana Alves;+44 731764272
Ana Gonçalves;+41 625731612
Ana Ferreira;+33 720523326
Ana Gonçalves;+351 988245366
Ana Ferreira;+43 038596571
Ana Ferreira;+44 402132482
Ana Fernandes;+43 647761108
Ana Pereira;+32 048353117
Ana Gonçalves;+49 638436374
Ana Gomes;+351 932127873
Ana Santos;+351 306953275
Ana Fernandes;+41 084963423
Ana Santos;+39 378626297
Ana Gonçalves;+39 663779644
Ana Pereira;+39 782061054
Ana Gomes;+43 867355554
Ana Gonçalves;+44 731468182
Ana Silva;+351 304623297
Ana Santos;+33 226961648
Ana Fernandes;+33 852277402
Ana Martins;+44 132563003
Ana Ferreira;+43 124371878
Ana Fernandes;+43 692052920
Ana Silva;+32 063775644
Ana Pereira;+32 342421761
Ana Martins;+44 735375988
Ana Santos;+44 547282144
Ana Fernandes;+44 701383911
Ana Fernandes;+43 719489047
Ana Pereira;+32 412762047
Ana Santos;+41 003075355
Ana Fernandes;+49 499935625
Ana Pereira;+43 510309495
Ana Pereira;+32 368271792
Ana Silva;+351 270099485
Ana Gonçalves;+351 429148527
