Sofia Mendes;+41 549991723
Sofia Gonçalves;+43 873381202
Sofia Santos;+43 971363286
Sofia Mendes;+32 552923932
Sofia Fernandes;+39 165144572
Sofia Silva;+33 289249002
Sofia Fernandes;+44 198213109
Sofia Gomes;+41 664967354
Sofia Fernandes;+32 690948664
Sofia Pereira;+44 334285392
Sofia Pereira;+33 423465030
Sofia Gonçalves;+43 094648554
Sofia Martins;+43 984380020
Sofia Fernandes;+33 192692895
Sofia Alves;+39 671665807
Sofia Ferreira;+351 515324390
Sofia Mendes;+32 185579913
Sofia Mendes;+41 281710875
Sofia Mendes;+49 601489684
Sofia Fernandes;+351 651410055
Sofia Pereira;+41 982294328
Sofia Ferreira;+41 070426753
Sofia Ferreira;+43 790279345
Sofia Alves;+41 738851246
Sofia Martins;+41 382335182
Sofia Gomes;+44 531226025
Sofia Martins;+39 078294311
Sofia Fernandes;+32 270002735
Sofia Ferreira;+43 110329287
Sofia Mendes;+41 277838473
Sofia Gonçalves;+41 150336277
Sofia Mendes;+49 975497681
Sofia Gonçalves;+351 691626469
Sofia Santos;+33 935104340
Sofia Gomes;+41 785368277
Sofia Martins;+39 586145307
Sofia Pereira;+49 503562792
Sofia Fernandes;+43 925487796
Sofia Gomes;+49 671267085
Sofia Fernandes;+32 165206260
Sofia Silva;+44 596554268
Sofia Mendes;+32 102746143
Sofia Mendes;+33 343756549
Sofia Mendes;+44 261438595
Sofia Fernandes;+32 110477442
Sofia Santos;+44 760544391
Sofia Mendes;+44 794666805
Sofia Martins;+49 494565844
Sofia Silva;+49 088167168
Sofia Gonçalves;+43 241070930
Sofia Fernandes;+39 731150926
Sofia Fernandes;+351 545333040
Sofia Gonçalves;+43 866323633
Sofia Martins;+39 438916227
Sofia Gonçalves;+351 851071339
Sofia Pereira;+49 467977080
Sofia Alves;+41 697059144
Sofia Mendes;+44 802375585
Sofia Fernandes;+33 515787119
Sofia Fernandes;+43 294407510
Sofia Fernandes;+351 963066234
Sofia Santos;+49 161032494
Sofia Mendes;+43 567650313
Sofia Fernandes;+44 675255198
Sofia Mendes;+44 419989581
Sofia Silva;+351 849291068
Sofia Fernandes;+33 591270295
Sofia Gomes;+351 977563332
Sofia Alves;+351 377619510
Sofia Pereira;+39 063503266
Sofia Martins;+49 119625118
Sofia Gomes;+32 080641569
Sofia Gonçalves;+49 426734476
Sofia Martins;+44 921007247
Sofia Gomes;+33 904966005
Sofia Silva;+41 645739633
Sofia Fernandes;+351 095221165
Sofia Silva;+351 022376149
Sofia Ferreira;+351 007774676
Sofia Fernandes;+49 329626220
Sofia Martins;+32 589947799
Sofia Ferreira;+351 992442768
Sofia Fernandes;+351 488392694
Sofia Alves;+44 802314913
Sofia Ferreira;+33 785866710
Sofia Gomes;+39 748129588
Sofia Fernandes;+39 851235445
Sofia Martins;+39 075871170
Sofia Martins;+351 069066706
Sofia Mendes;+351 654617487
Sofia Gonçalves;+39 291579431
Sofia Pereira;+44 632794401
Sofia Fernandes;+32 875522111
Sofia Gomes;+39 239348656
Sofia Ferreira;+32 696562823
Sofia Martins;+41 250630166
Sofia Gonçalves;+43 721767230
Sofia Mendes;+49 689149453
Sofia Martins;+49 123765481
Sofia Gomes;+33 641910678
