Ana Ferreira;+49 811759917
Ana Silva;+39 993671850
Ana Alves;+41 505287853
Ana Santos;+351 653394921
Ana Silva;+32 741063651
Ana Alves;+39 311594685
Ana Martins;+41 825558478
Ana Gonçalves;+39 688988184
Ana Martins;+44 777219926
Ana Mendes;+351 327973292
Ana Martins;+49 588006760
Ana Gomes;+39 355742665
Ana Mendes;+49 501582306
Ana Fernandes;+39 193970238
Ana Alves;+33 883660811
Ana Fernandes;+44 024492928
Ana Gonçalves;+44 496214013
Ana Alves;+33 378832351
Ana Fernandes;+32 134756123
Ana Santos;+32 461792718
Ana Ferreira;+39 739373042
Ana Fernandes;+33 358918590
Ana Mendes;+44 528129307
Ana Ferreira;+43 525795808
Ana Silva;+32 326291010
Ana Silva;+32 419538842
Ana Martins;+351 024591103
Ana Gonçalves;+351 867114872
Ana Martins;+32 184355043
Ana Pereira;+32 555522963
Ana Ferreira;+44 084033190
Ana Mendes;+43 337856231
Ana Mendes;+32 883946760
Ana Pereira;+43 708327351
Ana Santos;+33 360619216
Ana Ferreira;+351 149561267
Ana Santos;+351 838496614
Ana Gomes;+41 154866799
Ana Fernandes;+33 324412099
Ana Ferreira;+43 315640590
Ana Mendes;+351 408538357
Ana Gonçalves;+32 465499166
Ana Alves;+44 255447907
Ana Alves;+32 092800935
Ana Ferreira;+351 692717405
Ana Gonçalves;+44 534356804
Ana Silva;+33 796265267
Ana Martins;+49 624319102
Ana Ferreira;+33 547378249
Ana Fernandes;+43 884287444
Ana Martins;+43 406053464
Ana Pereira;+39 779756769
Ana Mendes;+43 661853461
Ana Alves;+32 567087333
Ana Martins;+44 128393224
Ana Ferreira;+39 989599126
Ana Mendes;+41 136444923
Ana Silva;+351 440785284
Ana Mendes;+44 924656607
Ana Pereira;+41 172630036
Ana Ferreira;+44 347764185
Ana Fernandes;+49 276571339
Ana Martins;+33 169659836
Ana Gonçalves;+32 377501215
Ana Pereira;+32 396492896
Ana Alves;+44 156059843
Ana Gomes;+41 511773658
Ana Silva;+33 400827446
Ana Ferreira;+39 148174617
Ana Pereira;+351 907538900
Ana Silva;+39 953675514
Ana Santos;+41 517005430
Ana Gomes;+32 170115847
Ana Pereira;+49 052625845
Ana Santos;+44 149328328
Ana Fernandes;+351 048370702
Ana Ferreira;+32 151912257
Ana Gonçalves;+41 553938652
Ana Martins;+41 667887954
Ana Santos;+43 669856482
Ana Gomes;+39 276344972
Ana Alves;+351 632152823
Ana Mendes;+49 223183724
Ana Alves;+49 934742686
Ana Fernandes;+41 785474207
Ana Alves;+39 710669140
Ana Pereira;+43 611480574
Ana Mendes;+33 114687163
Ana Fernandes;+351 737484104
Ana Fernandes;+44 645389056
Ana Santos;+33 532445769
Ana Martins;+49 532870734
Ana Silva;+32 067929677
Ana Silva;+49 039437915
Ana Gomes;+351 018147492
Ana Silva;+33 998801123
Ana Martins;+49 488941023
Ana Ferreira;+33 256870803
Ana Mendes;+33 124810072
Ana Fernandes;+33 933682351
