Carlos Mendes;+33 712200315
Catarina Martins;+44 976194985
Catarina Gomes;+33 034923141
Catarina Fernandes;+33 674968527
Carlos Ferreira;+49 652414239
Catarina Pereira;+32 288738029
Carlos Ferreira;+32 406385463
Carlos Mendes;+44 896948125
Catarina Mendes;+49 075100670
Carlos Fernandes;+49 666392684
Carlos Alves;+41 772528511
Catarina Gonçalves;+49 068267691
Catarina Santos;+33 205097901
Carlos Fernandes;+41 897344109
Carlos Alves;+32 368570257
Carlos Mendes;+351 365204756
Catarina Gonçalves;+43 153152374
Carlos Santos;+39 056051444
Catarina Silva;+351 698583117
Carlos Pereira;+43 184976429
Carlos Santos;+39 756950171
Catarina Fernandes;+49 091033848
Catarina Fernandes;+43 690006654
Carlos Silva;+33 074074382
Catarina Mendes;+44 003157127
Catarina Ferreira;+32 000563961
Carlos Gonçalves;+33 711841935
Catarina Silva;+41 926154430
Carlos Fernandes;+44 303019677
Carlos Ferreira;+41 220289421
Catarina Gonçalves;+39 502809124
Catarina Fernandes;+33 405911358
Catarina Santos;+33 664729763
Catarina Martins;+33 497619656
Carlos Mendes;+32 589735768
Catarina Santos;+44 265461626
Catarina Alves;+44 642272601
Catarina Gomes;+49 422359392
Carlos Gomes;+351 092466062
Catarina Silva;+39 257328553
Catarina Martins;+32 641670723
Carlos Gomes;+41 593513295
Catarina Ferreira;+33 344477564
Catarina Mendes;+44 236544378
Carlos Santos;+32 885338835
Carlos Gomes;+351 135523615
Catarina Fernandes;+33 029919889
Carlos Pereira;+49 077464422
Catarina Gonçalves;+41 711277748
Carlos Martins;+41 999068068
Catarina Alves;+33 196014009
Carlos Fernandes;+39 306708254
Catarina Mendes;+49 877121054
Catarina Fernandes;+41 792365331
Carlos Silva;+351 726809700
Carlos Silva;+39 938377796
Carlos Silva;+33 846439072
Carlos Martins;+49 689209860
Carlos Pereira;+32 371935987
Carlos Martins;+41 614680493
Catarina Santos;+44 404237146
Carlos Santos;+351 129905529
Catarina Mendes;+49 928210354
Catarina Pereira;+49 136659092
Carlos Mendes;+43 318970235
Carlos Alves;+32 356393506
Carlos Pereira;+39 558612009
Carlos Alves;+33 068971956
Catarina Fernandes;+32 735442699
Catarina Gonçalves;+49 659178799
Catarina Gomes;+351 487948463
Catarina Mendes;+49 735250737
Carlos Santos;+39 089166480
Carlos Gonçalves;+43 789734291
Carlos Mendes;+49 167720462
Catarina Martins;+41 407612269
Catarina Gonçalves;+49 181003645
Catarina Gomes;+49 598077052
Catarina Martins;+33 597993295
Carlos Fernandes;+39 803179681
Carlos Gonçalves;+49 662494028
Catarina Santos;+41 969056470
Carlos Silva;+43 397450374
Catarina Fernandes;+49 844129103
Carlos Gomes;+32 686225120
Carlos Ferreira;+32 787722796
Catarina Santos;+351 555523594
Catarina Gonçalves;+351 971748460
Carlos Fernandes;+33 678172353
Catarina Pereira;+32 443700537
Carlos Silva;+39 129700480
Carlos Pereira;+44 049207353
Catarina Ferreira;+41 519180820
Catarina Gonçalves;+351 307697684
Catarina Gomes;+41 337530802
Catarina Fernandes;+49 014527195
Catarina Fernandes;+49 956545298
Catarina Pereira;+39 617874543
Catarina Gomes;+43 220353035
Catarina Santos;+33 713249245
