Sofia Alves;+351 678399668
Sofia Alves;+39 565306156
Sofia Gonçalves;+41 509244940
Sofia Ferreira;+44 124044114
Sofia Pereira;+33 204301694
Sofia Pereira;+41 914380935
Sofia Silva;+32 313779272
Sofia Alves;+33 111425296
Sofia Ferreira;+33 836941296
Sofia Santos;+44 466731777
Sofia Ferreira;+41 921292335
Sofia Mendes;+351 761822229
Sofia Silva;+41 903156253
Sofia Gonçalves;+39 530299415
Sofia Mendes;+44 788809325
Sofia Santos;+41 652976965
Sofia Pereira;+39 376931777
Sofia Fernandes;+39 360298074
Sofia Silva;+33 745186871
Sofia Fernandes;+43 415696194
Sofia Ferreira;+33 785448166
Sofia Santos;+33 692732270
Sofia Martins;+32 283809006
Sofia Silva;+39 679047555
Sofia Fernandes;+33 127277178
Sofia Gonçalves;+351 718985179
Sofia Fernandes;+32 104988015
Sofia Gonçalves;+43 112533759
Sofia Fernandes;+32 111768091
Sofia Ferreira;+41 980313464
Sofia Alves;+32 178802465
Sofia Pereira;+32 307577266
Sofia Gonçalves;+33 446061619
Sofia Silva;+44 834053105
Sofia Gomes;+39 078250100
Sofia Martins;+41 729398367
Sofia Mendes;+351 928756893
Sofia Santos;+49 956270367
Sofia Gomes;+33 911785600
Sofia Martins;+41 674122242
Sofia Alves;+44 458010138
Sofia Mendes;+44 823354136
Sofia Gonçalves;+39 796745147
Sofia Fernandes;+41 383835196
Sofia Gonçalves;+351 085975837
Sofia Gomes;+33 436812735
Sofia Silva;+351 575367973
Sofia Silva;+32 709612719
Sofia Alves;+41 143536295
Sofia Martins;+32 092207205
Sofia Gonçalves;+32 801939400
Sofia Ferreira;+43 627617736
Sofia Silva;+351 867034745
Sofia Gonçalves;+41 256248603
Sofia Gonçalves;+49 884021805
Sofia Ferreira;+39 762132574
Sofia Gonçalves;+44 111038357
Sofia Pereira;+43 278694961
Sofia Gonçalves;+49 568826269
Sofia Santos;+41 598419168
Sofia Pereira;+44 818063468
Sofia Pereira;+41 328147202
Sofia Alves;+44 874835279
Sofia Santos;+351 940044025
Sofia Mendes;+41 295783671
Sofia Gonçalves;+43 984856086
Sofia Silva;+43 196363606
Sofia Pereira;+49 208470916
Sofia Santos;+32 262841058
Sofia Gonçalves;+39 580720773
Sofia Gonçalves;+49 122686151
Sofia Fernandes;+32 062511591
Sofia Gomes;+33 311558343
Sofia Alves;+43 200514806
Sofia Santos;+43 336628771
Sofia Martins;+49 892051968
Sofia Mendes;+41 851214186
Sofia Mendes;+43 826014007
Sofia Ferreira;+32 304101354
Sofia Ferreira;+33 158456635
Sofia Fernandes;+41 035396733
Sofia Martins;+32 758652250
Sofia Gomes;+43 909133850
Sofia Pereira;+32 559652821
Sofia Pereira;+39 941500189
Sofia Santos;+33 256302122
Sofia Gomes;+44 446485569
Sofia Silva;+44 858961739
Sofia Silva;+351 707193842
Sofia Alves;+41 054384896
Sofia Martins;+49 526243526
Sofia Silva;+41 607098441
Sofia Santos;+49 062481621
Sofia Fernandes;+39 032952905
Sofia Mendes;+41 707852405
Sofia Gonçalves;+49 386462950
Sofia Fernandes;+49 384910910
Sofia Alves;+39 423099100
Sofia Fernandes;+49 039788953
Sofia Gonçalves;+43 065456807
