Catarina Silva;+351 090086082
Carlos Gomes;+41 228953644
Carlos Fernandes;+41 258772746
Catarina Santos;+33 165778864
Carlos Silva;+43 603527091
Catarina Pereira;+39 150245252
Carlos Santos;+43 179468192
Catarina Pereira;+43 579065211
Catarina Fernandes;+351 143385403
Carlos Martins;+351 286311538
Catarina Ferreira;+49 577402240
Catarina Pereira;+44 381067450
Carlos Ferreira;+41 907085025
Carlos Alves;+43 765494532
Carlos Gonçalves;+32 782998759
Carlos Fernandes;+351 990073241
Carlos Mendes;+49 290995047
Carlos Mendes;+39 110634244
Catarina Ferreira;+43 073190545
Catarina Alves;+49 934722181
Catarina Ferreira;+33 472827280
Catarina Pereira;+44 956564833
Catarina Mendes;+351 101209686
Carlos Pereira;+49 517918926
Catarina Gomes;+43 745160421
Carlos Mendes;+41 526535705
Carlos Mendes;+351 999839213
Carlos Ferreira;+33 985789582
Catarina Fernandes;+41 793725360
Catarina Gonçalves;+49 615618420
Carlos Ferreira;+44 776646433
Catarina Gonçalves;+351 587161982
Catarina Gonçalves;+44 714015797
Catarina Mendes;+43 026229811
Carlos Silva;+41 021790933
Carlos Pereira;+351 975455352
Carlos Gonçalves;+351 582030833
Carlos Gonçalves;+49 214578275
Carlos Fernandes;+43 412662857
Catarina Gonçalves;+33 131472862
Carlos Gomes;+351 653472163
Catarina Gonçalves;+43 559965796
Catarina Mendes;+44 098105424
Carlos Martins;+49 363372041
Catarina Pereira;+32 322842133
Catarina Fernandes;+49 435120887
Catarina Ferreira;+39 055028152
Catarina Martins;+44 141197398
Carlos Martins;+49 972822129
Carlos Santos;+49 342567908
Carlos Fernandes;+39 580189817
Catarina Mendes;+351 749774117
Carlos Fernandes;+39 524250914
Catarina Martins;+351 136418629
Catarina Ferreira;+41 685018981
Carlos Ferreira;+41 207047351
Catarina Alves;+49 190727274
Catarina Pereira;+39 717722538
Carlos Gonçalves;+44 106789345
Carlos Fernandes;+33 122734384
Carlos Gomes;+33 373881897
Carlos Silva;+351 813628771
Carlos Ferreira;+32 908681822
Carlos Alves;+351 410366597
Catarina Alves;+49 543030516
Catarina Gonçalves;+32 336952296
Carlos Santos;+44 489500062
Catarina Martins;+44 094406277
Carlos Mendes;+41 112617162
Catarina Gonçalves;+43 115834454
Catarina Mendes;+44 845051492
Catarina Mendes;+351 253632624
Catarina Martins;+351 479780222
Catarina Mendes;+44 999087123
Carlos Gomes;+32 561018963
Catarina Fernandes;+33 286271162
Carlos Mendes;+43 027230013
Carlos Pereira;+41 915393338
Catarina Santos;+351 658782512
Catarina Silva;+43 805829999
Carlos Santos;+32 407127371
Carlos Mendes;+33 540834945
Catarina Gonçalves;+33 618738811
Catarina Pereira;+44 501187568
Catarina Ferreira;+33 784159020
Catarina Silva;+43 025390887
Catarina Gomes;+351 318023154
Carlos Mendes;+351 272552985
Carlos Ferreira;+39 897558822
Carlos Martins;+39 222291088
Catarina Ferreira;+33 181768930
Carlos Silva;+44 739825983
Catarina Silva;+351 924123412
Carlos Santos;+43 322093607
Carlos Gonçalves;+351 501891707
Carlos Santos;+33 389748358
Carlos Fernandes;+351 625870869
Catarina Pereira;+32 289183620
Catarina Pereira;+41 053780127
Carlos Fernandes;+39 140010592
