Sofia Alves;+32 746060885
Sofia Martins;+33 020137499
Sofia Santos;+44 093949244
Sofia Gomes;+41 662439895
Sofia Pereira;+49 073830397
Sofia Pereira;+39 126914562
Sofia Mendes;+49 872879953
Sofia Ferreira;+32 707731031
Sofia Pereira;+49 535150626
Sofia Martins;+33 810787097
Sofia Ferreira;+351 323517349
Sofia Pereira;+43 340537711
Sofia Alves;+44 336856683
Sofia Silva;+44 975484406
Sofia Mendes;+32 309747273
Sofia Gomes;+32 400098021
Sofia Pereira;+43 910236148
Sofia Silva;+33 797397982
Sofia Pereira;+44 114228540
Sofia Martins;+32 775436866
Sofia Gonçalves;+49 689800166
Sofia Ferreira;+43 482090740
Sofia Pereira;+33 554459980
Sofia Santos;+33 687103469
Sofia Silva;+44 152868037
Sofia Fernandes;+351 584958364
Sofia Alves;+44 572480128
Sofia Silva;+49 308636013
Sofia Pereira;+49 774331972
Sofia Ferreira;+351 415194736
Sofia Martins;+43 963581226
Sofia Pereira;+41 146269874
Sofia Alves;+33 096144401
Sofia Ferreira;+39 445928739
Sofia Silva;+32 896221685
Sofia Fernandes;+351 918397534
Sofia Martins;+32 133872793
Sofia Ferreira;+49 514673826
Sofia Silva;+351 824850435
Sofia Mendes;+32 276133839
Sofia Alves;+49 712073333
Sofia Ferreira;+43 854927030
Sofia Mendes;+39 168525644
Sofia Santos;+33 040257403
Sofia Gomes;+39 168667726
Sofia Silva;+33 114664473
Sofia Martins;+33 333253442
Sofia Alves;+49 413891778
Sofia Gomes;+43 494396693
Sofia Santos;+44 155116293
Sofia Gonçalves;+351 416480510
Sofia Pereira;+49 808030570
Sofia Martins;+43 619832514
Sofia Gonçalves;+41 053334668
Sofia Santos;+49 136419176
Sofia Santos;+39 912579694
Sofia Mendes;+39 981570640
Sofia Alves;+43 172484841
Sofia Gonçalves;+44 870516923
Sofia Martins;+49 751520160
Sofia Alves;+351 425939332
Sofia Martins;+41 602746828
Sofia Fernandes;+33 152412150
Sofia Santos;+43 681236618
Sofia Martins;+43 342128576
Sofia Gonçalves;+49 982367435
Sofia Alves;+32 943997013
Sofia Gonçalves;+43 689827474
Sofia Alves;+43 204709000
Sofia Alves;+43 697765680
Sofia Ferreira;+41 185329160
Sofia Silva;+49 001114897
Sofia Gomes;+43 906355928
Sofia Martins;+43 915833432
Sofia Gomes;+351 285474771
Sofia Gonçalves;+32 610172727
Sofia Ferreira;+39 829606118
Sofia Gonçalves;+49 122716846
Sofia Gomes;+41 347784557
Sofia Gomes;+39 158335620
Sofia Santos;+41 536789833
Sofia Santos;+44 213189915
Sofia Martins;+41 486121869
Sofia Alves;+33 362927104
Sofia Martins;+33 328374103
Sofia Pereira;+39 281128650
Sofia Alves;+32 700665556
Sofia Pereira;+43 182223188
Sofia Gonçalves;+351 717563953
Sofia Gomes;+41 573670468
Sofia Silva;+351 514854411
Sofia Silva;+351 237995192
Sofia Martins;+49 280297459
Sofia Alves;+44 544193653
Sofia Alves;+49 651924001
Sofia Gonçalves;+33 677170156
Sofia Silva;+39 674559876
Sofia Alves;+49 380045917
Sofia Gonçalves;+44 945153176
Sofia Gonçalves;+33 793045135
