Ana Ferreira;+32 533114005
Ana Santos;+44 384197804
Ana Mendes;+32 029603096
Ana Pereira;+33 906949787
Ana Ferreira;+41 396395522
Ana Alves;+351 570778407
Ana Fernandes;+49 450146217
Ana Ferreira;+43 859446477
Ana Santos;+32 790046699
Ana Gomes;+41 670449392
Ana Pereira;+43 471150647
Ana Santos;+32 686853095
Ana Pereira;+44 763352880
Ana Martins;+32 067753922
Ana Pereira;+44 850881473
Ana Mendes;+351 776443453
Ana Ferreira;+33 778458024
Ana Fernandes;+41 142125537
Ana Gonçalves;+39 613413965
Ana Gonçalves;+49 751018201
Ana Pereira;+39 800689662
Ana Fernandes;+49 853706875
Ana Gonçalves;+41 265785691
Ana Santos;+43 681638243
Ana Alves;+33 955515796
Ana Mendes;+43 126597337
Ana Martins;+39 195907506
Ana Alves;+41 614653529
Ana Martins;+49 480492096
Ana Fernandes;+39 336380263
Ana Alves;+44 920865000
Ana Fernandes;+39 360806933
Ana Gomes;+43 883849173
Ana Alves;+43 681305930
Ana Pereira;+41 229222362
Ana Gomes;+49 368337675
Ana Gonçalves;+43 123540389
Ana Gonçalves;+32 016856852
Ana Martins;+43 534088168
Ana Ferreira;+32 468559710
Ana Alves;+41 666911527
Ana Martins;+39 335615869
Ana Ferreira;+32 389560029
Ana Alves;+39 173850071
Ana Gomes;+39 186118357
Ana Santos;+43 200672808
Ana Santos;+32 138758290
Ana Pereira;+41 844010823
Ana Fernandes;+351 950108788
Ana Pereira;+44 128032597
Ana Silva;+49 273605223
Ana Silva;+44 762163683
Ana Fernandes;+33 912638843
Ana Pereira;+49 360760868
Ana Mendes;+351 453749008
Ana Santos;+33 541661986
Ana Martins;+33 425592857
Ana Gonçalves;+39 303139412
Ana Mendes;+33 531079638
Ana Martins;+32 278809459
Ana Mendes;+39 131681169
Ana Pereira;+43 020216909
Ana Ferreira;+49 299910011
Ana Pereira;+33 162309392
Ana Santos;+43 403204954
Ana Martins;+43 744500820
Ana Alves;+49 878867819
Ana Martins;+32 804360311
Ana Martins;+44 148203675
Ana Ferreira;+32 354463155
Ana Santos;+39 057102011
Ana Fernandes;+32 447529586
Ana Fernandes;+32 710345146
Ana Martins;+44 278994446
Ana Silva;+44 422341822
Ana Alves;+49 076234208
Ana Gonçalves;+41 458059144
Ana Santos;+39 594705094
Ana Santos;+351 319091164
Ana Gomes;+33 187031578
Ana Ferreira;+49 927513065
Ana Mendes;+49 508647100
Ana Mendes;+43 000206648
Ana Pereira;+44 639567560
Ana Silva;+33 740290651
Ana Ferreira;+41 465423108
Ana Alves;+43 664566568
Ana Mendes;+32 295566040
Ana Alves;+44 306979842
Ana Alves;+41 455792488
Ana Mendes;+351 350836125
Ana Santos;+351 269005125
Ana Santos;+39 176380552
Ana Gomes;+32 573983557
Ana Ferreira;+43 826979671
Ana Alves;+33 197196882
Ana Ferreira;+44 008827839
Ana Santos;+49 801679234
Ana Mendes;+41 716003031
Ana Alves;+351 928428713
