Ana Silva;+44 203761262
Ana Santos;+49 562604148
Ana Gomes;+32 503949870
Ana Gomes;+43 335393525
Ana Martins;+39 805868762
Ana Mendes;+44 716053262
Ana Gonçalves;+49 576869238
Ana Silva;+32 880616145
Ana Mendes;+49 984253041
Ana Martins;+32 299213465
Ana Pereira;+43 370058768
Ana Fernandes;+39 161601158
Ana Gomes;+351 599506814
Ana Pereira;+43 246962373
Ana Alves;+43 024061416
Ana Silva;+33 267724328
Ana Ferreira;+32 344273533
Ana Ferreira;+49 724249616
Ana Martins;+44 778884057
Ana Ferreira;+44 129556644
Ana Ferreira;+44 880056992
Ana Santos;+44 447296280
Ana Ferreira;+33 705374665
Ana Silva;+39 041889190
Ana Fernandes;+41 908263023
Ana Martins;+33 616358067
Ana Fernandes;+351 292045752
Ana Fernandes;+43 918449868
Ana Mendes;+49 210161090
Ana Gomes;+33 272894949
Ana Martins;+44 946742028
Ana Santos;+41 593807470
Ana Gonçalves;+32 686098447
Ana Martins;+44 520312393
Ana Gonçalves;+33 291384368
Ana Gomes;+39 961489130
Ana Pereira;+49 973945449
Ana Fernandes;+39 894686773
Ana Fernandes;+43 990551359
Ana Fernandes;+39 222891405
Ana Fernandes;+41 917034287
Ana Ferreira;+43 525078611
Ana Alves;+32 387930967
Ana Fernandes;+44 303385177
Ana Santos;+49 408696629
Ana Santos;+33 047702270
Ana Fernandes;+44 479250377
Ana Martins;+44 614085862
Ana Silva;+49 630288872
Ana Silva;+43 996125870
Ana Pereira;+32 004380647
Ana Mendes;+351 419667338
Ana Fernandes;+351 778921363
Ana Fernandes;+33 989011093
Ana Alves;+43 067888307
Ana Martins;+44 314355830
Ana Pereira;+43 218606434
Ana Gonçalves;+41 961005685
Ana Fernandes;+33 581980794
Ana Fernandes;+39 089201052
Ana Martins;+33 345769501
Ana Gonçalves;+32 569572845
Ana Gomes;+49 024588413
Ana Fernandes;+44 886772967
Ana Martins;+33 514678229
Ana Ferreira;+49 317003759
Ana Silva;+41 061299437
Ana Silva;+33 552836042
Ana Silva;+41 021381450
Ana Gomes;+41 511341971
Ana Alves;+32 276727640
Ana Mendes;+351 456150735
Ana Gonçalves;+49 338829124
Ana Fernandes;+33 802339875
Ana Alves;+44 513811573
Ana Pereira;+44 992294632
Ana Pereira;+39 530009369
Ana Santos;+39 219871273
Ana Santos;+41 391448446
Ana Martins;+39 113350277
Ana Ferreira;+32 237016862
Ana Ferreira;+351 505788628
Ana Ferreira;+32 260294845
Ana Mendes;+49 302618552
Ana Ferreira;+44 843815468
Ana Gomes;+43 874249322
Ana Ferreira;+39 466322157
Ana Ferreira;+44 526941348
Ana Martins;+32 999578402
Ana Santos;+41 171410274
Ana Mendes;+49 544367539
Ana Pereira;+44 518032872
Ana Fernandes;+33 694434447
Ana Fernandes;+32 708411279
Ana Silva;+33 468870475
Ana Santos;+32 798255546
Ana Alves;+44 912807185
Ana Mendes;+351 021630076
Ana Martins;+33 075314346
Ana Silva;+43 282990181
