Sofia Gonçalves;+39 124791094
Sofia Alves;+351 350443151
Sofia Gonçalves;+33 151997619
Sofia Ferreira;+41 729299082
Sofia Martins;+33 462302607
Sofia Gomes;+44 882683339
Sofia Gonçalves;+33 442951369
Sofia Fernandes;+43 481218778
Sofia Santos;+44 492702387
Sofia Gomes;+32 827522412
Sofia Mendes;+43 370073167
Sofia Silva;+49 801533429
Sofia Pereira;+44 800874263
Sofia Gonçalves;+351 073076599
Sofia Gomes;+32 914241981
Sofia Gomes;+32 061006963
Sofia Mendes;+44 934452997
Sofia Martins;+49 659110922
Sofia Ferreira;+39 824760990
Sofia Alves;+41 407619733
Sofia Alves;+33 219406231
Sofia Alves;+39 895694358
Sofia Pereira;+351 238644099
Sofia Pereira;+39 888134960
Sofia Pereira;+44 860439675
Sofia Mendes;+351 973098370
Sofia Alves;+39 156538095
Sofia Alves;+44 095549878
Sofia Ferreira;+49 442377168
Sofia Silva;+41 076630907
Sofia Gonçalves;+33 862699202
Sofia Alves;+44 287442234
Sofia Pereira;+49 078952748
Sofia Ferreira;+39 778785972
Sofia Gomes;+49 978373287
Sofia Fernandes;+33 134127767
Sofia Santos;+41 446730869
Sofia Alves;+49 089592347
Sofia Ferreira;+33 165860639
Sofia Santos;+351 197991215
Sofia Gonçalves;+43 047555947
Sofia Gonçalves;+43 656676528
Sofia Alves;+351 836097264
Sofia Gomes;+43 097580073
Sofia Gonçalves;+351 016088966
Sofia Gomes;+32 009005051
Sofia Pereira;+351 545318774
Sofia Mendes;+351 235554377
Sofia Fernandes;+43 401684815
Sofia Gonçalves;+43 313302792
Sofia Pereira;+49 802720569
Sofia Martins;+39 161504226
Sofia Alves;+49 953839886
Sofia Santos;+49 072028327
Sofia Alves;+39 754706392
Sofia Mendes;+39 052397454
Sofia Pereira;+351 088603411
Sofia Gonçalves;+44 755060089
Sofia Fernandes;+49 079821644
Sofia Santos;+41 575018870
Sofia Santos;+39 203824155
Sofia Ferreira;+33 873281319
Sofia Ferreira;+32 096706482
Sofia Gonçalves;+43 816439086
Sofia Pereira;+44 305328233
Sofia Fernandes;+32 367072260
Sofia Alves;+41 730798693
Sofia Alves;+32 629637316
Sofia Alves;+351 361389113
Sofia Fernandes;+41 686817920
Sofia Pereira;+32 104219789
Sofia Gomes;+44 346065729
Sofia Alves;+33 169291456
Sofia Pereira;+33 886064269
Sofia Fernandes;+33 032227062
Sofia Alves;+39 119825026
Sofia Fernandes;+41 864404762
Sofia Santos;+49 107185462
Sofia Gonçalves;+41 148694670
Sofia Alves;+351 763625977
Sofia Mendes;+49 822248276
Sofia Santos;+49 076319088
Sofia Santos;+43 328687842
Sofia Ferreira;+49 263633009
Sofia Gomes;+39 491210175
Sofia Mendes;+351 203478868
Sofia Santos;+351 908427991
Sofia Gomes;+33 346818091
Sofia Mendes;+33 021347946
Sofia Fernandes;+49 799871347
Sofia Fernandes;+41 415084477
Sofia Alves;+351 827865985
Sofia Alves;+33 716827497
Sofia Fernandes;+33 722974650
Sofia Ferreira;+39 161750064
Sofia Ferreira;+41 705823512
Sofia Silva;+33 932196061
Sofia Santos;+44 181076709
Sofia Pereira;+43 544565552
Sofia Gonçalves;+43 026534196
