Ana Silva;+351 104437495
Ana Alves;+49 645098219
Ana Mendes;+49 381048787
Ana Santos;+41 886671957
Ana Fernandes;+43 645386908
Ana Ferreira;+39 345021450
Ana Martins;+43 392128099
Ana Pereira;+33 619815558
Ana Pereira;+33 685591721
Ana Silva;+39 774833801
Ana Mendes;+351 841313040
Ana Santos;+39 950018708
Ana Gomes;+43 484253617
Ana Silva;+39 790526600
Ana Ferreira;+32 116773161
Ana Fernandes;+43 659757558
Ana Ferreira;+32 402283848
Ana Silva;+351 355605008
Ana Gonçalves;+44 100300609
Ana Pereira;+33 233754756
Ana Mendes;+39 634459502
Ana Santos;+39 720389792
Ana Mendes;+49 625092024
Ana Ferreira;+351 091014411
Ana Pereira;+39 951665359
Ana Silva;+41 268426153
Ana Silva;+39 343006375
Ana Alves;+351 360026640
Ana Ferreira;+49 483886640
Ana Martins;+39 582734871
Ana Mendes;+49 076421349
Ana Alves;+33 663094531
Ana Pereira;+32 204768303
Ana Martins;+33 425722029
Ana Santos;+32 122124080
Ana Silva;+43 029892551
Ana Gonçalves;+39 067839525
Ana Ferreira;+351 747573038
Ana Fernandes;+33 286978116
Ana Fernandes;+32 505469288
Ana Gomes;+39 379636834
Ana Pereira;+32 783376126
Ana Alves;+44 476211381
Ana Pereira;+39 021860638
Ana Gonçalves;+41 552700094
Ana Fernandes;+351 514896894
Ana Ferreira;+44 547552423
Ana Fernandes;+49 849228344
Ana Pereira;+32 507658812
Ana Silva;+41 759010933
Ana Martins;+32 691580945
Ana Alves;+351 862586487
Ana Martins;+43 374592063
Ana Pereira;+33 531363362
Ana Santos;+43 322292731
Ana Gomes;+33 086384368
Ana Martins;+41 650211077
Ana Silva;+39 611899519
Ana Silva;+32 983424595
Ana Alves;+39 725495995
Ana Silva;+351 837712026
Ana Mendes;+32 060214632
Ana Gomes;+43 721462126
Ana Gomes;+33 911062977
Ana Martins;+43 810745449
Ana Ferreira;+44 851014240
Ana Fernandes;+44 382981563
Ana Silva;+33 153172647
Ana Fernandes;+41 594198255
Ana Pereira;+44 422419150
Ana Ferreira;+351 774160224
Ana Mendes;+49 233224995
Ana Mendes;+39 962761930
Ana Gonçalves;+33 810593969
Ana Fernandes;+43 245946076
Ana Pereira;+33 232810042
Ana Pereira;+49 383715088
Ana Silva;+33 728067828
Ana Gomes;+33 881328373
Ana Martins;+49 089886755
Ana Mendes;+32 122343464
Ana Silva;+43 027934837
Ana Gomes;+33 407761008
Ana Alves;+49 156618604
Ana Ferreira;+41 047312575
Ana Gomes;+41 641571608
Ana Mendes;+43 859915568
Ana Santos;+39 062236369
Ana Gomes;+351 701714403
Ana Silva;+32 891615544
Ana Mendes;+44 374439100
Ana Fernandes;+41 337770512
Ana Ferreira;+49 559444006
Ana Fernandes;+351 494348291
Ana Alves;+39 062343481
Ana Mendes;+41 367322326
Ana Mendes;+39 964420999
Ana Silva;+351 956148546
Ana Martins;+39 652149222
Ana Mendes;+33 966737121
