Catarina Martins;+39 915424030
Catarina Ferreira;+44 437028124
Carlos Pereira;+351 503751231
Catarina Alves;+351 231494396
Carlos Santos;+49 745804459
Carlos Martins;+49 114534194
Catarina Pereira;+44 944867414
Catarina Fernandes;+351 126587670
Carlos Martins;+33 032844079
Carlos Gomes;+43 798773374
Carlos Santos;+44 696581934
Carlos Gonçalves;+33 148803962
Carlos Alves;+44 722479904
Carlos Mendes;+33 820810080
Carlos Ferreira;+43 741037249
Catarina Martins;+32 607197114
Catarina Martins;+44 228817378
Catarina Alves;+43 826837106
Catarina Santos;+49 154526695
Catarina Santos;+351 175243098
Catarina Pereira;+44 228684852
Catarina Fernandes;+39 459413522
Catarina Gonçalves;+41 890470324
Carlos Pereira;+39 493237483
Catarina Mendes;+39 072556348
Catarina Mendes;+43 983020124
Carlos Ferreira;+41 805531419
Carlos Gomes;+43 541544351
Catarina Fernandes;+49 886328439
Catarina Santos;+44 784219640
Carlos Alves;+43 771411436
Carlos Gomes;+49 146040232
Carlos Mendes;+49 909916016
Catarina Pereira;+351 274254170
Catarina Silva;+32 149453750
Catarina Gonçalves;+351 086365427
Catarina Gonçalves;+43 757861047
Carlos Mendes;+43 103075335
Carlos Mendes;+41 069844620
Carlos Ferreira;+44 796950240
Catarina Fernandes;+44 826446827
Carlos Gomes;+41 447332028
Carlos Ferreira;+49 282435533
Catarina Ferreira;+49 580014389
Catarina Silva;+44 512700730
Carlos Santos;+351 577382334
Carlos Gonçalves;+39 459133315
Catarina Ferreira;+43 927919002
Carlos Silva;+33 918235057
Catarina Fernandes;+43 762299489
Carlos Pereira;+351 079050943
Catarina Gonçalves;+351 530586959
Carlos Ferreira;+351 480719864
Carlos Gomes;+39 855022321
Catarina Fernandes;+33 422390796
Catarina Gomes;+41 412360016
Carlos Silva;+43 171933857
Catarina Martins;+43 613544387
Catarina Fernandes;+351 128754105
Carlos Silva;+32 814190381
Carlos Pereira;+351 819746413
Catarina Silva;+351 411499715
Catarina Gomes;+32 230932407
Catarina Fernandes;+33 865843672
Carlos Gomes;+49 676678998
Catarina Pereira;+39 454227335
Catarina Ferreira;+49 214477396
Carlos Pereira;+39 952448975
Carlos Pereira;+44 491384922
Carlos Mendes;+33 293035677
Catarina Gomes;+33 655228224
Catarina Martins;+43 198758470
Catarina Martins;+32 820160059
Carlos Martins;+41 710420699
Carlos Silva;+39 873042853
Catarina Fernandes;+33 595090887
Carlos Gonçalves;+33 772817573
Catarina Silva;+33 884316859
Carlos Santos;+32 470599511
Catarina Gonçalves;+43 386946251
Carlos Gomes;+33 690375427
Catarina Martins;+32 952994090
Catarina Mendes;+351 190386889
Catarina Mendes;+39 535553354
Carlos Santos;+32 732988009
Carlos Martins;+49 905340987
Carlos Gomes;+43 076842112
Carlos Fernandes;+32 602631261
Carlos Fernandes;+43 206183690
Carlos Gonçalves;+49 950204776
Carlos Silva;+33 844103694
Carlos Ferreira;+39 610358047
Carlos Alves;+33 619784134
Catarina Gomes;+43 955121106
Carlos Gonçalves;+49 187344193
Carlos Ferreira;+41 407091336
Carlos Silva;+49 643410363
Carlos Santos;+43 533631220
Catarina Fernandes;+32 949488203
Catarina Gomes;+32 641126223
