Sofia Gonçalves;+41 143270998
Sofia Ferreira;+41 078375497
Sofia Silva;+49 742729792
Sofia Gomes;+33 048505738
Sofia Fernandes;+32 174984366
Sofia Gonçalves;+44 567959395
Sofia Ferreira;+43 328225042
Sofia Gonçalves;+33 423123879
Sofia Ferreira;+41 274082144
Sofia Mendes;+44 324397198
Sofia Pereira;+41 117511044
Sofia Gomes;+32 203573376
Sofia Gomes;+351 054170836
Sofia Silva;+44 468453878
Sofia Ferreira;+39 632805201
Sofia Pereira;+43 565150816
Sofia Pereira;+33 310411935
Sofia Pereira;+43 740019232
Sofia Pereira;+39 418668702
Sofia Fernandes;+44 256601788
Sofia Mendes;+33 425964896
Sofia Gonçalves;+49 786588683
Sofia Pereira;+49 071950748
Sofia Martins;+49 088969497
Sofia Pereira;+43 845049061
Sofia Ferreira;+41 764573285
Sofia Santos;+32 779818602
Sofia Gonçalves;+43 370398723
Sofia Gonçalves;+33 046516906
Sofia Silva;+41 776337338
Sofia Mendes;+351 186083492
Sofia Silva;+43 159995750
Sofia Gonçalves;+41 662694763
Sofia Silva;+39 914963290
Sofia Alves;+39 477224168
Sofia Ferreira;+33 956041070
Sofia Fernandes;+44 910981728
Sofia Mendes;+44 550802084
Sofia Silva;+44 587836211
Sofia Gonçalves;+44 355483238
Sofia Ferreira;+33 095447562
Sofia Gomes;+351 702220911
Sofia Ferreira;+49 060443749
Sofia Pereira;+351 714776017
Sofia Silva;+32 776679243
Sofia Pereira;+32 874764531
Sofia Silva;+41 778489955
Sofia Silva;+33 134235580
Sofia Mendes;+351 664753780
Sofia Ferreira;+43 830290161
Sofia Santos;+49 356189018
Sofia Fernandes;+33 955283934
Sofia Mendes;+44 560069419
Sofia Alves;+44 307414697
Sofia Gonçalves;+44 185413065
Sofia Santos;+32 622610720
Sofia Martins;+32 058988651
Sofia Santos;+32 917926082
Sofia Mendes;+49 784392137
Sofia Ferreira;+32 745094840
Sofia Ferreira;+33 625380784
Sofia Gomes;+39 205970731
Sofia Pereira;+41 454157383
Sofia Ferreira;+39 120179361
Sofia Mendes;+49 803477076
Sofia Mendes;+44 905075069
Sofia Alves;+39 438308382
Sofia Fernandes;+351 601576527
Sofia Martins;+33 947873298
Sofia Santos;+43 930588186
Sofia Silva;+49 126615237
Sofia Gonçalves;+44 422386190
Sofia Alves;+33 657004459
Sofia Ferreira;+44 746268741
Sofia Ferreira;+49 623336112
Sofia Gomes;+41 464800788
Sofia Alves;+32 926181345
Sofia Mendes;+39 285914634
Sofia Santos;+44 727053917
Sofia Gonçalves;+49 636751760
Sofia Santos;+39 174369181
Sofia Martins;+351 543116396
Sofia Silva;+32 919214309
Sofia Santos;+49 857632487
Sofia Santos;+41 156435029
Sofia Gomes;+351 667521325
Sofia Martins;+351 465351858
Sofia Ferreira;+44 608898048
Sofia Santos;+33 955829394
Sofia Gomes;+33 990030908
Sofia Santos;+351 106121453
Sofia Gomes;+351 108479378
Sofia Pereira;+39 869971888
Sofia Ferreira;+39 253993672
Sofia Gonçalves;+49 580522605
Sofia Silva;+43 159374980
Sofia Silva;+33 462112527
Sofia Martins;+33 663681939
Sofia Silva;+32 900540586
Sofia Santos;+49 253669791
