Ana Mendes;+39 484367783
Ana Santos;+39 679028364
Ana Gonçalves;+49 624749919
Ana Alves;+49 383775853
Ana Gonçalves;+351 474283501
Ana Pereira;+49 598714466
Ana Martins;+32 542940691
Ana Mendes;+33 627747523
Ana Alves;+39 590732939
Ana Santos;+43 087272460
Ana Ferreira;+49 389787352
Ana Mendes;+32 096308035
Ana Fernandes;+49 487653801
Ana Alves;+41 261821691
Ana Martins;+351 368919829
Ana Gomes;+32 506873885
Ana Alves;+39 213478295
Ana Mendes;+41 418750668
Ana Fernandes;+44 833441647
Ana Gonçalves;+43 399948902
Ana Fernandes;+39 168408726
Ana Pereira;+33 495561765
Ana Martins;+41 999566377
Ana Pereira;+39 247628360
Ana Alves;+43 495136384
Ana Silva;+49 190244421
Ana Pereira;+49 316198211
Ana Mendes;+32 468131836
Ana Gomes;+49 243223361
Ana Santos;+41 772918693
Ana Martins;+351 662356970
Ana Alves;+41 008996136
Ana Mendes;+43 162168401
Ana Martins;+39 047831006
Ana Ferreira;+44 665365561
Ana Santos;+44 183239385
Ana Alves;+49 728494454
Ana Alves;+39 235732033
Ana Ferreira;+49 534032714
Ana Gonçalves;+33 294986503
Ana Alves;+351 211870495
Ana Santos;+43 234172517
Ana Gomes;+351 816037660
Ana Santos;+351 317577803
Ana Silva;+351 191977751
Ana Martins;+43 095004875
Ana Alves;+43 129416579
Ana Santos;+32 963980306
Ana Santos;+33 066806925
Ana Fernandes;+41 140839842
Ana Silva;+41 849851967
Ana Ferreira;+39 997173849
Ana Santos;+43 080087292
Ana Martins;+39 504073768
Ana Martins;+44 397892591
Ana Pereira;+351 409973616
Ana Pereira;+33 792271413
Ana Santos;+351 939496021
Ana Fernandes;+32 679879102
Ana Pereira;+39 809075291
Ana Martins;+32 268651075
Ana Alves;+39 111663176
Ana Santos;+44 019320601
Ana Santos;+49 546514864
Ana Silva;+43 725618356
Ana Alves;+351 826619660
Ana Silva;+43 310314529
Ana Gomes;+33 974615367
Ana Alves;+43 628017598
Ana Fernandes;+43 063957846
Ana Mendes;+351 496926556
Ana Alves;+49 682319279
Ana Silva;+43 571538951
Ana Gonçalves;+39 122019496
Ana Alves;+44 980495649
Ana Ferreira;+33 190087114
Ana Pereira;+33 375782463
Ana Martins;+32 950205887
Ana Ferreira;+32 661648724
Ana Gomes;+41 221920195
Ana Gomes;+41 053786098
Ana Alves;+39 849161708
Ana Martins;+351 129470402
Ana Gonçalves;+33 342084445
Ana Alves;+43 482474239
Ana Silva;+39 588262276
Ana Fernandes;+41 416441970
Ana Silva;+44 547622257
Ana Ferreira;+49 205280575
Ana Gonçalves;+33 998281695
Ana Santos;+32 922403747
Ana Ferreira;+32 146978805
Ana Silva;+351 993806774
Ana Martins;+33 886150163
Ana Silva;+351 100287772
Ana Gonçalves;+351 096951306
Ana Silva;+44 678875417
Ana Martins;+49 500883477
Ana Fernandes;+32 307356652
Ana Alves;+43 727337887
