Carlos Mendes;+43 279274937
Catarina Ferreira;+41 839847014
Catarina Martins;+32 598868611
Carlos Alves;+41 529894954
Carlos Fernandes;+33 500582851
Carlos Alves;+33 997710777
Carlos Martins;+32 515601328
Carlos Silva;+32 966005305
Catarina Ferreira;+49 161622940
Carlos Pereira;+39 680650785
Catarina Gomes;+39 043173648
Catarina Santos;+41 120323458
Carlos Santos;+351 238396141
Catarina Santos;+39 888869280
Carlos Silva;+351 795773182
Carlos Martins;+351 154908703
Carlos Mendes;+43 384328994
Carlos Gomes;+44 106794183
Catarina Pereira;+39 428264911
Carlos Alves;+351 202430072
Catarina Alves;+44 548946182
Catarina Alves;+32 834544234
Catarina Alves;+43 007535778
Catarina Gonçalves;+351 507304514
Catarina Ferreira;+44 505422440
Catarina Martins;+41 222563174
Catarina Fernandes;+44 910477220
Catarina Mendes;+351 738992612
Carlos Gonçalves;+32 216609340
Catarina Fernandes;+49 792169307
Catarina Gonçalves;+351 412533574
Carlos Santos;+43 555854092
Catarina Fernandes;+351 889874755
Catarina Santos;+39 345731761
Catarina Mendes;+39 074774289
Catarina Silva;+43 039573768
Carlos Silva;+351 600133604
Catarina Silva;+44 473291884
Catarina Ferreira;+39 290669744
Carlos Gonçalves;+43 704678246
Carlos Gonçalves;+32 850704132
Carlos Gonçalves;+39 087440222
Catarina Martins;+44 018913580
Carlos Gonçalves;+39 604169309
Carlos Pereira;+43 433486350
Catarina Santos;+351 931065163
Catarina Gomes;+33 451475092
Catarina Santos;+41 365470517
Carlos Alves;+32 930335317
Catarina Ferreira;+33 957471259
Carlos Gonçalves;+49 238534500
Catarina Mendes;+39 761410841
Carlos Pereira;+39 443103804
Catarina Gomes;+32 300896940
Carlos Alves;+39 177606466
Carlos Martins;+39 469621914
Carlos Gomes;+41 448117795
Catarina Mendes;+49 428688296
Catarina Santos;+39 571182086
Catarina Ferreira;+49 139988154
Catarina Pereira;+44 118423482
Catarina Pereira;+49 973135642
Catarina Ferreira;+33 805929739
Catarina Mendes;+33 481543137
Catarina Gomes;+43 546962484
Carlos Silva;+33 790631568
Carlos Pereira;+33 277259241
Catarina Pereira;+43 177090329
Carlos Martins;+49 349199189
Carlos Martins;+43 985409734
Catarina Pereira;+33 018607248
Catarina Pereira;+33 151578631
Catarina Gomes;+39 060357886
Catarina Gonçalves;+41 863511518
Catarina Santos;+351 971939390
Carlos Martins;+351 467982042
Catarina Pereira;+44 840752357
Carlos Ferreira;+43 985512605
Catarina Pereira;+41 423455237
Catarina Alves;+32 583651639
Catarina Gomes;+49 190670111
Catarina Pereira;+351 197283431
Catarina Martins;+44 148084102
Carlos Silva;+351 047433156
Carlos Alves;+32 294274087
Carlos Mendes;+351 501670466
Catarina Ferreira;+41 814405365
Carlos Mendes;+44 160220970
Catarina Alves;+49 112983998
Catarina Pereira;+41 152542595
Catarina Ferreira;+32 874327300
Carlos Fernandes;+44 011305817
Carlos Silva;+44 050772832
Carlos Gonçalves;+44 478044735
Carlos Santos;+41 915413283
Catarina Martins;+43 195036320
Carlos Gomes;+43 385493559
Catarina Ferreira;+351 516114300
Catarina Santos;+41 398112263
Catarina Gomes;+41 457073006
