Ana Ferreira;+41 550231999
Ana Gonçalves;+44 489211983
Ana Santos;+49 426246585
Ana Mendes;+32 521447381
Ana Pereira;+39 449006197
Ana Ferreira;+33 175245710
Ana Gomes;+44 858726143
Ana Alves;+41 505808081
Ana Ferreira;+39 396161999
Ana Gomes;+43 940650607
Ana Gomes;+49 301126889
Ana Martins;+39 183028167
Ana Alves;+351 856315492
Ana Fernandes;+32 869295574
Ana Gonçalves;+43 081445430
Ana Pereira;+44 530749934
Ana Fernandes;+32 955296240
Ana Ferreira;+33 361245670
Ana Fernandes;+41 099701964
Ana Pereira;+43 298922916
Ana Alves;+43 830965361
Ana Gomes;+49 813834700
Ana Santos;+33 303463621
Ana Alves;+44 058214465
Ana Mendes;+33 743894811
Ana Mendes;+44 284146219
Ana Alves;+39 153210052
Ana Santos;+44 823495290
Ana Silva;+43 927108932
Ana Alves;+43 718292631
Ana Ferreira;+32 631111572
Ana Martins;+351 959696735
Ana Alves;+32 743338317
Ana Fernandes;+43 024392753
Ana Santos;+44 688252836
Ana Silva;+44 248567789
Ana Alves;+39 086515182
Ana Fernandes;+351 966605363
Ana Fernandes;+39 244177067
Ana Martins;+39 652304390
Ana Fernandes;+41 776850438
Ana Gonçalves;+44 317755885
Ana Gomes;+351 592168161
Ana Martins;+41 289879900
Ana Santos;+49 343308833
Ana Silva;+43 044714034
Ana Santos;+39 157759906
Ana Gonçalves;+43 931844525
Ana Gonçalves;+351 948994114
Ana Mendes;+33 637056311
Ana Pereira;+33 125595607
Ana Martins;+49 869856892
Ana Pereira;+39 452424249
Ana Fernandes;+351 997050583
Ana Mendes;+33 830222894
Ana Fernandes;+32 231323068
Ana Santos;+44 083408543
Ana Martins;+33 313319315
Ana Silva;+44 406433453
Ana Fernandes;+44 352938514
Ana Santos;+351 881547043
Ana Mendes;+32 095231209
Ana Pereira;+44 708027913
Ana Gomes;+43 546291257
Ana Martins;+33 188617332
Ana Pereira;+351 279920622
Ana Alves;+43 541944445
Ana Silva;+39 105450198
Ana Silva;+39 730381201
Ana Martins;+351 573658205
Ana Fernandes;+39 343527576
Ana Silva;+49 016896648
Ana Fernandes;+49 956105871
Ana Mendes;+43 159102746
Ana Ferreira;+39 035401173
Ana Fernandes;+39 036881191
Ana Gomes;+41 844737642
Ana Santos;+41 153006683
Ana Alves;+32 518031195
Ana Ferreira;+39 783001951
Ana Martins;+41 681271549
Ana Silva;+32 195432664
Ana Mendes;+39 637466127
Ana Fernandes;+32 597736308
Ana Alves;+41 752977432
Ana Martins;+43 214415671
Ana Fernandes;+49 999313882
Ana Gomes;+33 441421076
Ana Pereira;+32 604027581
Ana Pereira;+33 711515892
Ana Alves;+43 838902175
Ana Mendes;+44 343829879
Ana Santos;+32 066896035
Ana Ferreira;+32 541306511
Ana Santos;+43 145582329
Ana Alves;+49 396314705
Ana Ferreira;+33 764555418
Ana Mendes;+39 118823244
Ana Fernandes;+32 136628921
Ana Martins;+351 459249998
