Ana Gomes;+33 110959951
Ana Gonçalves;+49 552447416
Ana Alves;+33 528915387
Ana Martins;+43 493091191
Ana Alves;+39 267092343
Ana Ferreira;+32 144707069
Ana Pereira;+41 827935869
Ana Gonçalves;+49 589722452
Ana Ferreira;+33 001300317
Ana Gomes;+39 342776655
Ana Santos;+33 225506104
Ana Gomes;+41 298527283
Ana Gonçalves;+43 172817619
Ana Gonçalves;+43 829767242
Ana Fernandes;+41 659613639
Ana Fernandes;+33 013039786
Ana Pereira;+39 943803200
Ana Pereira;+33 251022983
Ana Martins;+39 063241016
Ana Pereira;+39 904343231
Ana Gonçalves;+33 956019202
Ana Silva;+49 811483878
Ana Santos;+43 557622117
Ana Ferreira;+44 352785331
Ana Mendes;+43 352771892
Ana Gonçalves;+49 768453502
Ana Pereira;+33 767991642
Ana Alves;+49 289595466
Ana Alves;+44 528337239
Ana Pereira;+44 998659839
Ana Gomes;+351 243065081
Ana Silva;+39 960393382
Ana Alves;+351 798467564
Ana Gomes;+41 430517992
Ana Silva;+33 433007893
Ana Gonçalves;+32 481523387
Ana Alves;+33 437730823
Ana Gomes;+43 429709792
Ana Silva;+44 986304438
Ana Gomes;+43 670505067
Ana Mendes;+43 154019757
Ana Alves;+43 951809545
Ana Silva;+44 144441929
Ana Martins;+43 483425736
Ana Martins;+33 224774814
Ana Alves;+39 677345670
Ana Ferreira;+44 074420092
Ana Ferreira;+41 146128367
Ana Gomes;+351 352945076
Ana Fernandes;+33 694113804
Ana Ferreira;+33 298363499
Ana Fernandes;+351 275596474
Ana Pereira;+44 333005917
Ana Gomes;+33 579616917
Ana Mendes;+41 875101789
Ana Alves;+43 343853386
Ana Alves;+44 073289310
Ana Mendes;+49 941457234
Ana Pereira;+43 828309595
Ana Fernandes;+33 735110069
Ana Martins;+33 264035292
Ana Pereira;+44 778203818
Ana Pereira;+49 517330814
Ana Mendes;+33 657926607
Ana Fernandes;+351 804286379
Ana Pereira;+33 139556220
Ana Gomes;+32 504816781
Ana Martins;+33 107598277
Ana Martins;+49 546330511
Ana Pereira;+41 679841487
Ana Silva;+43 546628888
Ana Santos;+351 809412010
Ana Pereira;+32 794404698
Ana Mendes;+41 210149962
Ana Alves;+32 220635275
Ana Pereira;+44 173484799
Ana Alves;+351 033927309
Ana Mendes;+44 664595825
Ana Alves;+43 820648236
Ana Fernandes;+39 484625509
Ana Gomes;+39 293264832
Ana Alves;+43 381437802
Ana Mendes;+33 443007140
Ana Gomes;+41 452621155
Ana Ferreira;+44 520712862
Ana Gomes;+32 069033437
Ana Silva;+32 007730966
Ana Mendes;+41 741861599
Ana Fernandes;+39 727893251
Ana Santos;+44 100196699
Ana Silva;+44 192767138
Ana Fernandes;+33 136288038
Ana Mendes;+33 874909623
Ana Gonçalves;+39 151482940
Ana Gomes;+43 664008315
Ana Mendes;+33 340542877
Ana Mendes;+44 233902435
Ana Pereira;+351 312185956
Ana Mendes;+41 753940525
Ana Silva;+41 841369524
