Carlos Ferreira;+39 452171844
Carlos Pereira;+351 811882545
Carlos Martins;+32 682066566
Catarina Silva;+32 876933228
Catarina Ferreira;+44 392525228
Catarina Mendes;+351 879709706
Carlos Alves;+43 604542731
Catarina Alves;+351 736989102
Catarina Gomes;+44 932698671
Carlos Silva;+44 908076465
Carlos Fernandes;+44 717847917
Catarina Alves;+351 426811827
Carlos Gomes;+41 106628979
Carlos Gonçalves;+44 051853885
Carlos Pereira;+44 673384568
Catarina Gomes;+44 350068988
Catarina Ferreira;+32 997824305
Carlos Martins;+351 877400356
Catarina Gonçalves;+41 335118400
Catarina Santos;+39 909173636
Catarina Silva;+43 461256546
Catarina Gonçalves;+41 786232213
Carlos Martins;+32 693119493
Catarina Pereira;+32 794928319
Carlos Martins;+39 868336586
Catarina Mendes;+39 875414316
Carlos Santos;+43 337039118
Catarina Ferreira;+351 927524596
Carlos Alves;+49 567960652
Carlos Ferreira;+351 367880360
Catarina Alves;+44 497515113
Carlos Gomes;+33 226976647
Carlos Pereira;+351 607508625
Carlos Gonçalves;+351 768891440
Catarina Santos;+44 755462708
Catarina Martins;+41 470549633
Catarina Fernandes;+32 364307485
Carlos Silva;+351 520223746
Catarina Gomes;+32 272908673
Carlos Fernandes;+39 280713553
Catarina Silva;+39 910693813
Carlos Pereira;+33 964184162
Carlos Fernandes;+39 757237709
Catarina Mendes;+33 632533966
Carlos Ferreira;+33 641832547
Carlos Gomes;+32 791797880
Catarina Mendes;+49 695856276
Carlos Silva;+351 835431494
Catarina Mendes;+33 045009735
Carlos Santos;+33 047297457
Catarina Silva;+33 564744033
Carlos Gomes;+41 089112695
Carlos Santos;+41 223609524
Catarina Alves;+32 638059614
Catarina Silva;+33 481870750
Catarina Fernandes;+43 066782570
Catarina Gonçalves;+44 097717823
Carlos Santos;+33 290946858
Carlos Alves;+44 718998985
Carlos Silva;+33 920375347
Carlos Ferreira;+43 184598996
Carlos Gonçalves;+351 169897975
Carlos Silva;+41 778282402
Carlos Pereira;+39 229876475
Carlos Pereira;+41 799450312
Catarina Fernandes;+33 994627461
Carlos Martins;+44 039958492
Catarina Mendes;+39 524121269
Catarina Pereira;+44 596130963
Catarina Fernandes;+43 007099919
Catarina Fernandes;+33 707905453
Catarina Pereira;+33 736906722
Carlos Pereira;+33 498866558
Carlos Pereira;+351 856003000
Catarina Martins;+41 117170202
Carlos Pereira;+33 448754183
Catarina Gomes;+351 887180091
Carlos Alves;+351 467877027
Carlos Martins;+41 435692009
Carlos Gonçalves;+44 588120929
Catarina Martins;+49 032687767
Catarina Gonçalves;+351 670806919
Catarina Gonçalves;+33 552012051
Carlos Santos;+41 547956080
Carlos Ferreira;+49 135995045
Carlos Gonçalves;+33 272831680
Carlos Gomes;+351 812533341
Catarina Martins;+41 077338500
Carlos Gomes;+33 811589079
Carlos Gonçalves;+33 300412635
Catarina Martins;+41 082895972
Carlos Gonçalves;+44 575949885
Catarina Santos;+41 969626027
Catarina Mendes;+44 417110463
Catarina Mendes;+351 882731145
Catarina Silva;+351 744453246
Catarina Pereira;+49 173713056
Catarina Alves;+44 013211932
Catarina Mendes;+41 930325022
Catarina Pereira;+39 363437484
