Sofia Alves;+43 996691518
Sofia Gomes;+33 631965165
Sofia Martins;+49 681815764
Sofia Fernandes;+33 048038541
Sofia Alves;+44 813645398
Sofia Santos;+351 098870538
Sofia Alves;+41 796002914
Sofia Ferreira;+351 307580748
Sofia Mendes;+43 227033333
Sofia Pereira;+49 933332770
Sofia Pereira;+351 218944883
Sofia Martins;+44 099539001
Sofia Gonçalves;+39 281215515
Sofia Fernandes;+32 321802571
Sofia Alves;+351 277104439
Sofia Mendes;+43 153150397
Sofia Gonçalves;+33 032283605
Sofia Gomes;+44 531310652
Sofia Ferreira;+49 098461907
Sofia Silva;+351 327074728
Sofia Gonçalves;+41 331384819
Sofia Martins;+49 991251013
Sofia Gonçalves;+39 597320871
Sofia Silva;+41 808605027
Sofia Gonçalves;+39 599598200
Sofia Silva;+43 663518243
Sofia Pereira;+351 056577826
Sofia Mendes;+39 068276805
Sofia Santos;+41 982286117
Sofia Gonçalves;+41 724326832
Sofia Gomes;+44 912490540
Sofia Gomes;+41 075298378
Sofia Alves;+351 143649525
Sofia Fernandes;+32 019713922
Sofia Alves;+33 816672517
Sofia Silva;+39 187810542
Sofia Pereira;+33 057129777
Sofia Gonçalves;+351 646327428
Sofia Alves;+43 349095817
Sofia Santos;+351 093658180
Sofia Martins;+43 695596255
Sofia Silva;+33 833746382
Sofia Santos;+351 392485667
Sofia Gomes;+39 354040248
Sofia Alves;+39 426291789
Sofia Pereira;+351 132550237
Sofia Silva;+43 024859455
Sofia Ferreira;+43 856635242
Sofia Pereira;+32 794163834
Sofia Martins;+43 309427553
Sofia Santos;+44 534403478
Sofia Mendes;+351 148810794
Sofia Ferreira;+43 091181054
Sofia Fernandes;+33 471675871
Sofia Gonçalves;+49 400665463
Sofia Alves;+41 184682368
Sofia Santos;+41 883801221
Sofia Santos;+33 329745505
Sofia Mendes;+39 444345004
Sofia Martins;+41 972531653
Sofia Santos;+49 441571048
Sofia Ferreira;+33 026393009
Sofia Mendes;+33 781579593
Sofia Gomes;+33 425755357
Sofia Gomes;+44 118060401
Sofia Ferreira;+39 814060058
Sofia Alves;+33 533005161
Sofia Pereira;+44 281465852
Sofia Pereira;+43 125589435
Sofia Santos;+41 241882362
Sofia Martins;+41 575113878
Sofia Ferreira;+33 774273767
Sofia Gonçalves;+39 949695621
Sofia Martins;+41 858234275
Sofia Pereira;+39 681376037
Sofia Santos;+49 597600556
Sofia Gomes;+41 723946395
Sofia Martins;+39 552496032
Sofia Mendes;+44 179144073
Sofia Santos;+44 175767668
Sofia Ferreira;+49 266953345
Sofia Fernandes;+49 588750059
Sofia Gonçalves;+39 665185831
Sofia Santos;+41 615472703
Sofia Santos;+32 285314580
Sofia Gomes;+32 328182057
Sofia Alves;+32 361202994
Sofia Pereira;+44 506770651
Sofia Silva;+44 915546839
Sofia Gonçalves;+33 310516736
Sofia Alves;+33 276489666
Sofia Pereira;+43 318853558
Sofia Ferreira;+49 381284387
Sofia Gomes;+351 838890946
Sofia Fernandes;+43 574022600
Sofia Pereira;+43 744689592
Sofia Pereira;+44 215966833
Sofia Pereira;+41 892882679
Sofia Ferreira;+43 585371804
Sofia Alves;+43 123631412
