Rui Martins;+351 231793195
Rui Gomes;+351 074251551
Ricardo Ferreira;+33 479939888
Rui Silva;+49 540555356
Rui Mendes;+43 204950995
Ricardo Silva;+41 723065440
Rui Alves;+351 189203966
Ricardo Silva;+351 603941185
Ricardo Martins;+43 573743828
Rui Mendes;+32 236703077
Ricardo Gonçalves;+32 724694553
Ricardo Pereira;+44 217160961
Rui Santos;+41 621236672
Rui Alves;+33 773916565
Ricardo Fernandes;+44 902401040
Rui Pereira;+351 608161472
Rui Silva;+351 785252202
Rui Silva;+32 480952048
Ricardo Mendes;+33 712269349
Rui Gonçalves;+49 678826945
Rui Gonçalves;+33 117966774
Ricardo Gonçalves;+39 867981920
Rui Santos;+43 350729157
Ricardo Silva;+351 409716715
Rui Mendes;+33 452608492
Ricardo Alves;+32 480047269
Rui Ferreira;+33 876197039
Ricardo Gomes;+43 815039326
Ricardo Fernandes;+41 830671595
Ricardo Ferreira;+41 513492467
Ricardo Gonçalves;+351 272576779
Rui Gonçalves;+44 595057423
Ricardo Gonçalves;+41 477441809
Rui Martins;+44 096309824
Ricardo Martins;+43 660263522
Ricardo Gonçalves;+351 314366865
Rui Ferreira;+43 582424584
Rui Gonçalves;+351 619455179
Ricardo Alves;+351 426034338
Rui Alves;+351 186433749
Ricardo Ferreira;+39 073012204
Rui Ferreira;+49 122393729
Rui Gonçalves;+351 671848938
Ricardo Fernandes;+351 396081255
Rui Mendes;+44 928807661
Ricardo Santos;+33 554577831
Rui Martins;+44 647637108
Rui Alves;+351 402689244
Ricardo Santos;+49 887814934
Ricardo Martins;+43 084586748
Ricardo Santos;+41 734408292
Ricardo Gonçalves;+43 028563507
Rui Silva;+39 696646021
Ricardo Fernandes;+41 629296374
Rui Pereira;+44 281414108
Rui Gomes;+32 736619715
Ricardo Pereira;+49 384205760
Rui Santos;+32 302314819
Rui Ferreira;+33 333717074
Rui Santos;+43 736338547
Ricardo Silva;+44 194397337
Ricardo Gomes;+33 448761179
Rui Gomes;+41 186118162
Ricardo Ferreira;+44 776329433
Ricardo Fernandes;+49 399326817
Rui Ferreira;+43 652593469
Rui Fernandes;+41 974020255
Rui Gonçalves;+49 791204015
Rui Mendes;+41 105520280
Rui Fernandes;+41 949405638
Rui Alves;+32 927227406
Ricardo Pereira;+351 767027801
Ricardo Ferreira;+32 110366193
Ricardo Alves;+33 913135160
Rui Pereira;+32 318370660
Ricardo Santos;+41 318706624
Rui Gomes;+43 098789320
Rui Martins;+351 979547349
Ricardo Pereira;+44 643966010
Rui Fernandes;+351 012156316
Ricardo Fernandes;+351 733597720
Rui Gonçalves;+39 386122198
Ricardo Gonçalves;+43 983757506
Rui Gonçalves;+43 793801091
Ricardo Gonçalves;+41 360345056
Ricardo Santos;+44 417616962
Rui Fernandes;+49 478417233
Rui Santos;+351 384761153
Rui Martins;+33 721945997
Rui Mendes;+32 424194656
Ricardo Silva;+43 832308782
Ricardo Alves;+33 234753001
Ricardo Alves;+44 236511292
Rui Santos;+43 709026039
Rui Alves;+44 090186874
Rui Alves;+43 174736566
Ricardo Santos;+351 048084339
Ricardo Fernandes;+43 316278149
Rui Silva;+39 363257306
Ricardo Fernandes;+32 467200644
