Carlos Ferreira;+32 837409145
Catarina Martins;+351 426861785
Catarina Silva;+39 879911797
Catarina Santos;+43 145296617
Catarina Martins;+49 868819927
Carlos Gomes;+32 407419984
Catarina Martins;+32 541158489
Catarina Martins;+44 930410105
Carlos Fernandes;+39 622058729
Carlos Ferreira;+43 250300036
Carlos Alves;+49 909086094
Carlos Fernandes;+41 196020891
Carlos Fernandes;+39 747697895
Catarina Pereira;+44 091997745
Catarina Ferreira;+39 240933203
Catarina Gomes;+32 917325593
Carlos Martins;+41 386967339
Catarina Martins;+44 970352247
Carlos Martins;+39 649456040
Catarina Gonçalves;+44 170480124
Carlos Gonçalves;+44 595362875
Carlos Mendes;+33 680659529
Carlos Pereira;+32 321719891
Carlos Alves;+33 210516369
Carlos Mendes;+39 466492222
Catarina Silva;+39 452842723
Carlos Gomes;+44 586585837
Carlos Fernandes;+49 820569485
Catarina Santos;+43 724411982
Catarina Ferreira;+351 855607369
Catarina Gomes;+32 174351021
Catarina Fernandes;+32 870240328
Catarina Alves;+32 406328015
Catarina Mendes;+39 099196160
Carlos Martins;+351 626944089
Carlos Fernandes;+44 702767320
Carlos Santos;+33 961695297
Carlos Alves;+351 641251750
Catarina Alves;+44 451187569
Carlos Santos;+32 728966943
Carlos Mendes;+32 255256307
Carlos Alves;+49 141775453
Carlos Silva;+32 855342180
Carlos Martins;+44 663510710
Carlos Silva;+49 958945126
Carlos Mendes;+49 954741049
Carlos Pereira;+41 043091706
Carlos Alves;+43 420367604
Catarina Santos;+43 389568258
Catarina Santos;+39 609400847
Carlos Silva;+39 301217915
Catarina Silva;+33 045178297
Carlos Fernandes;+49 892099673
Carlos Gonçalves;+49 865512137
Carlos Martins;+43 157255402
Carlos Mendes;+41 863030867
Carlos Gonçalves;+44 837443095
Catarina Martins;+33 225972384
Carlos Santos;+32 425779508
Carlos Gomes;+41 984323909
Catarina Mendes;+43 098095562
Catarina Mendes;+49 302040684
Carlos Fernandes;+39 352646694
Catarina Ferreira;+41 780936744
Catarina Martins;+39 454139753
Catarina Alves;+351 771161285
Carlos Ferreira;+43 180351770
Carlos Fernandes;+39 178925465
Carlos Silva;+32 760763059
Catarina Pereira;+41 948705351
Carlos Alves;+32 811219994
Catarina Ferreira;+41 077428671
Catarina Ferreira;+33 633256679
Carlos Mendes;+43 336085666
Catarina Silva;+44 864563658
Catarina Fernandes;+49 687186018
Catarina Martins;+351 871855922
Catarina Gonçalves;+41 394661554
Carlos Alves;+49 229265956
Carlos Gonçalves;+39 914326107
Carlos Gomes;+33 772814887
Carlos Gomes;+351 202581336
Catarina Mendes;+44 054773624
Catarina Gonçalves;+39 608912893
Catarina Santos;+44 833069322
Carlos Ferreira;+44 036689726
Catarina Mendes;+32 004868587
Carlos Silva;+41 743211379
Catarina Fernandes;+44 241699262
Carlos Alves;+43 690593277
Catarina Gomes;+49 680262122
Carlos Gonçalves;+43 584332188
Catarina Gomes;+49 855614332
Carlos Gomes;+32 524721811
Catarina Gomes;+41 734769086
Catarina Ferreira;+33 579659867
Catarina Alves;+33 244785237
Carlos Alves;+39 072817868
Carlos Alves;+39 159214835
Catarina Gonçalves;+44 859513402
