Ana Gonçalves;+44 983150607
Ana Santos;+43 104215344
Ana Ferreira;+33 520487690
Ana Alves;+32 384651699
Ana Pereira;+41 288215730
Ana Ferreira;+33 521530301
Ana Mendes;+44 599257312
Ana Alves;+44 193744284
Ana Santos;+44 057191318
Ana Pereira;+32 910944720
Ana Gomes;+49 107920579
Ana Silva;+33 454994862
Ana Mendes;+49 474116243
Ana Silva;+351 530081351
Ana Martins;+43 577504121
Ana Alves;+32 661250638
Ana Ferreira;+39 558355114
Ana Santos;+32 508212907
Ana Pereira;+32 958509653
Ana Alves;+41 909871974
Ana Alves;+44 305636521
Ana Silva;+32 169129188
Ana Santos;+44 494630985
Ana Santos;+41 205600831
Ana Ferreira;+351 714209514
Ana Alves;+41 279080547
Ana Alves;+43 144969133
Ana Santos;+351 219372430
Ana Ferreira;+351 645265083
Ana Alves;+49 728251852
Ana Alves;+351 896801030
Ana Santos;+351 020092263
Ana Alves;+43 626381840
Ana Mendes;+43 892305637
Ana Gonçalves;+32 004427441
Ana Ferreira;+41 976038253
Ana Alves;+39 316537752
Ana Pereira;+43 700529626
Ana Mendes;+33 630165425
Ana Mendes;+43 026486608
Ana Fernandes;+43 208525230
Ana Mendes;+44 385216525
Ana Alves;+351 186283572
Ana Silva;+44 113508953
Ana Mendes;+351 811130433
Ana Martins;+32 732406542
Ana Pereira;+43 400966274
Ana Mendes;+33 302749276
Ana Alves;+351 545611362
Ana Pereira;+49 374846939
Ana Alves;+33 751044755
Ana Gomes;+39 453329510
Ana Fernandes;+39 157647354
Ana Santos;+39 626218069
Ana Ferreira;+44 968682298
Ana Gonçalves;+41 609650956
Ana Gomes;+351 914200168
Ana Santos;+43 828062926
Ana Mendes;+44 820027787
Ana Martins;+49 160954719
Ana Pereira;+41 937978169
Ana Mendes;+351 565327576
Ana Fernandes;+33 500540725
Ana Alves;+33 800209294
Ana Gonçalves;+351 478357242
Ana Gomes;+43 613538307
Ana Ferreira;+41 207535421
Ana Gonçalves;+49 654639199
Ana Alves;+32 972261407
Ana Silva;+41 335166142
Ana Ferreira;+43 536256604
Ana Pereira;+41 834944713
Ana Silva;+39 450393629
Ana Santos;+33 686959050
Ana Pereira;+41 372337094
Ana Gomes;+41 356652927
Ana Santos;+351 950141666
Ana Martins;+43 861105209
Ana Silva;+32 994161869
Ana Martins;+41 864645387
Ana Ferreira;+41 083955153
Ana Alves;+32 244768408
Ana Ferreira;+39 697982563
Ana Ferreira;+41 218852238
Ana Santos;+44 884418237
Ana Silva;+44 954642936
Ana Fernandes;+351 200162304
Ana Alves;+49 439408033
Ana Gonçalves;+49 080824533
Ana Ferreira;+39 417479166
Ana Mendes;+32 683597330
Ana Gomes;+43 266649581
Ana Pereira;+351 376260995
Ana Gonçalves;+351 836993944
Ana Mendes;+49 975947561
Ana Martins;+32 004600039
Ana Martins;+49 483516310
Ana Gonçalves;+33 750611110
Ana Martins;+43 312249316
Ana Santos;+351 351183337
