Sofia Santos;+39 341290155
Sofia Gonçalves;+49 760437598
Sofia Fernandes;+43 406060922
Sofia Gomes;+33 922860764
Sofia Alves;+44 656441610
Sofia Alves;+351 709894456
Sofia Ferreira;+44 441108348
Sofia Ferreira;+49 851115445
Sofia Martins;+33 520748047
Sofia Fernandes;+41 607049895
Sofia Silva;+41 215055802
Sofia Fernandes;+49 131352383
Sofia Santos;+32 336704912
Sofia Silva;+41 491931829
Sofia Gonçalves;+43 566033215
Sofia Martins;+49 471181119
Sofia Fernandes;+39 933248329
Sofia Silva;+44 326105950
Sofia Fernandes;+41 310238102
Sofia Mendes;+41 332939333
Sofia Martins;+44 323756350
Sofia Gonçalves;+41 316497595
Sofia Gomes;+39 133559339
Sofia Mendes;+351 522715713
Sofia Ferreira;+49 862531327
Sofia Silva;+351 219781106
Sofia Gomes;+49 784125871
Sofia Martins;+32 423240030
Sofia Alves;+33 870940805
Sofia Pereira;+33 133213015
Sofia Gomes;+41 194790201
Sofia Silva;+49 780901601
Sofia Santos;+41 574198683
Sofia Santos;+39 560548138
Sofia Mendes;+33 874763709
Sofia Alves;+39 289691223
Sofia Fernandes;+44 876869814
Sofia Ferreira;+44 166524926
Sofia Alves;+41 604582697
Sofia Santos;+33 660266337
Sofia Silva;+351 491529445
Sofia Santos;+44 800245348
Sofia Alves;+44 815290144
Sofia Mendes;+33 196109368
Sofia Fernandes;+43 660292730
Sofia Alves;+41 286306362
Sofia Silva;+41 633382043
Sofia Fernandes;+33 301103961
Sofia Santos;+351 373712642
Sofia Gomes;+41 172348621
Sofia Mendes;+44 221789449
Sofia Pereira;+39 821481577
Sofia Santos;+41 644672431
Sofia Pereira;+41 919300368
Sofia Fernandes;+44 304645326
Sofia Alves;+32 137679249
Sofia Alves;+43 366806104
Sofia Santos;+32 340876744
Sofia Santos;+41 509909386
Sofia Gomes;+32 821444779
Sofia Gonçalves;+32 874473531
Sofia Fernandes;+33 180365381
Sofia Ferreira;+41 694977292
Sofia Gomes;+41 883995509
Sofia Gomes;+33 141715710
Sofia Martins;+43 975169302
Sofia Mendes;+351 446420284
Sofia Silva;+43 660209869
Sofia Santos;+33 792041608
Sofia Silva;+32 695604455
Sofia Ferreira;+32 413442810
Sofia Santos;+33 894462255
Sofia Pereira;+49 598949627
Sofia Gomes;+49 338298358
Sofia Fernandes;+32 089629064
Sofia Pereira;+351 911349959
Sofia Ferreira;+32 594869692
Sofia Fernandes;+41 089392462
Sofia Silva;+43 856131337
Sofia Gomes;+49 930885457
Sofia Gomes;+49 673432136
Sofia Santos;+39 779140692
Sofia Santos;+41 713710175
Sofia Santos;+32 367353405
Sofia Fernandes;+43 395662773
Sofia Gomes;+39 598857601
Sofia Fernandes;+44 993697567
Sofia Fernandes;+43 634863211
Sofia Santos;+351 933940063
Sofia Santos;+43 081910973
Sofia Ferreira;+49 502415803
Sofia Silva;+32 273824653
Sofia Gonçalves;+49 551794763
Sofia Mendes;+351 248956129
Sofia Fernandes;+32 105501875
Sofia Martins;+41 497704014
Sofia Fernandes;+43 246325031
Sofia Gonçalves;+351 839648167
Sofia Ferreira;+33 110749831
Sofia Mendes;+33 155211749
