Rui Gonçalves;+39 779462647
Ricardo Alves;+43 046700679
Rui Ferreira;+33 989220620
Rui Ferreira;+32 763356410
Ricardo Alves;+32 075848274
Rui Ferreira;+41 433714679
Rui Silva;+39 908963274
Rui Fernandes;+39 027217690
Rui Alves;+351 666862174
Ricardo Gonçalves;+41 896163752
Rui Alves;+44 328521543
Ricardo Fernandes;+41 105861112
Rui Fernandes;+39 567895324
Rui Gonçalves;+44 844779509
Ricardo Gonçalves;+33 505171896
Ricardo Gonçalves;+32 332748685
Rui Fernandes;+32 285368848
Ricardo Silva;+41 307090890
Ricardo Ferreira;+49 702190208
Rui Gonçalves;+43 755505680
Ricardo Fernandes;+351 787836855
Ricardo Santos;+41 445673423
Ricardo Gomes;+33 297950406
Ricardo Silva;+351 403334042
Rui Gomes;+41 413501107
Ricardo Silva;+43 413471972
Rui Gomes;+43 629582967
Rui Ferreira;+44 953670951
Ricardo Alves;+351 822622666
Rui Pereira;+33 926327911
Ricardo Silva;+39 255164911
Ricardo Santos;+44 066266591
Ricardo Santos;+33 457975036
Rui Santos;+49 073759535
Rui Mendes;+39 052078867
Ricardo Martins;+351 757231768
Ricardo Silva;+351 718395043
Ricardo Gonçalves;+39 943657668
Ricardo Santos;+43 147234036
Rui Fernandes;+43 089671158
Ricardo Silva;+43 365350040
Rui Pereira;+43 812828974
Ricardo Fernandes;+43 963337864
Ricardo Alves;+41 251451991
Rui Silva;+33 773298102
Ricardo Martins;+32 621971567
Ricardo Ferreira;+32 620870627
Rui Alves;+49 273176898
Ricardo Gonçalves;+39 428852228
Rui Mendes;+43 222315636
Ricardo Gomes;+49 003654451
Rui Santos;+351 030159354
Rui Martins;+351 814452734
Ricardo Gonçalves;+32 885122143
Rui Silva;+41 021002797
Rui Mendes;+44 937468288
Rui Mendes;+39 949237030
Ricardo Mendes;+43 628687713
Ricardo Mendes;+39 196584587
Ricardo Martins;+39 281710176
Rui Silva;+32 092251113
Ricardo Pereira;+41 218836928
Rui Alves;+32 828192152
Rui Santos;+32 879773495
Rui Ferreira;+351 750822722
Ricardo Ferreira;+32 918202785
Ricardo Alves;+43 315970921
Ricardo Gonçalves;+33 130233262
Ricardo Gomes;+39 151917356
Ricardo Fernandes;+39 763449235
Rui Ferreira;+43 810942669
Ricardo Alves;+32 945507873
Rui Fernandes;+33 191070403
Rui Fernandes;+39 995453360
Ricardo Santos;+351 528279961
Rui Martins;+39 014656120
Ricardo Santos;+32 370297279
Rui Gomes;+32 952364375
Ricardo Mendes;+49 395206286
Rui Fernandes;+43 517859015
Ricardo Fernandes;+32 429224428
Rui Gomes;+43 590354443
Rui Mendes;+41 859676056
Rui Gonçalves;+41 385586793
Ricardo Ferreira;+43 545217311
Rui Pereira;+43 881592515
Ricardo Pereira;+351 993498326
Ricardo Mendes;+32 172643173
Ricardo Martins;+43 265316919
Ricardo Ferreira;+43 982678286
Ricardo Santos;+41 314464328
Rui Gomes;+41 114340608
Rui Santos;+41 471655464
Ricardo Martins;+49 777328377
Rui Santos;+49 023665955
Rui Silva;+32 666387141
Ricardo Martins;+43 013514859
Ricardo Mendes;+33 841795319
Ricardo Gomes;+49 578690487
Ricardo Silva;+49 425829024
