Sofia Silva;+39 543424875
Sofia Silva;+49 212128761
Sofia Fernandes;+351 479367969
Sofia Fernandes;+41 830102306
Sofia Mendes;+39 113578007
Sofia Pereira;+49 045787844
Sofia Pereira;+41 657835354
Sofia Alves;+351 849523321
Sofia Santos;+44 113120884
Sofia Santos;+33 553436905
Sofia Mendes;+43 810464177
Sofia Fernandes;+33 765978601
Sofia Pereira;+43 205529435
Sofia Silva;+39 681996834
Sofia Gonçalves;+33 943039518
Sofia Santos;+49 049281598
Sofia Martins;+33 695158905
Sofia Gonçalves;+351 464926953
Sofia Alves;+32 941636521
Sofia Alves;+41 172947066
Sofia Silva;+351 213378638
Sofia Mendes;+351 492066239
Sofia Silva;+41 512111958
Sofia Ferreira;+32 217733372
Sofia Gonçalves;+49 477678403
Sofia Alves;+43 052049731
Sofia Mendes;+41 719743339
Sofia Gomes;+44 590172512
Sofia Ferreira;+44 753464897
Sofia Gonçalves;+49 071766739
Sofia Gonçalves;+44 236542929
Sofia Martins;+41 848658427
Sofia Alves;+351 751403720
Sofia Santos;+49 718136681
Sofia Ferreira;+44 422824370
Sofia Gomes;+44 098010694
Sofia Santos;+33 006389386
Sofia Pereira;+49 127161400
Sofia Santos;+41 329308937
Sofia Mendes;+32 210798534
Sofia Fernandes;+39 026066350
Sofia Silva;+351 754496037
Sofia Gomes;+32 812917781
Sofia Pereira;+44 470578262
Sofia Gonçalves;+44 373768555
Sofia Gonçalves;+49 768948800
Sofia Martins;+41 144682031
Sofia Fernandes;+32 981462932
Sofia Ferreira;+49 045886361
Sofia Silva;+32 305003210
Sofia Alves;+41 833679465
Sofia Silva;+41 034528320
Sofia Santos;+351 762326546
Sofia Gomes;+44 704832557
Sofia Pereira;+351 180991549
Sofia Silva;+351 694393949
Sofia Mendes;+39 482983220
Sofia Silva;+32 429925246
Sofia Ferreira;+39 648197771
Sofia Alves;+41 721061086
Sofia Alves;+39 068316491
Sofia Silva;+39 943527364
Sofia Fernandes;+351 936028646
Sofia Alves;+39 156200737
Sofia Pereira;+351 375375636
Sofia Ferreira;+49 656386916
Sofia Gomes;+33 020961643
Sofia Silva;+33 602031967
Sofia Silva;+41 837555518
Sofia Mendes;+41 032016620
Sofia Silva;+41 582490233
Sofia Alves;+49 078388242
Sofia Gomes;+44 715357207
Sofia Pereira;+32 503783904
Sofia Mendes;+49 764883420
Sofia Silva;+351 556296148
Sofia Martins;+44 776076506
Sofia Silva;+49 539222281
Sofia Mendes;+32 837449118
Sofia Ferreira;+39 664235382
Sofia Alves;+49 718046893
Sofia Alves;+43 992116026
Sofia Pereira;+39 588080156
Sofia Martins;+33 701759447
Sofia Ferreira;+32 983390501
Sofia Santos;+41 535740509
Sofia Gomes;+351 537294475
Sofia Ferreira;+32 874037807
Sofia Gonçalves;+32 029074734
Sofia Santos;+43 096183005
Sofia Mendes;+41 415496093
Sofia Fernandes;+44 607553802
Sofia Alves;+41 501544492
Sofia Gomes;+33 336362208
Sofia Santos;+32 907332531
Sofia Mendes;+33 956083235
Sofia Martins;+33 236594910
Sofia Fernandes;+32 461459528
Sofia Fernandes;+39 870499143
Sofia Martins;+44 535406172
