Catarina Gomes;+351 478448741
Carlos Gonçalves;+39 149654790
Catarina Pereira;+41 369908585
Carlos Gomes;+49 628209353
Carlos Alves;+49 843963761
Carlos Ferreira;+41 517635212
Catarina Pereira;+33 381997931
Carlos Fernandes;+33 806535020
Catarina Alves;+43 810739022
Catarina Gomes;+39 246954892
Carlos Mendes;+32 252448945
Carlos Santos;+33 439082068
Catarina Ferreira;+43 875001732
Catarina Gomes;+351 853016971
Catarina Ferreira;+44 055931258
Carlos Gomes;+49 619377027
Carlos Gomes;+41 307870091
Catarina Fernandes;+43 625184341
Carlos Mendes;+44 371092578
Catarina Ferreira;+41 304528656
Carlos Mendes;+49 393701762
Carlos Fernandes;+39 753593368
Catarina Alves;+39 309132525
Catarina Fernandes;+41 513800939
Carlos Gonçalves;+32 915881786
Carlos Santos;+32 352760737
Catarina Santos;+44 236557103
Catarina Gomes;+33 119595933
Catarina Mendes;+32 668862404
Catarina Mendes;+351 516032078
Carlos Alves;+41 354521750
Catarina Gomes;+39 271718945
Carlos Pereira;+41 364055544
Catarina Alves;+32 390025505
Catarina Martins;+44 860596866
Catarina Mendes;+39 253239346
Carlos Fernandes;+44 394391832
Catarina Martins;+351 505861457
Carlos Martins;+351 110300654
Catarina Gonçalves;+49 670907610
Carlos Mendes;+39 904709258
Catarina Gomes;+32 958448488
Carlos Fernandes;+41 321074169
Catarina Gomes;+44 516422433
Carlos Martins;+41 316731036
Carlos Fernandes;+49 970240949
Catarina Silva;+44 800423226
Catarina Fernandes;+351 844549037
Carlos Alves;+33 772075146
Carlos Fernandes;+32 025942939
Carlos Mendes;+39 477761467
Carlos Fernandes;+41 099114959
Catarina Martins;+39 127119852
Carlos Silva;+43 318725767
Carlos Ferreira;+39 737973374
Carlos Gomes;+32 786753161
Carlos Fernandes;+44 684471599
Catarina Silva;+44 101634231
Catarina Gomes;+351 345147609
Catarina Martins;+33 728546173
Carlos Martins;+44 117911386
Catarina Mendes;+41 472980157
Carlos Alves;+39 575575802
Catarina Pereira;+33 780997707
Catarina Mendes;+49 741284151
Carlos Gonçalves;+43 635848119
Carlos Mendes;+43 448183651
Carlos Alves;+32 418840034
Catarina Mendes;+33 839227084
Carlos Santos;+44 458353305
Catarina Santos;+49 206234661
Carlos Fernandes;+43 764329610
Catarina Fernandes;+44 224676093
Catarina Silva;+44 613655966
Carlos Gomes;+49 804323481
Carlos Santos;+39 504201494
Carlos Pereira;+43 986018733
Catarina Gonçalves;+351 187557808
Catarina Alves;+32 082838316
Catarina Gonçalves;+44 986790717
Carlos Fernandes;+41 011979410
Carlos Alves;+49 136005131
Carlos Pereira;+33 446219990
Catarina Pereira;+39 024271625
Catarina Fernandes;+43 084805078
Carlos Ferreira;+44 540169305
Carlos Pereira;+33 027192806
Catarina Mendes;+49 809144815
Carlos Pereira;+33 498743281
Carlos Martins;+39 562151517
Catarina Alves;+41 873145997
Carlos Silva;+44 560657706
Carlos Ferreira;+33 656381919
Catarina Mendes;+43 996798821
Catarina Fernandes;+44 728246821
Carlos Alves;+49 873859619
Catarina Martins;+32 391219513
Carlos Mendes;+351 557181111
Carlos Fernandes;+32 186226632
Carlos Gomes;+33 075418368
