Sofia Gonçalves;+33 262062023
Sofia Fernandes;+49 750910457
Sofia Gonçalves;+41 420032610
Sofia Ferreira;+351 878085100
Sofia Martins;+33 142857891
Sofia Ferreira;+44 764892060
Sofia Gomes;+351 386595763
Sofia Gonçalves;+39 250310547
Sofia Gomes;+39 329051458
Sofia Gonçalves;+33 728495126
Sofia Silva;+351 551826375
Sofia Santos;+44 442494016
Sofia Martins;+32 182807214
Sofia Ferreira;+39 326345304
Sofia Martins;+43 380063828
Sofia Santos;+44 516079662
Sofia Santos;+43 860469903
Sofia Mendes;+33 937004666
Sofia Mendes;+32 513987561
Sofia Santos;+33 438056415
Sofia Santos;+43 696051210
Sofia Martins;+44 428250159
Sofia Gonçalves;+41 196012728
Sofia Mendes;+43 263295560
Sofia Martins;+41 645978871
Sofia Alves;+49 282511855
Sofia Martins;+41 129418830
Sofia Martins;+33 299868171
Sofia Gonçalves;+43 797781006
Sofia Pereira;+33 042271115
Sofia Santos;+32 110054779
Sofia Santos;+41 551647976
Sofia Gomes;+43 028570226
Sofia Alves;+39 542817190
Sofia Silva;+43 916068783
Sofia Alves;+41 555995153
Sofia Gomes;+43 700935343
Sofia Gomes;+41 404835795
Sofia Santos;+32 656737996
Sofia Mendes;+44 021212326
Sofia Santos;+351 294638308
Sofia Alves;+32 805637327
Sofia Fernandes;+44 366547932
Sofia Gonçalves;+49 458033522
Sofia Silva;+44 071917710
Sofia Pereira;+32 039349048
Sofia Santos;+49 540272607
Sofia Fernandes;+33 055667376
Sofia Fernandes;+49 115505397
Sofia Gonçalves;+43 446320144
Sofia Santos;+33 762547221
Sofia Silva;+41 266347890
Sofia Fernandes;+49 722011428
Sofia Mendes;+49 720059239
Sofia Mendes;+33 852843991
Sofia Silva;+351 493817690
Sofia Pereira;+351 338861069
Sofia Pereira;+33 199541912
Sofia Silva;+39 972002151
Sofia Alves;+32 583308048
Sofia Mendes;+33 732646498
Sofia Martins;+44 220850667
Sofia Santos;+33 970905934
Sofia Gonçalves;+32 037609336
Sofia Alves;+44 761456379
Sofia Pereira;+44 166684686
Sofia Mendes;+32 369804027
Sofia Silva;+351 165495675
Sofia Gomes;+33 776971494
Sofia Gomes;+44 687382820
Sofia Gomes;+49 569382013
Sofia Alves;+39 629989745
Sofia Gonçalves;+351 449690378
Sofia Martins;+33 768216776
Sofia Pereira;+33 689651940
Sofia Ferreira;+33 712492225
Sofia Santos;+39 807314289
Sofia Silva;+32 283678956
Sofia Alves;+49 125371901
Sofia Fernandes;+41 042393517
Sofia Santos;+351 023714289
Sofia Ferreira;+39 682457777
Sofia Fernandes;+32 657367984
Sofia Alves;+43 243783063
Sofia Fernandes;+44 538401839
Sofia Silva;+39 514910976
Sofia Alves;+33 632799501
Sofia Gonçalves;+39 568259575
Sofia Silva;+33 223689664
Sofia Fernandes;+43 012550538
Sofia Mendes;+44 593691752
Sofia Gomes;+39 252662670
Sofia Fernandes;+44 353734602
Sofia Fernandes;+43 302791345
Sofia Martins;+33 969996177
Sofia Mendes;+41 026272399
Sofia Silva;+41 264185213
Sofia Ferreira;+43 848511223
Sofia Fernandes;+44 661569429
Sofia Fernandes;+43 007672057
