Sofia Martins;+44 026588236
Sofia Gomes;+33 684749736
Sofia Silva;+49 428949997
Sofia Fernandes;+351 884935850
Sofia Fernandes;+33 879770184
Sofia Alves;+39 827255857
Sofia Pereira;+351 908575525
Sofia Ferreira;+33 728251092
Sofia Fernandes;+49 399248106
Sofia Ferreira;+351 958802094
Sofia Alves;+43 746297209
Sofia Martins;+33 051832509
Sofia Silva;+32 475220962
Sofia Fernandes;+43 291635777
Sofia Mendes;+32 438127169
Sofia Silva;+39 860076240
Sofia Mendes;+49 042501934
Sofia Gomes;+33 826711829
Sofia Silva;+41 909610829
Sofia Santos;+49 085048003
Sofia Gonçalves;+49 775943528
Sofia Silva;+33 289102456
Sofia Martins;+33 064489888
Sofia Fernandes;+44 121910560
Sofia Mendes;+39 914356804
Sofia Gomes;+39 407409310
Sofia Silva;+43 932613858
Sofia Martins;+32 953984124
Sofia Santos;+33 531737874
Sofia Ferreira;+41 310209032
Sofia Silva;+41 324814464
Sofia Silva;+39 896943280
Sofia Ferreira;+33 220029534
Sofia Gonçalves;+32 051206176
Sofia Santos;+39 006830173
Sofia Gomes;+41 105863331
Sofia Silva;+351 294989619
Sofia Pereira;+44 913637216
Sofia Alves;+39 595340227
Sofia Silva;+33 913878242
Sofia Santos;+33 518488313
Sofia Fernandes;+351 412627286
Sofia Mendes;+33 701863454
Sofia Alves;+32 487936839
Sofia Fernandes;+33 494112247
Sofia Fernandes;+39 192206073
Sofia Santos;+41 259585877
Sofia Santos;+49 195370872
Sofia Silva;+33 829113886
Sofia Gomes;+43 750604029
Sofia Pereira;+41 275933499
Sofia Alves;+33 615516771
Sofia Alves;+49 288154482
Sofia Silva;+49 594854384
Sofia Santos;+44 558092394
Sofia Ferreira;+41 151004894
Sofia Pereira;+43 665496055
Sofia Santos;+33 634942331
Sofia Ferreira;+33 869420034
Sofia Gomes;+351 746912131
Sofia Gonçalves;+39 515910220
Sofia Fernandes;+39 239723862
Sofia Fernandes;+39 741595977
Sofia Fernandes;+41 249618325
Sofia Alves;+49 227800991
Sofia Pereira;+33 572517479
Sofia Mendes;+32 039608485
Sofia Ferreira;+43 925222945
Sofia Martins;+32 584210694
Sofia Martins;+39 621909601
Sofia Fernandes;+44 990097123
Sofia Gonçalves;+43 457953326
Sofia Gonçalves;+44 061141421
Sofia Fernandes;+39 728538464
Sofia Martins;+44 111026848
Sofia Alves;+41 108706563
Sofia Gonçalves;+351 964036348
Sofia Santos;+39 127948053
Sofia Santos;+39 880779578
Sofia Santos;+49 558351769
Sofia Fernandes;+33 130575170
Sofia Martins;+49 806728915
Sofia Pereira;+351 590618557
Sofia Silva;+43 580658055
Sofia Martins;+41 248253656
Sofia Martins;+32 920840662
Sofia Gonçalves;+43 882688141
Sofia Gonçalves;+33 595509089
Sofia Gomes;+351 894163776
Sofia Ferreira;+43 489591879
Sofia Fernandes;+351 270084435
Sofia Ferreira;+43 683971153
Sofia Gonçalves;+49 062090359
Sofia Pereira;+33 153107064
Sofia Ferreira;+44 596368947
Sofia Silva;+32 078056347
Sofia Alves;+39 941295121
Sofia Mendes;+49 633319589
Sofia Gonçalves;+33 493258353
Sofia Martins;+32 637443064
