Carlos Ferreira;+33 594335298
Carlos Mendes;+32 580804440
Carlos Gomes;+41 085817540
Catarina Martins;+32 195327916
Catarina Silva;+44 928986663
Carlos Fernandes;+49 445039396
Carlos Martins;+43 494067964
Catarina Martins;+41 633369924
Catarina Santos;+351 350823672
Catarina Fernandes;+49 466360080
Catarina Martins;+41 657496513
Catarina Alves;+44 977039679
Carlos Gomes;+351 587161087
Catarina Santos;+32 239466101
Carlos Silva;+351 928337439
Catarina Martins;+39 531142884
Carlos Martins;+49 408960812
Carlos Fernandes;+39 362652781
Carlos Gonçalves;+33 768555150
Carlos Fernandes;+39 418075405
Carlos Gomes;+33 231753722
Carlos Fernandes;+49 844283809
Carlos Alves;+39 142145772
Carlos Santos;+41 859037861
Carlos Ferreira;+43 683847848
Carlos Mendes;+41 847221714
Carlos Ferreira;+41 876559566
Catarina Fernandes;+39 883854641
Carlos Gonçalves;+43 085895818
Catarina Mendes;+39 024598658
Carlos Pereira;+41 667075406
Catarina Mendes;+351 550258173
Carlos Mendes;+32 152235343
Carlos Pereira;+44 753984771
Carlos Alves;+49 652933248
Carlos Silva;+44 392149477
Carlos Ferreira;+41 661386483
Catarina Martins;+32 878082856
Carlos Mendes;+32 960680463
Carlos Silva;+33 592755937
Catarina Ferreira;+43 511723813
Catarina Pereira;+41 783623522
Carlos Gonçalves;+33 860167490
Carlos Alves;+43 249068136
Catarina Alves;+41 763466702
Carlos Santos;+33 449565832
Carlos Gonçalves;+351 177683810
Catarina Ferreira;+44 784049097
Catarina Gomes;+351 552381782
Carlos Mendes;+33 427032158
Carlos Pereira;+49 215114155
Catarina Santos;+41 057432843
Carlos Fernandes;+32 075998376
Catarina Martins;+351 132071489
Carlos Fernandes;+39 734781470
Catarina Ferreira;+43 687384324
Catarina Pereira;+32 337090404
Carlos Gomes;+43 594637421
Carlos Fernandes;+39 834379253
Carlos Santos;+39 031639571
Carlos Gomes;+44 502573714
Carlos Santos;+44 700775925
Catarina Alves;+32 879515231
Catarina Alves;+44 691602616
Catarina Fernandes;+39 927335316
Carlos Santos;+33 290514254
Carlos Gonçalves;+44 384934554
Carlos Gomes;+351 568652477
Carlos Fernandes;+351 851817399
Carlos Gonçalves;+44 440998834
Carlos Ferreira;+44 314433698
Carlos Silva;+39 062286052
Catarina Martins;+49 971937145
Carlos Alves;+44 835109248
Catarina Alves;+41 641951509
Carlos Martins;+351 796724243
Catarina Alves;+32 874701668
Catarina Silva;+44 337940472
Catarina Gonçalves;+41 590647700
Catarina Fernandes;+41 390944296
Carlos Martins;+351 410691482
Carlos Mendes;+33 834680872
Carlos Pereira;+32 561123209
Carlos Alves;+32 709091578
Catarina Gomes;+44 217327944
Carlos Gonçalves;+44 229130021
Carlos Martins;+39 412058497
Carlos Martins;+351 477466426
Catarina Santos;+351 706415572
Carlos Gomes;+39 315664435
Catarina Gonçalves;+32 094421323
Catarina Alves;+32 689316534
Catarina Gonçalves;+44 222660185
Carlos Santos;+351 126034360
Carlos Gomes;+43 828590300
Catarina Santos;+49 896860102
Carlos Alves;+351 704150816
Carlos Gomes;+41 936305118
Catarina Gomes;+33 422493833
Catarina Santos;+39 213223412
