Carlos Silva;+43 878145449
Catarina Pereira;+43 452990946
Carlos Gomes;+43 437027739
Catarina Ferreira;+41 072432826
Carlos Silva;+39 096568419
Carlos Pereira;+39 101894912
Carlos Ferreira;+41 211579010
Carlos Ferreira;+351 937426596
Catarina Fernandes;+39 776851040
Catarina Silva;+351 923446269
Catarina Santos;+44 849966907
Carlos Silva;+43 215964447
Carlos Silva;+41 360111016
Catarina Ferreira;+32 287037942
Catarina Alves;+41 657315790
Carlos Ferreira;+33 319985546
Carlos Mendes;+43 113115764
Carlos Fernandes;+49 952020973
Catarina Ferreira;+43 975631969
Catarina Alves;+33 343691972
Carlos Fernandes;+351 960444247
Carlos Silva;+43 928961602
Carlos Ferreira;+33 123195886
Catarina Ferreira;+49 044902071
Catarina Martins;+44 326414563
Catarina Santos;+32 826985147
Catarina Mendes;+43 961160239
Catarina Mendes;+49 300237668
Catarina Gonçalves;+351 809560470
Catarina Martins;+351 738441899
Carlos Santos;+41 061312037
Carlos Alves;+351 849444416
Catarina Pereira;+351 307460191
Catarina Gomes;+351 633019322
Carlos Pereira;+39 067193452
Catarina Silva;+49 468998347
Catarina Pereira;+32 936252808
Catarina Pereira;+351 344623140
Carlos Ferreira;+32 321390591
Carlos Santos;+43 868300747
Carlos Gomes;+32 725119023
Carlos Alves;+32 711582177
Catarina Silva;+41 537193986
Catarina Alves;+49 515731477
Catarina Martins;+43 006897293
Carlos Ferreira;+351 363285256
Catarina Ferreira;+39 454753692
Catarina Santos;+43 462069690
Carlos Martins;+351 697389677
Catarina Mendes;+32 212408702
Catarina Mendes;+43 109875875
Carlos Fernandes;+33 747240826
Carlos Mendes;+43 768156026
Catarina Ferreira;+43 738613792
Catarina Fernandes;+49 350136419
Carlos Gonçalves;+44 580505690
Catarina Gomes;+44 352819099
Carlos Gonçalves;+44 340186217
Catarina Ferreira;+41 550319621
Carlos Mendes;+43 268772615
Catarina Gonçalves;+43 071438175
Carlos Pereira;+39 663117358
Carlos Pereira;+351 137045525
Catarina Alves;+43 352487552
Catarina Martins;+43 360281462
Carlos Alves;+43 013257796
Carlos Gonçalves;+39 891796620
Catarina Silva;+351 904980391
Carlos Fernandes;+39 830958554
Carlos Martins;+39 925518454
Carlos Pereira;+49 312377993
Catarina Santos;+39 646539633
Carlos Silva;+351 346960889
Catarina Gomes;+44 259786461
Carlos Ferreira;+32 683124224
Carlos Ferreira;+351 356494468
Carlos Gonçalves;+43 285020151
Catarina Martins;+41 265583472
Carlos Pereira;+351 776049083
Catarina Santos;+32 026242630
Catarina Ferreira;+43 635574513
Catarina Alves;+41 170569834
Carlos Gonçalves;+351 221924150
Catarina Gonçalves;+41 284999677
Carlos Gonçalves;+43 621638153
Catarina Mendes;+43 291640503
Catarina Pereira;+33 815729244
Catarina Gomes;+49 635182563
Carlos Pereira;+32 039549204
Carlos Mendes;+32 444830566
Carlos Gomes;+41 675741105
Catarina Ferreira;+33 591251504
Catarina Silva;+351 396309201
Catarina Martins;+44 620881539
Carlos Alves;+32 572947554
Carlos Mendes;+33 437092706
Carlos Pereira;+32 189749357
Carlos Santos;+49 396882494
Catarina Alves;+33 519578148
Carlos Ferreira;+32 791254372
