Ana Pereira;+43 345674371
Ana Mendes;+49 314916633
Ana Gomes;+33 838422434
Ana Alves;+32 356268186
Ana Gonçalves;+32 279342120
Ana Fernandes;+39 254949022
Ana Ferreira;+43 438372645
Ana Ferreira;+33 447723479
Ana Alves;+32 290180093
Ana Silva;+44 958685311
Ana Mendes;+43 000357332
Ana Martins;+32 235315307
Ana Santos;+39 271698917
Ana Fernandes;+49 338610666
Ana Fernandes;+39 135010452
Ana Mendes;+43 315985810
Ana Silva;+32 421397496
Ana Pereira;+44 272549830
Ana Santos;+41 616089048
Ana Ferreira;+44 854190858
Ana Ferreira;+41 086778155
Ana Pereira;+49 819169245
Ana Fernandes;+43 056670947
Ana Fernandes;+44 398853709
Ana Pereira;+39 846227003
Ana Gonçalves;+41 259014253
Ana Martins;+32 254670754
Ana Gomes;+44 415828466
Ana Alves;+49 503322801
Ana Pereira;+49 518647963
Ana Martins;+41 706003148
Ana Pereira;+32 389179035
Ana Santos;+41 859388609
Ana Mendes;+41 467242387
Ana Gonçalves;+44 643797170
Ana Mendes;+43 243244795
Ana Silva;+32 385182005
Ana Gomes;+43 607951573
Ana Fernandes;+33 644174176
Ana Fernandes;+351 163551338
Ana Gonçalves;+41 851573943
Ana Silva;+41 399866018
Ana Alves;+33 878560912
Ana Alves;+39 535669482
Ana Santos;+44 725624722
Ana Gomes;+33 848724248
Ana Fernandes;+43 201944720
Ana Gonçalves;+41 803092098
Ana Ferreira;+41 137944587
Ana Ferreira;+43 331209801
Ana Fernandes;+351 616862162
Ana Santos;+32 556743799
Ana Santos;+44 461528672
Ana Pereira;+43 226793328
Ana Pereira;+32 717817309
Ana Mendes;+49 564551249
Ana Fernandes;+33 165727280
Ana Silva;+41 697974398
Ana Santos;+351 548498195
Ana Alves;+43 702107032
Ana Ferreira;+49 350900653
Ana Mendes;+43 590369416
Ana Gomes;+33 257266897
Ana Fernandes;+351 396895053
Ana Fernandes;+41 916474958
Ana Martins;+41 234158565
Ana Martins;+44 071246473
Ana Pereira;+44 333196403
Ana Silva;+41 956669273
Ana Gonçalves;+351 475820087
Ana Alves;+39 447857143
Ana Fernandes;+41 131219410
Ana Ferreira;+32 435057963
Ana Alves;+49 193907951
Ana Silva;+44 313736393
Ana Gonçalves;+44 814672628
Ana Silva;+44 685564779
Ana Alves;+39 139521366
Ana Ferreira;+32 127807736
Ana Alves;+351 854606029
Ana Pereira;+41 970465010
Ana Pereira;+43 599331972
Ana Fernandes;+44 650633211
Ana Martins;+32 757778646
Ana Silva;+39 727161959
Ana Fernandes;+41 915191187
Ana Ferreira;+32 516997486
Ana Fernandes;+49 872540677
Ana Ferreira;+32 467475192
Ana Alves;+39 835855485
Ana Pereira;+32 244702897
Ana Alves;+44 368215013
Ana Martins;+43 815768293
Ana Mendes;+41 079753989
Ana Mendes;+33 249208122
Ana Mendes;+49 724447692
Ana Gonçalves;+39 173016686
Ana Ferreira;+33 227713521
Ana Santos;+43 021069436
Ana Alves;+33 839267441
