Ana Silva;+41 398735210
Ana Martins;+43 814756983
Ana Silva;+44 872087509
Ana Santos;+32 550503733
Ana Gomes;+351 262297102
Ana Fernandes;+41 725737204
Ana Silva;+49 156390689
Ana Ferreira;+32 101751524
Ana Silva;+43 367486730
Ana Martins;+44 683562014
Ana Martins;+41 825753467
Ana Gonçalves;+41 880181646
Ana Silva;+49 901486041
Ana Silva;+33 339609822
Ana Martins;+32 327738515
Ana Martins;+32 690918214
Ana Alves;+351 145166083
Ana Gonçalves;+44 193685251
Ana Gonçalves;+41 594102640
Ana Mendes;+33 266041585
Ana Alves;+33 909649387
Ana Ferreira;+43 045681154
Ana Santos;+351 518815335
Ana Alves;+39 181906565
Ana Fernandes;+39 224107015
Ana Ferreira;+43 809555180
Ana Gomes;+39 420983099
Ana Santos;+44 177826098
Ana Silva;+39 259810524
Ana Alves;+43 284309876
Ana Gomes;+351 679810450
Ana Gonçalves;+351 023306247
Ana Alves;+39 348756323
Ana Fernandes;+33 845917675
Ana Martins;+33 466862040
Ana Silva;+49 640027068
Ana Ferreira;+39 190116825
Ana Ferreira;+44 151104210
Ana Fernandes;+49 674202914
Ana Gomes;+41 729673672
Ana Santos;+351 727781591
Ana Alves;+43 166391684
Ana Alves;+49 196431523
Ana Ferreira;+44 462411624
Ana Gomes;+49 088730968
Ana Gonçalves;+351 983852568
Ana Martins;+49 558868583
Ana Mendes;+41 160555818
Ana Fernandes;+49 534148169
Ana Santos;+44 322153269
Ana Ferreira;+44 609120004
Ana Gonçalves;+32 144612510
Ana Gomes;+351 956016427
Ana Fernandes;+39 861544680
Ana Martins;+41 820593652
Ana Alves;+351 187637811
Ana Martins;+351 984061468
Ana Ferreira;+49 172940882
Ana Silva;+44 293607240
Ana Silva;+43 704646014
Ana Silva;+39 245435506
Ana Santos;+33 793537353
Ana Ferreira;+41 263183751
Ana Santos;+41 798407517
Ana Mendes;+49 324218820
Ana Santos;+39 762930280
Ana Alves;+44 150072843
Ana Mendes;+49 204204325
Ana Martins;+39 165964877
Ana Gomes;+39 452642697
Ana Santos;+351 931627762
Ana Gonçalves;+41 036640158
Ana Gomes;+49 950847051
Ana Pereira;+39 330437363
Ana Ferreira;+33 395636982
Ana Mendes;+32 324290416
Ana Ferreira;+351 587690158
Ana Fernandes;+49 779641614
Ana Mendes;+39 786226653
Ana Ferreira;+39 662458743
Ana Santos;+49 571940633
Ana Santos;+351 662143945
Ana Pereira;+43 741858660
Ana Mendes;+43 973192409
Ana Mendes;+32 399120838
Ana Silva;+44 701114806
Ana Fernandes;+43 888458615
Ana Gomes;+32 828777180
Ana Ferreira;+33 525986349
Ana Martins;+351 161584933
Ana Ferreira;+43 273305724
Ana Ferreira;+43 125397316
Ana Ferreira;+33 723037396
Ana Mendes;+33 631633822
Ana Fernandes;+41 667147169
Ana Fernandes;+49 260910780
Ana Fernandes;+43 539733411
Ana Ferreira;+44 210612633
Ana Alves;+41 320775576
Ana Santos;+33 928910563
