Ana Gonçalves;+39 665182344
Ana Mendes;+33 430913412
Ana Gonçalves;+44 973078779
Ana Santos;+32 143259830
Ana Santos;+44 396647276
Ana Gomes;+43 971753567
Ana Fernandes;+39 266404347
Ana Alves;+39 481318996
Ana Silva;+44 882307745
Ana Alves;+49 086974764
Ana Santos;+39 127027946
Ana Santos;+39 629824709
Ana Alves;+44 258654662
Ana Mendes;+43 252966241
Ana Pereira;+39 779934160
Ana Ferreira;+351 884678658
Ana Gonçalves;+39 465657471
Ana Santos;+39 891772665
Ana Mendes;+49 231521068
Ana Mendes;+41 040334687
Ana Gonçalves;+39 396771137
Ana Mendes;+33 346211648
Ana Pereira;+33 908814053
Ana Martins;+44 612540092
Ana Fernandes;+49 457188094
Ana Gomes;+32 399151194
Ana Santos;+41 175222605
Ana Gonçalves;+49 963053957
Ana Mendes;+32 363790462
Ana Santos;+44 167379930
Ana Gonçalves;+43 428540690
Ana Santos;+43 644492306
Ana Santos;+33 719562758
Ana Santos;+44 377005255
Ana Gomes;+32 572932688
Ana Alves;+351 835628683
Ana Silva;+41 418780790
Ana Gonçalves;+33 087436508
Ana Gonçalves;+39 908890301
Ana Santos;+32 160382945
Ana Silva;+41 049575002
Ana Ferreira;+39 207987916
Ana Silva;+39 256236299
Ana Martins;+44 220048102
Ana Gonçalves;+33 205462927
Ana Santos;+39 619808534
Ana Fernandes;+32 778435405
Ana Martins;+43 547756966
Ana Fernandes;+49 580912843
Ana Gomes;+44 945215084
Ana Martins;+32 593986359
Ana Santos;+41 827771466
Ana Martins;+33 987002400
Ana Gonçalves;+44 846399246
Ana Mendes;+33 486102656
Ana Silva;+44 900488349
Ana Gomes;+33 227198104
Ana Ferreira;+49 537318095
Ana Gomes;+33 948529730
Ana Pereira;+351 572530144
Ana Martins;+41 887848737
Ana Martins;+44 960775728
Ana Gonçalves;+41 804545742
Ana Pereira;+49 160013147
Ana Mendes;+351 857314195
Ana Alves;+39 797462457
Ana Gomes;+44 312283663
Ana Pereira;+33 158316144
Ana Mendes;+49 804624333
Ana Ferreira;+43 841318121
Ana Santos;+351 841882533
Ana Ferreira;+43 555445470
Ana Martins;+49 417873085
Ana Silva;+43 302244550
Ana Gonçalves;+44 252382149
Ana Martins;+43 992232475
Ana Pereira;+44 235197442
Ana Fernandes;+33 226429758
Ana Silva;+49 368248825
Ana Mendes;+32 123964470
Ana Gomes;+43 639592379
Ana Silva;+351 762565283
Ana Martins;+351 407826655
Ana Santos;+49 738515745
Ana Gomes;+41 067682595
Ana Martins;+39 740308088
Ana Fernandes;+33 154433021
Ana Ferreira;+39 748135798
Ana Martins;+44 970749900
Ana Alves;+32 442831582
Ana Alves;+33 411781563
Ana Gonçalves;+49 671578961
Ana Gonçalves;+39 103540914
Ana Gomes;+351 753740984
Ana Fernandes;+33 416941940
Ana Mendes;+33 383770781
Ana Pereira;+41 908874466
Ana Gonçalves;+43 219781764
Ana Mendes;+39 688520960
Ana Ferreira;+49 072592007
