Sofia Mendes;+32 717662380
Sofia Alves;+44 043416503
Sofia Pereira;+49 313646997
Sofia Martins;+43 313658981
Sofia Mendes;+41 197941579
Sofia Alves;+43 134880627
Sofia Gomes;+351 574066326
Sofia Gonçalves;+32 405065739
Sofia Santos;+33 873741857
Sofia Fernandes;+39 322413623
Sofia Alves;+43 690318026
Sofia Pereira;+32 789633475
Sofia Santos;+49 828494594
Sofia Fernandes;+43 975366850
Sofia Santos;+41 747347902
Sofia Alves;+351 091187727
Sofia Ferreira;+351 114449322
Sofia Ferreira;+41 921073598
Sofia Martins;+43 763925359
Sofia Alves;+44 149114238
Sofia Mendes;+351 266640983
Sofia Mendes;+33 809030044
Sofia Mendes;+351 361600799
Sofia Fernandes;+43 138334585
Sofia Gomes;+44 023367374
Sofia Ferreira;+351 751434491
Sofia Gonçalves;+39 761361551
Sofia Alves;+49 763991898
Sofia Gomes;+41 495342231
Sofia Mendes;+351 647063995
Sofia Pereira;+39 573899310
Sofia Ferreira;+39 779841527
Sofia Alves;+44 055917610
Sofia Alves;+351 071597398
Sofia Fernandes;+44 694318700
Sofia Martins;+33 139289569
Sofia Martins;+41 817553956
Sofia Pereira;+351 094698604
Sofia Mendes;+39 109958707
Sofia Martins;+44 612086094
Sofia Santos;+33 860295307
Sofia Pereira;+32 802880577
Sofia Pereira;+41 826920797
Sofia Pereira;+49 438357489
Sofia Gonçalves;+39 036413014
Sofia Ferreira;+49 639487967
Sofia Pereira;+41 964844429
Sofia Gomes;+32 441600819
Sofia Gomes;+44 912101117
Sofia Martins;+39 674389095
Sofia Gomes;+32 287737172
Sofia Gonçalves;+39 511115309
Sofia Santos;+41 426764786
Sofia Martins;+33 902947944
Sofia Santos;+49 955527814
Sofia Fernandes;+44 561799113
Sofia Mendes;+39 963183634
Sofia Pereira;+43 869613016
Sofia Pereira;+351 547978657
Sofia Gomes;+39 365002403
Sofia Alves;+49 314466687
Sofia Silva;+44 765339951
Sofia Gonçalves;+39 498731185
Sofia Gonçalves;+33 015422831
Sofia Martins;+33 723874226
Sofia Ferreira;+39 068693288
Sofia Gonçalves;+44 949904687
Sofia Martins;+43 658257870
Sofia Gonçalves;+33 942866966
Sofia Santos;+49 777815620
Sofia Gomes;+32 144261237
Sofia Fernandes;+41 713695797
Sofia Santos;+33 476036609
Sofia Gomes;+32 564645865
Sofia Pereira;+49 161144415
Sofia Martins;+351 148230090
Sofia Martins;+44 622178264
Sofia Pereira;+39 977580217
Sofia Santos;+41 001469318
Sofia Ferreira;+44 145416496
Sofia Ferreira;+32 143372216
Sofia Santos;+32 740292031
Sofia Gomes;+44 048738144
Sofia Ferreira;+39 807627156
Sofia Fernandes;+49 505947204
Sofia Alves;+39 292963869
Sofia Alves;+44 713564836
Sofia Gomes;+41 126513426
Sofia Gomes;+49 467781314
Sofia Ferreira;+49 015413631
Sofia Martins;+41 499367807
Sofia Martins;+49 751020819
Sofia Alves;+32 216702822
Sofia Alves;+39 211175379
Sofia Gomes;+41 960671518
Sofia Ferreira;+43 308188643
Sofia Ferreira;+43 705109914
Sofia Silva;+44 066145474
Sofia Martins;+44 583375091
Sofia Pereira;+39 397150242
