Sofia Pereira;+43 732268998
Sofia Martins;+43 910100183
Sofia Ferreira;+351 491332215
Sofia Ferreira;+39 075118047
Sofia Martins;+44 430781144
Sofia Gomes;+49 186626249
Sofia Gomes;+39 267076104
Sofia Ferreira;+351 611463084
Sofia Gomes;+41 543588423
Sofia Alves;+33 494265047
Sofia Pereira;+44 086685784
Sofia Alves;+44 004130764
Sofia Santos;+351 451543077
Sofia Alves;+43 923489591
Sofia Silva;+41 332719386
Sofia Fernandes;+43 007289294
Sofia Mendes;+44 861978574
Sofia Martins;+32 966799209
Sofia Mendes;+44 622690820
Sofia Santos;+41 708140731
Sofia Pereira;+351 865882361
Sofia Fernandes;+32 942598923
Sofia Mendes;+39 903771982
Sofia Pereira;+44 848908642
Sofia Silva;+33 290169611
Sofia Martins;+44 597031237
Sofia Pereira;+32 243943141
Sofia Fernandes;+44 778041816
Sofia Santos;+33 824856456
Sofia Fernandes;+44 875748201
Sofia Gomes;+41 817253813
Sofia Ferreira;+41 949523280
Sofia Pereira;+49 697890503
Sofia Pereira;+43 021480736
Sofia Silva;+351 348425448
Sofia Ferreira;+49 394740374
Sofia Silva;+32 758301324
Sofia Alves;+351 593336619
Sofia Santos;+32 909095346
Sofia Mendes;+44 058967579
Sofia Gomes;+39 083412089
Sofia Gomes;+32 517424568
Sofia Mendes;+44 802307563
Sofia Fernandes;+41 299725040
Sofia Gonçalves;+39 824537042
Sofia Gonçalves;+49 559718118
Sofia Gomes;+43 665707858
Sofia Silva;+49 230844052
Sofia Ferreira;+43 053737695
Sofia Mendes;+43 127565902
Sofia Pereira;+44 103935032
Sofia Santos;+33 872254154
Sofia Santos;+32 676414788
Sofia Pereira;+33 815615972
Sofia Martins;+39 090685352
Sofia Gomes;+32 096545566
Sofia Gomes;+33 462089595
Sofia Martins;+351 706139920
Sofia Martins;+32 498637102
Sofia Gonçalves;+49 366178375
Sofia Gonçalves;+49 398505380
Sofia Fernandes;+32 789111596
Sofia Fernandes;+32 266431114
Sofia Martins;+39 574078892
Sofia Ferreira;+43 826436624
Sofia Ferreira;+49 180616808
Sofia Silva;+43 417787115
Sofia Fernandes;+33 546647923
Sofia Silva;+44 352791068
Sofia Pereira;+33 389964589
Sofia Alves;+41 631006517
Sofia Gomes;+39 796238675
Sofia Alves;+43 439326760
Sofia Fernandes;+33 633932001
Sofia Mendes;+32 118097475
Sofia Silva;+33 028497760
Sofia Gomes;+33 628643718
Sofia Pereira;+44 009204990
Sofia Silva;+44 719436263
Sofia Martins;+33 787069802
Sofia Martins;+43 961064660
Sofia Mendes;+41 638207911
Sofia Santos;+41 070941613
Sofia Ferreira;+49 381144929
Sofia Martins;+32 572335151
Sofia Mendes;+32 573218156
Sofia Santos;+43 713080873
Sofia Ferreira;+49 126396987
Sofia Gomes;+39 776699601
Sofia Mendes;+41 549070029
Sofia Santos;+41 374984993
Sofia Santos;+43 970963774
Sofia Alves;+43 848595527
Sofia Alves;+33 455624171
Sofia Gonçalves;+39 042170065
Sofia Fernandes;+43 663425723
Sofia Fernandes;+32 447860273
Sofia Silva;+351 283667540
Sofia Mendes;+351 745466707
Sofia Ferreira;+44 795822847
