Ricardo Martins;+44 647602076
Ricardo Gomes;+44 892266145
Ricardo Mendes;+33 364999867
Rui Mendes;+33 627592537
Rui Gonçalves;+43 003302441
Rui Alves;+351 176748159
Rui Fernandes;+32 325457098
Ricardo Fernandes;+351 269427053
Ricardo Santos;+49 399309410
Ricardo Martins;+33 415309744
Rui Fernandes;+32 657235038
Ricardo Gomes;+33 150478506
Rui Gomes;+39 442250509
Rui Pereira;+33 447967592
Ricardo Gonçalves;+44 271654743
Rui Ferreira;+39 560143230
Ricardo Gonçalves;+43 305553307
Rui Fernandes;+43 096664705
Rui Santos;+351 867616146
Rui Alves;+41 384178315
Rui Gonçalves;+32 918538981
Ricardo Gomes;+44 846273803
Ricardo Martins;+44 940576283
Ricardo Santos;+41 592554841
Ricardo Santos;+43 107594270
Ricardo Gonçalves;+41 881539427
Rui Gonçalves;+44 374284901
Ricardo Silva;+351 130207242
Ricardo Silva;+41 591295606
Rui Martins;+43 614664829
Ricardo Gonçalves;+32 433271769
Rui Martins;+41 059694463
Ricardo Pereira;+44 777755767
Rui Fernandes;+33 372627738
Rui Ferreira;+33 523957135
Ricardo Gomes;+49 260332510
Ricardo Gonçalves;+33 838508006
Ricardo Pereira;+43 005286794
Rui Gonçalves;+41 214737527
Rui Martins;+32 997560830
Ricardo Fernandes;+39 708875361
Ricardo Ferreira;+351 452756793
Rui Martins;+43 930186580
Rui Gomes;+351 969987058
Ricardo Mendes;+39 021402852
Rui Gonçalves;+32 262350390
Rui Gonçalves;+49 874072166
Rui Ferreira;+351 773102940
Rui Fernandes;+49 657508434
Ricardo Gomes;+49 706660766
Ricardo Pereira;+43 549108533
Ricardo Santos;+43 460673348
Ricardo Pereira;+351 639018144
Rui Mendes;+49 364397400
Rui Gonçalves;+33 770268603
Rui Ferreira;+41 038984943
Rui Martins;+32 198151946
Rui Silva;+44 073708915
Rui Alves;+44 344374536
Rui Fernandes;+41 222991973
Ricardo Alves;+39 453497668
Rui Silva;+44 007271097
Ricardo Pereira;+44 746816088
Ricardo Santos;+44 012704466
Ricardo Fernandes;+351 174822155
Ricardo Martins;+39 410991162
Rui Alves;+49 082949986
Ricardo Alves;+32 366101137
Ricardo Fernandes;+44 368827925
Rui Mendes;+43 372859613
Ricardo Pereira;+49 391121942
Rui Mendes;+43 119096484
Ricardo Martins;+49 950642901
Rui Ferreira;+32 546806318
Rui Gomes;+32 380808200
Rui Santos;+32 988946786
Rui Silva;+33 491216789
Ricardo Ferreira;+39 833316316
Rui Martins;+49 766733020
Ricardo Ferreira;+41 878912133
Ricardo Gomes;+41 554403101
Rui Alves;+351 460539136
Ricardo Martins;+43 288274339
Rui Fernandes;+44 591921322
Ricardo Silva;+44 009273738
Rui Martins;+43 984260225
Rui Santos;+43 507672149
Rui Pereira;+44 761884663
Ricardo Ferreira;+43 539630082
Rui Ferreira;+351 026619672
Ricardo Ferreira;+49 048165874
Rui Gomes;+33 903933709
Ricardo Alves;+33 534752361
Rui Silva;+32 500223066
Ricardo Fernandes;+33 711063797
Rui Alves;+41 933647088
Ricardo Santos;+44 545766241
Rui Santos;+32 910044764
Rui Santos;+44 480765633
Ricardo Fernandes;+43 342664846
