Catarina Gomes;+49 768385473
Catarina Fernandes;+33 438802294
Carlos Pereira;+33 984938685
Catarina Fernandes;+39 532652291
Carlos Silva;+49 813557485
Catarina Fernandes;+33 947235480
Carlos Silva;+39 720933285
Carlos Alves;+351 416041904
Catarina Silva;+39 435813234
Catarina Fernandes;+41 859354071
Catarina Mendes;+32 775132813
Carlos Mendes;+44 674561355
Catarina Fernandes;+32 249845505
Carlos Alves;+39 794234227
Catarina Ferreira;+43 484097047
Carlos Alves;+43 576357087
Carlos Martins;+351 826376499
Catarina Ferreira;+351 231757978
Carlos Silva;+39 218489051
Catarina Santos;+32 600029303
Carlos Ferreira;+39 590562733
Carlos Pereira;+351 468310651
Catarina Gomes;+41 168833997
Catarina Ferreira;+44 678810783
Carlos Ferreira;+41 663304315
Carlos Fernandes;+49 952550313
Catarina Silva;+39 935188595
Carlos Martins;+351 228124922
Catarina Fernandes;+44 033594960
Catarina Silva;+44 568021692
Catarina Pereira;+32 046409303
Carlos Ferreira;+41 929291989
Catarina Mendes;+43 179748066
Carlos Ferreira;+43 665541541
Catarina Silva;+41 010964333
Carlos Mendes;+49 809194580
Carlos Ferreira;+32 579689730
Carlos Gonçalves;+351 699785256
Catarina Alves;+33 523648401
Catarina Gomes;+49 293495345
Catarina Mendes;+39 656972029
Carlos Pereira;+32 206557310
Catarina Alves;+43 828966760
Catarina Gonçalves;+49 039250756
Carlos Pereira;+41 651476711
Carlos Silva;+32 966461898
Carlos Gomes;+41 826713160
Carlos Martins;+33 241797794
Catarina Gonçalves;+351 249188305
Catarina Santos;+43 162935508
Catarina Silva;+43 099655256
Carlos Pereira;+44 703759215
Carlos Gomes;+49 677365854
Carlos Pereira;+351 795920858
Catarina Silva;+43 695027707
Catarina Pereira;+33 105209549
Catarina Ferreira;+41 079784168
Catarina Alves;+44 928958972
Catarina Santos;+49 313860060
Catarina Gomes;+49 732724702
Catarina Silva;+351 812316677
Catarina Fernandes;+33 120935872
Carlos Fernandes;+39 527795030
Catarina Martins;+43 075350481
Catarina Ferreira;+41 214407888
Catarina Gonçalves;+44 744721768
Catarina Silva;+44 094548446
Carlos Mendes;+49 268160240
Catarina Gonçalves;+41 741309010
Catarina Fernandes;+351 650345452
Carlos Santos;+43 660128350
Catarina Gomes;+44 003797911
Carlos Gonçalves;+44 141755554
Carlos Alves;+351 413281165
Catarina Gonçalves;+41 203210041
Catarina Fernandes;+351 837592577
Catarina Gomes;+49 903352686
Carlos Santos;+49 751726670
Catarina Fernandes;+41 770505197
Carlos Gonçalves;+32 434763099
Catarina Gonçalves;+39 334389865
Carlos Mendes;+49 382404225
Carlos Martins;+41 785852253
Carlos Silva;+351 296738180
Catarina Martins;+33 433955673
Carlos Pereira;+41 172313296
Catarina Pereira;+41 949551528
Catarina Fernandes;+41 760218006
Catarina Gonçalves;+33 237981761
Carlos Alves;+33 660881633
Carlos Pereira;+41 382268395
Catarina Gonçalves;+33 476329340
Catarina Mendes;+43 520068626
Carlos Gomes;+49 475675707
Catarina Silva;+351 705604475
Carlos Martins;+39 596027005
Catarina Alves;+41 039741715
Carlos Santos;+351 784513647
Catarina Ferreira;+32 815060741
Carlos Alves;+49 834551317
