Ana Alves;+351 852208674
Ana Ferreira;+351 498458635
Ana Fernandes;+351 566762119
Ana Fernandes;+41 481907161
Ana Martins;+33 813040225
Ana Ferreira;+49 258130624
Ana Santos;+39 226617563
Ana Mendes;+49 479355731
Ana Fernandes;+44 037759674
Ana Silva;+41 028845847
Ana Ferreira;+41 325055995
Ana Mendes;+49 011607090
Ana Gomes;+44 301738157
Ana Silva;+32 240902302
Ana Silva;+351 734455680
Ana Mendes;+41 333328434
Ana Santos;+49 009201949
Ana Santos;+41 930087352
Ana Martins;+32 079735022
Ana Pereira;+351 744696514
Ana Fernandes;+43 221709027
Ana Alves;+44 102687453
Ana Santos;+41 365211165
Ana Ferreira;+32 155676066
Ana Silva;+351 186076360
Ana Fernandes;+39 885059398
Ana Gonçalves;+32 639226840
Ana Martins;+41 409824799
Ana Santos;+32 913380672
Ana Martins;+351 275143350
Ana Gonçalves;+33 236039568
Ana Pereira;+39 595206023
Ana Silva;+44 599799287
Ana Ferreira;+44 948669230
Ana Fernandes;+39 080541280
Ana Fernandes;+44 794944787
Ana Ferreira;+33 687021934
Ana Gomes;+43 743451447
Ana Santos;+39 166116811
Ana Martins;+43 979553780
Ana Ferreira;+39 952719074
Ana Ferreira;+49 275494669
Ana Silva;+43 112436457
Ana Gomes;+44 135248524
Ana Martins;+33 816243519
Ana Pereira;+41 734166294
Ana Gonçalves;+43 865480463
Ana Silva;+351 553593191
Ana Alves;+44 252962795
Ana Martins;+41 094579596
Ana Gomes;+351 083576636
Ana Martins;+49 297308850
Ana Alves;+44 255713374
Ana Gonçalves;+43 501801741
Ana Alves;+33 916583926
Ana Ferreira;+41 938420399
Ana Gonçalves;+39 711436253
Ana Pereira;+43 006370234
Ana Santos;+44 758773737
Ana Alves;+39 370957926
Ana Pereira;+33 484705473
Ana Fernandes;+43 624266317
Ana Fernandes;+49 927418975
Ana Martins;+39 331083455
Ana Mendes;+44 948203352
Ana Martins;+44 283725519
Ana Mendes;+44 688952568
Ana Gomes;+43 591972659
Ana Santos;+351 028722461
Ana Ferreira;+43 107198904
Ana Santos;+44 319698240
Ana Ferreira;+44 246782593
Ana Pereira;+44 215704402
Ana Martins;+32 122768445
Ana Mendes;+32 288566693
Ana Martins;+41 321802458
Ana Gonçalves;+43 134203351
Ana Gomes;+41 843677745
Ana Mendes;+43 404984145
Ana Fernandes;+351 166373313
Ana Mendes;+33 091249252
Ana Martins;+33 772132616
Ana Ferreira;+49 945782693
Ana Silva;+44 337699879
Ana Alves;+49 821451635
Ana Alves;+44 632544613
Ana Mendes;+351 331193205
Ana Santos;+49 495094872
Ana Alves;+33 969167733
Ana Pereira;+39 865983439
Ana Gonçalves;+43 562811921
Ana Ferreira;+32 204544730
Ana Santos;+43 344484410
Ana Santos;+49 991323585
Ana Silva;+33 573650702
Ana Silva;+351 909265205
Ana Silva;+39 257078520
Ana Pereira;+351 305798671
Ana Alves;+49 407613787
Ana Ferreira;+41 447947022
