Ana Pereira;+43 154853940
Ana Mendes;+32 272116603
Ana Fernandes;+351 184355516
Ana Gonçalves;+32 039103338
Ana Alves;+44 611886567
Ana Fernandes;+32 073446958
Ana Pereira;+44 322078534
Ana Gonçalves;+39 240888693
Ana Martins;+44 954868707
Ana Gonçalves;+33 654217800
Ana Ferreira;+351 862709879
Ana Pereira;+43 924156789
Ana Gomes;+351 012613942
Ana Ferreira;+39 196722384
Ana Alves;+39 576701046
Ana Fernandes;+44 183109868
Ana Silva;+39 257784095
Ana Mendes;+44 008242527
Ana Mendes;+351 465568928
Ana Martins;+351 178034131
Ana Fernandes;+33 958391562
Ana Gonçalves;+351 946100170
Ana Ferreira;+43 264184002
Ana Santos;+41 938936470
Ana Silva;+33 214551189
Ana Gonçalves;+44 166478130
Ana Silva;+41 803649173
Ana Alves;+33 713354397
Ana Santos;+39 153100356
Ana Silva;+49 970948172
Ana Martins;+43 355176535
Ana Silva;+44 818198661
Ana Alves;+39 876418585
Ana Pereira;+32 492076927
Ana Mendes;+351 781052290
Ana Pereira;+44 969184900
Ana Gonçalves;+49 308997952
Ana Martins;+39 925318921
Ana Martins;+32 716062455
Ana Ferreira;+351 544803615
Ana Martins;+39 619188974
Ana Mendes;+41 529928174
Ana Pereira;+32 657693998
Ana Fernandes;+39 629255567
Ana Ferreira;+49 921591542
Ana Gomes;+44 459482041
Ana Gonçalves;+39 056957924
Ana Gonçalves;+351 726843329
Ana Alves;+32 250376559
Ana Gomes;+43 134214771
Ana Pereira;+351 591388399
Ana Santos;+44 775129659
Ana Fernandes;+33 979288203
Ana Fernandes;+33 239707782
Ana Pereira;+43 680403720
Ana Pereira;+33 726245058
Ana Alves;+351 197131369
Ana Mendes;+39 663713261
Ana Silva;+44 358908375
Ana Silva;+44 486890245
Ana Pereira;+43 163818899
Ana Mendes;+32 366556078
Ana Ferreira;+351 572033132
Ana Martins;+44 126200829
Ana Gomes;+32 249584573
Ana Mendes;+43 215098180
Ana Ferreira;+351 637539238
Ana Silva;+44 712011529
Ana Alves;+33 335835363
Ana Alves;+44 835883046
Ana Martins;+44 041839642
Ana Gomes;+39 876699756
Ana Gonçalves;+49 641189917
Ana Gonçalves;+41 015663983
Ana Alves;+32 694232984
Ana Pereira;+49 777174038
Ana Silva;+351 120386413
Ana Fernandes;+33 842665259
Ana Ferreira;+43 988092232
Ana Alves;+41 826040157
Ana Pereira;+49 722098927
Ana Pereira;+33 772400828
Ana Mendes;+33 574844065
Ana Pereira;+49 372033278
Ana Gomes;+39 083007202
Ana Ferreira;+33 121094796
Ana Fernandes;+49 207742322
Ana Fernandes;+41 481802444
Ana Martins;+44 411476841
Ana Mendes;+41 593050834
Ana Ferreira;+33 045959497
Ana Mendes;+351 481281877
Ana Santos;+351 129188528
Ana Martins;+351 542280943
Ana Gomes;+41 014617777
Ana Alves;+43 218245693
Ana Ferreira;+33 967200666
Ana Gonçalves;+49 371727727
Ana Pereira;+44 414091588
Ana Gonçalves;+32 538132287
