Ana Gonçalves;+351 902789215
Ana Ferreira;+49 641119442
Ana Mendes;+32 013335659
Ana Silva;+32 713845584
Ana Gomes;+44 728655081
Ana Fernandes;+41 938397604
Ana Ferreira;+39 901893205
Ana Mendes;+44 058358784
Ana Santos;+33 803406408
Ana Silva;+39 188423583
Ana Martins;+39 551855273
Ana Ferreira;+32 929124797
Ana Mendes;+43 685256953
Ana Fernandes;+33 877576331
Ana Pereira;+33 961769894
Ana Martins;+32 144462058
Ana Martins;+32 534119011
Ana Silva;+39 981701062
Ana Gomes;+351 372079879
Ana Mendes;+39 403382708
Ana Fernandes;+44 867776418
Ana Fernandes;+351 739993094
Ana Martins;+351 107137041
Ana Silva;+44 258559942
Ana Gomes;+32 570558366
Ana Gonçalves;+41 856494761
Ana Ferreira;+39 312326284
Ana Silva;+44 419983513
Ana Gonçalves;+41 274607201
Ana Martins;+32 955279782
Ana Silva;+43 773558762
Ana Gonçalves;+49 167984920
Ana Ferreira;+44 114945718
Ana Gomes;+39 559664933
Ana Alves;+33 099317803
Ana Gonçalves;+49 652295072
Ana Santos;+44 408727727
Ana Gonçalves;+44 322939610
Ana Gomes;+49 408952521
Ana Alves;+39 633951751
Ana Fernandes;+39 725957816
Ana Gomes;+351 568539071
Ana Santos;+41 761461364
Ana Santos;+33 798878802
Ana Fernandes;+32 663569203
Ana Santos;+43 093332109
Ana Fernandes;+351 070421094
Ana Fernandes;+39 607451004
Ana Fernandes;+33 572998378
Ana Alves;+43 209537624
Ana Santos;+43 786241413
Ana Silva;+351 540590779
Ana Gomes;+33 555427807
Ana Fernandes;+39 523724309
Ana Silva;+41 227925794
Ana Gonçalves;+41 429230878
Ana Alves;+39 899910272
Ana Ferreira;+44 559308881
Ana Mendes;+44 445598303
Ana Fernandes;+33 582095020
Ana Gomes;+49 898287675
Ana Martins;+43 115337896
Ana Gonçalves;+39 097289219
Ana Gomes;+41 251628709
Ana Ferreira;+49 546842898
Ana Pereira;+351 073022436
Ana Alves;+43 497583514
Ana Martins;+44 934509271
Ana Alves;+41 940283106
Ana Fernandes;+41 469090014
Ana Martins;+43 889810455
Ana Alves;+41 361028515
Ana Gonçalves;+41 426209912
Ana Fernandes;+33 924362738
Ana Gomes;+41 773212397
Ana Martins;+32 070846266
Ana Martins;+43 003132056
Ana Gomes;+49 392059927
Ana Alves;+39 198277549
Ana Martins;+49 165130574
Ana Santos;+351 896436885
Ana Martins;+44 033470399
Ana Fernandes;+44 225689721
Ana Mendes;+33 497671257
Ana Martins;+32 576338788
Ana Mendes;+43 379535410
Ana Gonçalves;+39 044206671
Ana Mendes;+33 831170588
Ana Fernandes;+44 464808784
Ana Martins;+44 674562534
Ana Ferreira;+32 548301378
Ana Silva;+32 529717559
Ana Silva;+44 788505161
Ana Gomes;+41 737156871
Ana Silva;+32 719053630
Ana Martins;+49 386337982
Ana Gomes;+44 958689008
Ana Gomes;+351 543656916
Ana Silva;+39 215390351
Ana Fernandes;+32 568586443
