Catarina Gomes;+39 261908830
Catarina Gonçalves;+351 390891517
Catarina Martins;+43 253971818
Carlos Silva;+351 532093953
Carlos Alves;+33 939837177
Catarina Gomes;+43 638730989
Catarina Fernandes;+39 826431183
Catarina Gomes;+39 739890447
Carlos Santos;+351 022655335
Catarina Martins;+43 842344747
Carlos Gonçalves;+39 056659087
Catarina Santos;+44 396655241
Carlos Santos;+41 066939967
Catarina Silva;+43 776140535
Catarina Silva;+39 249132361
Catarina Alves;+33 473970066
Carlos Alves;+41 608633255
Catarina Pereira;+39 845946096
Carlos Fernandes;+41 229232493
Catarina Silva;+41 842345230
Carlos Fernandes;+43 813210048
Catarina Ferreira;+43 774975901
Catarina Ferreira;+39 322265483
Catarina Gonçalves;+39 577007006
Carlos Gonçalves;+43 497783099
Catarina Fernandes;+33 442526239
Catarina Gonçalves;+44 436197220
Catarina Gomes;+33 183403472
Carlos Ferreira;+49 717476277
Catarina Pereira;+351 367451899
Catarina Silva;+44 962518595
Catarina Gonçalves;+43 844672978
Carlos Gonçalves;+33 176092917
Carlos Gonçalves;+33 317941199
Carlos Alves;+32 140219680
Catarina Fernandes;+32 865216151
Carlos Pereira;+32 480282330
Catarina Ferreira;+49 833424076
Catarina Alves;+41 040819081
Catarina Mendes;+33 242135580
Catarina Gonçalves;+39 583881470
Catarina Martins;+43 347449189
Catarina Fernandes;+32 493129763
Carlos Gonçalves;+39 600601787
Carlos Pereira;+32 419924223
Carlos Santos;+39 625010636
Catarina Martins;+49 951903092
Carlos Santos;+39 839390032
Catarina Santos;+32 381812060
Catarina Santos;+43 289760783
Carlos Gonçalves;+351 414650985
Catarina Pereira;+33 330079758
Catarina Gonçalves;+49 736485190
Carlos Gomes;+33 403081800
Carlos Santos;+43 028159726
Carlos Gonçalves;+33 995659973
Carlos Martins;+41 290783830
Carlos Gomes;+39 868007661
Catarina Martins;+49 118674919
Carlos Silva;+351 944117307
Carlos Alves;+49 694561454
Catarina Pereira;+33 344627780
Carlos Alves;+33 303863800
Catarina Gomes;+49 625200429
Carlos Alves;+44 712392556
Catarina Silva;+49 443553882
Carlos Mendes;+49 298450070
Catarina Pereira;+41 906892052
Carlos Mendes;+33 754896909
Catarina Mendes;+33 579742495
Carlos Martins;+44 611582464
Catarina Alves;+41 796251690
Catarina Gonçalves;+39 992831293
Catarina Pereira;+43 733502164
Catarina Mendes;+32 648138221
Carlos Fernandes;+39 956653055
Carlos Ferreira;+44 143524150
Carlos Ferreira;+41 227716882
Carlos Pereira;+33 198968827
Carlos Silva;+39 200138110
Carlos Pereira;+351 590145355
Carlos Silva;+49 470993494
Carlos Ferreira;+44 626068188
Catarina Alves;+351 644134029
Carlos Gonçalves;+39 671838280
Catarina Alves;+41 117625995
Catarina Gonçalves;+44 614658491
Carlos Alves;+351 451518016
Catarina Pereira;+33 219225483
Catarina Mendes;+32 831505384
Carlos Santos;+32 822412529
Carlos Pereira;+44 107201969
Catarina Mendes;+33 873340360
Carlos Alves;+44 493298932
Catarina Pereira;+49 537053582
Carlos Martins;+49 500908347
Catarina Pereira;+41 739835419
Catarina Mendes;+351 317735581
Carlos Gomes;+43 255606236
Catarina Santos;+33 927873561
