Ricardo Ferreira;+39 242830354
Ricardo Silva;+351 244321285
Ricardo Ferreira;+39 003205639
Rui Alves;+43 234174965
Rui Ferreira;+43 119073829
Ricardo Santos;+351 111891697
Rui Fernandes;+33 935541686
Rui Martins;+49 799892755
Ricardo Ferreira;+44 139992364
Rui Ferreira;+41 953216602
Ricardo Silva;+43 020873761
Ricardo Fernandes;+33 089314074
Ricardo Pereira;+41 108191743
Ricardo Silva;+33 660453481
Ricardo Gomes;+39 802960756
Ricardo Martins;+351 805456693
Rui Santos;+49 409848429
Rui Silva;+44 818213812
Ricardo Gonçalves;+43 504886052
Ricardo Gonçalves;+44 146858396
Rui Gonçalves;+39 033207114
Ricardo Fernandes;+41 668666944
Ricardo Gonçalves;+44 289853003
Ricardo Gomes;+44 267884104
Rui Santos;+39 832802831
Ricardo Gomes;+49 789350419
Ricardo Martins;+39 635046262
Rui Alves;+43 464185089
Rui Santos;+33 500789368
Ricardo Martins;+32 663884804
Ricardo Mendes;+44 298126849
Rui Gomes;+39 228173301
Ricardo Santos;+41 784703246
Rui Fernandes;+32 204889224
Ricardo Fernandes;+49 071751843
Ricardo Fernandes;+43 804384584
Ricardo Gomes;+49 741415348
Rui Gomes;+49 412300808
Rui Mendes;+32 080432104
Ricardo Ferreira;+43 731524752
Ricardo Gonçalves;+32 662054153
Rui Pereira;+44 915559632
Rui Alves;+32 766599341
Ricardo Mendes;+41 942598033
Ricardo Silva;+44 359223562
Ricardo Mendes;+39 495992462
Rui Santos;+49 652015797
Ricardo Martins;+351 791692152
Rui Martins;+33 812619756
Rui Mendes;+43 460687417
Ricardo Santos;+33 333159296
Rui Gonçalves;+44 160416609
Rui Gonçalves;+44 701052851
Ricardo Silva;+32 649270520
Rui Santos;+39 568336575
Ricardo Martins;+39 395038183
Ricardo Martins;+39 769364334
Ricardo Santos;+49 250847706
Rui Santos;+33 780003936
Ricardo Fernandes;+44 540591857
Ricardo Mendes;+44 982387004
Ricardo Mendes;+32 243822241
Rui Gonçalves;+39 511680734
Ricardo Gonçalves;+39 478027499
Rui Fernandes;+43 083423484
Ricardo Ferreira;+43 454689242
Rui Gomes;+39 216800462
Ricardo Ferreira;+41 698467222
Ricardo Gonçalves;+32 209082928
Rui Martins;+41 632687020
Ricardo Martins;+33 781483136
Rui Pereira;+351 057845067
Rui Gonçalves;+49 004882409
Ricardo Alves;+351 513331367
Ricardo Mendes;+49 825549207
Ricardo Ferreira;+351 346835002
Ricardo Pereira;+32 031302146
Rui Martins;+44 402530478
Rui Gonçalves;+44 045065349
Ricardo Mendes;+33 279197905
Ricardo Santos;+351 607960725
Rui Santos;+39 095394693
Ricardo Martins;+39 618289039
Ricardo Gomes;+351 528844561
Rui Mendes;+32 989582966
Ricardo Gomes;+44 233326577
Rui Gomes;+43 582045920
Rui Santos;+44 361255126
Rui Santos;+49 648827685
Ricardo Gonçalves;+49 969968423
Ricardo Pereira;+351 244377163
Rui Santos;+44 890752196
Rui Santos;+44 383904257
Ricardo Mendes;+351 428591442
Ricardo Alves;+41 684459886
Ricardo Santos;+44 060270445
Ricardo Fernandes;+32 527515899
Ricardo Ferreira;+39 272829733
Rui Mendes;+33 099871937
Ricardo Alves;+32 505117466
