Ana Silva;+49 272015955
Ana Fernandes;+44 239444221
Ana Gonçalves;+33 651299218
Ana Mendes;+33 922158148
Ana Gonçalves;+44 906122106
Ana Gonçalves;+33 744345573
Ana Fernandes;+32 821759820
Ana Fernandes;+32 182232810
Ana Ferreira;+43 549625578
Ana Gomes;+49 976636277
Ana Pereira;+49 107250575
Ana Gomes;+41 314617850
Ana Pereira;+39 962516067
Ana Gonçalves;+39 096390763
Ana Silva;+351 148428233
Ana Ferreira;+32 861828498
Ana Ferreira;+351 459885060
Ana Alves;+49 532264176
Ana Mendes;+351 546553502
Ana Ferreira;+49 078287602
Ana Gomes;+44 843818292
Ana Santos;+41 059304094
Ana Gonçalves;+44 460932418
Ana Martins;+39 663330533
Ana Santos;+351 101948537
Ana Fernandes;+49 246786013
Ana Gomes;+351 299230765
Ana Martins;+33 767107640
Ana Gonçalves;+49 870521501
Ana Silva;+49 393504854
Ana Ferreira;+49 713478261
Ana Ferreira;+33 477602878
Ana Mendes;+39 257037145
Ana Gomes;+351 595906867
Ana Silva;+33 668772534
Ana Gonçalves;+49 227996735
Ana Alves;+44 029626415
Ana Santos;+32 595322975
Ana Santos;+33 134052168
Ana Gonçalves;+32 382477138
Ana Silva;+39 464686641
Ana Gonçalves;+33 709341195
Ana Gonçalves;+44 814683607
Ana Fernandes;+41 227618270
Ana Gomes;+41 700366887
Ana Fernandes;+32 192370751
Ana Santos;+351 792197803
Ana Alves;+41 226392536
Ana Gonçalves;+41 956126937
Ana Alves;+44 978297026
Ana Gomes;+41 927381732
Ana Silva;+44 043550073
Ana Silva;+44 469167577
Ana Alves;+41 743122561
Ana Silva;+32 950861119
Ana Gonçalves;+49 257507189
Ana Gomes;+32 326687401
Ana Gomes;+39 668032130
Ana Gonçalves;+43 201179221
Ana Ferreira;+44 247388605
Ana Silva;+33 548557792
Ana Pereira;+44 171564305
Ana Silva;+33 539277689
Ana Alves;+39 582125133
Ana Gomes;+41 882950274
Ana Mendes;+43 023767353
Ana Martins;+32 223836479
Ana Pereira;+43 523508965
Ana Pereira;+33 399381300
Ana Silva;+41 417070803
Ana Gomes;+32 648401525
Ana Fernandes;+33 386185474
Ana Gomes;+39 282985674
Ana Gonçalves;+32 334220123
Ana Martins;+32 434636117
Ana Pereira;+32 101741636
Ana Alves;+41 229854577
Ana Ferreira;+43 577087970
Ana Silva;+32 935551193
Ana Gonçalves;+32 577794943
Ana Gomes;+43 837689664
Ana Ferreira;+351 084812586
Ana Pereira;+32 337150140
Ana Gomes;+351 914569986
Ana Martins;+49 280504126
Ana Pereira;+41 016007924
Ana Santos;+43 244271770
Ana Gomes;+32 393038184
Ana Santos;+44 974346039
Ana Santos;+49 810110277
Ana Martins;+32 481159591
Ana Pereira;+44 955511302
Ana Gonçalves;+44 645911365
Ana Martins;+43 950616767
Ana Fernandes;+44 649106781
Ana Silva;+351 184741457
Ana Alves;+43 251001680
Ana Martins;+351 766344672
Ana Alves;+351 168612985
Ana Mendes;+41 062114471
