Sofia Silva;+33 431597977
Sofia Fernandes;+351 292225420
Sofia Santos;+49 006098172
Sofia Silva;+39 413776619
Sofia Silva;+39 911871451
Sofia Fernandes;+32 981678838
Sofia Alves;+39 184118582
Sofia Santos;+32 749428268
Sofia Silva;+44 968618517
Sofia Gomes;+351 145866343
Sofia Martins;+39 552083861
Sofia Gomes;+33 368800363
Sofia Mendes;+33 362077332
Sofia Silva;+49 746378057
Sofia Silva;+44 431610377
Sofia Fernandes;+41 173020806
Sofia Fernandes;+49 412019124
Sofia Martins;+41 382276183
Sofia Alves;+44 611759285
Sofia Fernandes;+49 057411345
Sofia Ferreira;+39 208107515
Sofia Ferreira;+49 852508871
Sofia Pereira;+32 485911084
Sofia Gomes;+49 669633126
Sofia Mendes;+49 894131016
Sofia Fernandes;+39 882311643
Sofia Mendes;+32 602207608
Sofia Santos;+41 554517999
Sofia Fernandes;+33 888515230
Sofia Alves;+351 842358885
Sofia Silva;+49 077234834
Sofia Pereira;+39 275944582
Sofia Pereira;+49 740966072
Sofia Santos;+32 867806623
Sofia Alves;+39 786189480
Sofia Gonçalves;+33 252080017
Sofia Gomes;+43 751150390
Sofia Alves;+41 347058736
Sofia Ferreira;+41 050222451
Sofia Pereira;+32 570725031
Sofia Martins;+33 078102785
Sofia Fernandes;+49 010255558
Sofia Martins;+33 140546926
Sofia Pereira;+49 540227764
Sofia Silva;+32 622905692
Sofia Ferreira;+33 169380996
Sofia Mendes;+44 242465866
Sofia Alves;+44 240187906
Sofia Gonçalves;+49 215138670
Sofia Pereira;+39 435495301
Sofia Martins;+49 527746721
Sofia Martins;+39 490694952
Sofia Martins;+44 054521531
Sofia Fernandes;+41 604633224
Sofia Santos;+32 584027435
Sofia Gonçalves;+41 352485935
Sofia Gomes;+49 122103876
Sofia Fernandes;+39 877525113
Sofia Fernandes;+49 263111596
Sofia Fernandes;+43 996622060
Sofia Santos;+49 304680664
Sofia Martins;+32 524098142
Sofia Santos;+39 054299641
Sofia Silva;+44 754272331
Sofia Gonçalves;+351 312310952
Sofia Pereira;+41 455334623
Sofia Gonçalves;+351 101023279
Sofia Silva;+41 966093082
Sofia Gonçalves;+33 024200009
Sofia Pereira;+32 073852497
Sofia Martins;+351 534679468
Sofia Ferreira;+351 112018354
Sofia Ferreira;+44 076330525
Sofia Gomes;+351 226555306
Sofia Fernandes;+41 153501134
Sofia Gomes;+49 850423817
Sofia Fernandes;+351 862308484
Sofia Alves;+43 090664709
Sofia Fernandes;+44 729942615
Sofia Alves;+49 286491709
Sofia Alves;+351 375547590
Sofia Martins;+41 858566990
Sofia Martins;+351 525438057
Sofia Santos;+39 967844975
Sofia Silva;+43 483073366
Sofia Santos;+39 203693976
Sofia Ferreira;+351 873985734
Sofia Mendes;+41 896645432
Sofia Ferreira;+41 640836189
Sofia Fernandes;+39 636983785
Sofia Silva;+43 288579863
Sofia Pereira;+49 949034587
Sofia Pereira;+39 827112970
Sofia Pereira;+41 015518114
Sofia Martins;+33 503608474
Sofia Silva;+43 329713145
Sofia Gomes;+49 831953749
Sofia Silva;+49 312400904
Sofia Fernandes;+33 750006221
Sofia Martins;+39 448329031
