Rui Pereira;+44 749017490
Ricardo Fernandes;+39 217146949
Rui Silva;+49 337145669
Ricardo Gonçalves;+44 726773944
Rui Silva;+39 455237672
Ricardo Mendes;+351 187744616
Ricardo Martins;+49 183712327
Ricardo Alves;+44 973715813
Ricardo Silva;+43 246257164
Rui Martins;+49 049935057
Rui Gonçalves;+32 647839269
Ricardo Silva;+351 554221842
Ricardo Gomes;+351 181265373
Rui Alves;+32 711176669
Ricardo Silva;+39 171664046
Ricardo Martins;+49 667283414
Rui Martins;+41 480293329
Rui Alves;+39 082258274
Ricardo Martins;+39 074368218
Rui Silva;+32 144516633
Rui Gomes;+41 510966146
Rui Martins;+39 329256550
Rui Santos;+33 495770192
Rui Fernandes;+41 998185511
Ricardo Gomes;+33 506071314
Ricardo Ferreira;+39 707397409
Ricardo Fernandes;+351 223173502
Rui Ferreira;+33 737439361
Rui Mendes;+44 259501629
Ricardo Gonçalves;+44 235615334
Rui Ferreira;+33 853432438
Rui Santos;+44 661362159
Ricardo Gomes;+32 780525403
Rui Gonçalves;+32 977518043
Ricardo Santos;+33 824999218
Ricardo Alves;+33 931485449
Rui Silva;+43 195791460
Rui Pereira;+43 275337797
Rui Pereira;+41 322848463
Ricardo Ferreira;+41 538412555
Rui Pereira;+44 244795118
Rui Martins;+43 322576123
Ricardo Martins;+49 946990511
Ricardo Fernandes;+49 885695022
Rui Fernandes;+32 624079839
Ricardo Santos;+351 834525731
Rui Alves;+33 790903629
Ricardo Ferreira;+44 073852794
Rui Gomes;+49 300518896
Rui Gonçalves;+33 080656151
Rui Gonçalves;+39 169015788
Rui Martins;+33 659962790
Rui Silva;+33 853624672
Rui Mendes;+33 218563618
Rui Martins;+44 668822952
Rui Pereira;+32 482326635
Ricardo Ferreira;+32 476851940
Rui Pereira;+49 803040307
Rui Gonçalves;+39 629425758
Rui Ferreira;+351 204546726
Ricardo Gomes;+49 598104517
Rui Martins;+41 123360581
Rui Fernandes;+44 095126260
Rui Santos;+43 998322595
Ricardo Silva;+49 372069911
Ricardo Ferreira;+49 904942228
Rui Ferreira;+351 535725170
Rui Alves;+49 258893065
Ricardo Fernandes;+49 312146916
Ricardo Martins;+41 598764024
Ricardo Mendes;+32 427339375
Rui Santos;+49 672978420
Ricardo Mendes;+39 461095224
Ricardo Silva;+43 574326000
Rui Martins;+49 190192777
Rui Gomes;+39 008908094
Ricardo Silva;+49 711440609
Ricardo Gonçalves;+33 762262742
Ricardo Alves;+32 978854544
Ricardo Silva;+49 060337362
Rui Fernandes;+41 154667695
Rui Santos;+41 702158187
Ricardo Pereira;+44 630531475
Ricardo Silva;+39 614733556
Rui Gonçalves;+44 969959245
Ricardo Mendes;+33 648749350
Ricardo Santos;+41 528618090
Ricardo Martins;+351 669610051
Ricardo Gomes;+39 325895234
Rui Silva;+351 169746792
Rui Pereira;+44 221966949
Ricardo Gomes;+351 020446506
Rui Martins;+41 697752126
Ricardo Mendes;+43 658029794
Ricardo Silva;+32 945586471
Ricardo Alves;+49 192987756
Rui Gomes;+44 576545727
Ricardo Santos;+41 787744795
Ricardo Gomes;+44 437764163
Ricardo Santos;+351 527129518
