Sofia Pereira;+351 220609270
Sofia Gomes;+49 356106235
Sofia Fernandes;+49 392124627
Sofia Silva;+41 852818680
Sofia Mendes;+41 646628850
Sofia Alves;+351 595002545
Sofia Ferreira;+49 333478392
Sofia Pereira;+43 260331665
Sofia Ferreira;+44 056904410
Sofia Gonçalves;+41 893638100
Sofia Gonçalves;+41 067450638
Sofia Pereira;+32 851475302
Sofia Gomes;+351 769288515
Sofia Alves;+43 829165153
Sofia Gonçalves;+43 820055474
Sofia Pereira;+39 814293554
Sofia Gonçalves;+33 740197087
Sofia Santos;+351 002757458
Sofia Silva;+49 174265928
Sofia Pereira;+33 765330231
Sofia Pereira;+32 458333575
Sofia Santos;+43 587863654
Sofia Fernandes;+49 898891072
Sofia Alves;+39 441768365
Sofia Pereira;+49 858443605
Sofia Silva;+49 154889596
Sofia Gomes;+49 897249266
Sofia Gonçalves;+32 547517689
Sofia Ferreira;+43 083448949
Sofia Fernandes;+39 247026211
Sofia Gomes;+33 706752114
Sofia Mendes;+44 264590864
Sofia Mendes;+49 471303480
Sofia Gonçalves;+32 490981411
Sofia Gomes;+351 345728428
Sofia Ferreira;+39 147964406
Sofia Mendes;+41 387619436
Sofia Alves;+32 180139955
Sofia Fernandes;+49 686345387
Sofia Silva;+44 723318317
Sofia Gonçalves;+33 720103710
Sofia Fernandes;+32 116846684
Sofia Mendes;+43 584694190
Sofia Santos;+41 503366227
Sofia Silva;+39 705282768
Sofia Alves;+39 907898709
Sofia Alves;+33 339238401
Sofia Pereira;+49 801253922
Sofia Martins;+43 411913496
Sofia Martins;+41 696297718
Sofia Ferreira;+49 338676198
Sofia Martins;+44 160136977
Sofia Santos;+32 871986079
Sofia Pereira;+351 626459673
Sofia Gonçalves;+33 683635454
Sofia Martins;+43 687949255
Sofia Alves;+39 569189124
Sofia Pereira;+43 903457857
Sofia Fernandes;+39 640130774
Sofia Fernandes;+43 230385881
Sofia Fernandes;+32 647044180
Sofia Gomes;+33 003378277
Sofia Ferreira;+32 393820620
Sofia Pereira;+39 815298865
Sofia Alves;+351 192354100
Sofia Mendes;+43 867135227
Sofia Fernandes;+49 604278735
Sofia Gomes;+33 692732271
Sofia Fernandes;+32 675784627
Sofia Martins;+351 280836986
Sofia Mendes;+39 956965382
Sofia Martins;+33 594903090
Sofia Gonçalves;+41 748616718
Sofia Ferreira;+49 844760959
Sofia Silva;+39 476849190
Sofia Mendes;+351 644052126
Sofia Gomes;+41 168884692
Sofia Mendes;+43 201796643
Sofia Silva;+44 650266173
Sofia Gomes;+41 861831123
Sofia Silva;+32 627105626
Sofia Martins;+41 158491001
Sofia Fernandes;+351 831287222
Sofia Mendes;+39 691351292
Sofia Pereira;+49 072985889
Sofia Alves;+43 508427079
Sofia Martins;+39 453572364
Sofia Alves;+43 387752561
Sofia Ferreira;+39 354693491
Sofia Santos;+41 822849035
Sofia Pereira;+49 143308949
Sofia Fernandes;+33 386226685
Sofia Pereira;+33 543011589
Sofia Gonçalves;+41 692553066
Sofia Alves;+41 275049558
Sofia Silva;+44 008163551
Sofia Gomes;+39 585149702
Sofia Fernandes;+41 531622984
Sofia Silva;+49 203564714
Sofia Santos;+33 350493002
