Sofia Alves;+39 108484056
Sofia Gonçalves;+41 565882151
Sofia Gomes;+43 541048139
Sofia Silva;+33 521879086
Sofia Ferreira;+33 703279764
Sofia Gonçalves;+41 474170221
Sofia Martins;+41 204367030
Sofia Santos;+33 862628930
Sofia Gomes;+41 950524422
Sofia Pereira;+43 991210972
Sofia Ferreira;+351 880259385
Sofia Mendes;+43 739837291
Sofia Santos;+351 403271589
Sofia Fernandes;+43 294766000
Sofia Alves;+43 145336158
Sofia Fernandes;+49 159045689
Sofia Gomes;+351 318282903
Sofia Fernandes;+49 275525127
Sofia Ferreira;+43 514438910
Sofia Ferreira;+41 786834922
Sofia Gonçalves;+351 989128862
Sofia Silva;+49 369268169
Sofia Pereira;+39 506964875
Sofia Santos;+33 804097127
Sofia Silva;+39 496573290
Sofia Alves;+32 594610360
Sofia Silva;+33 150144518
Sofia Fernandes;+41 943374290
Sofia Gonçalves;+49 910407781
Sofia Martins;+33 371720360
Sofia Silva;+351 456937062
Sofia Silva;+44 249381007
Sofia Alves;+33 272956742
Sofia Pereira;+351 143384861
Sofia Mendes;+32 521350757
Sofia Silva;+41 974819528
Sofia Gonçalves;+32 972684123
Sofia Mendes;+32 161294972
Sofia Martins;+43 296540839
Sofia Gomes;+351 004879831
Sofia Mendes;+39 633629655
Sofia Pereira;+33 470694763
Sofia Fernandes;+32 971328417
Sofia Pereira;+44 674870582
Sofia Gonçalves;+43 809297471
Sofia Martins;+32 153651713
Sofia Ferreira;+33 664322594
Sofia Santos;+44 348545016
Sofia Gonçalves;+39 743515651
Sofia Martins;+351 808624717
Sofia Pereira;+39 184498188
Sofia Gonçalves;+44 474012104
Sofia Alves;+49 925255836
Sofia Silva;+49 500386710
Sofia Fernandes;+32 870635458
Sofia Santos;+39 620764979
Sofia Ferreira;+351 273032309
Sofia Ferreira;+41 767050027
Sofia Mendes;+41 777775158
Sofia Alves;+33 194257713
Sofia Gomes;+44 555750257
Sofia Silva;+44 107015821
Sofia Mendes;+32 212522739
Sofia Martins;+43 204276652
Sofia Martins;+39 872083329
Sofia Ferreira;+351 271768339
Sofia Mendes;+351 905729139
Sofia Santos;+43 993459691
Sofia Mendes;+44 925420723
Sofia Gomes;+43 660385950
Sofia Gomes;+351 276802730
Sofia Pereira;+49 448056447
Sofia Pereira;+49 482386081
Sofia Fernandes;+39 907208014
Sofia Gomes;+44 074542960
Sofia Santos;+43 654484440
Sofia Gonçalves;+351 426395869
Sofia Ferreira;+351 511762859
Sofia Santos;+49 262129356
Sofia Alves;+49 389290152
Sofia Martins;+33 420610022
Sofia Fernandes;+351 187508661
Sofia Mendes;+39 534597778
Sofia Gonçalves;+41 003652490
Sofia Fernandes;+43 531407144
Sofia Martins;+351 167611334
Sofia Martins;+351 723458233
Sofia Alves;+32 007970041
Sofia Mendes;+39 190519238
Sofia Gonçalves;+33 778884120
Sofia Santos;+351 171870978
Sofia Martins;+41 585933375
Sofia Ferreira;+49 245702650
Sofia Alves;+351 934933936
Sofia Pereira;+44 630797699
Sofia Pereira;+49 376042944
Sofia Martins;+351 349454381
Sofia Alves;+32 994622807
Sofia Gomes;+39 691349399
Sofia Silva;+39 958150608
