Ana Ferreira;+32 595173786
Ana Santos;+39 622445444
Ana Santos;+44 058705874
Ana Silva;+49 704486690
Ana Martins;+33 719190336
Ana Gonçalves;+41 226984624
Ana Alves;+49 764217273
Ana Silva;+39 891537794
Ana Santos;+43 039960437
Ana Mendes;+33 973562585
Ana Santos;+39 532396902
Ana Ferreira;+41 958994960
Ana Pereira;+41 437010971
Ana Silva;+44 649880700
Ana Gonçalves;+44 301944155
Ana Silva;+41 624325081
Ana Santos;+44 605219780
Ana Silva;+39 227082677
Ana Alves;+49 937910342
Ana Mendes;+351 674681201
Ana Fernandes;+49 990434713
Ana Santos;+41 525732595
Ana Santos;+33 549824029
Ana Martins;+44 452196921
Ana Mendes;+41 298933840
Ana Santos;+351 695745783
Ana Santos;+33 926356936
Ana Alves;+41 303917873
Ana Ferreira;+351 791555837
Ana Alves;+351 883543465
Ana Gonçalves;+44 628830335
Ana Gomes;+41 034054579
Ana Silva;+41 922512623
Ana Fernandes;+49 614772697
Ana Ferreira;+44 371659394
Ana Fernandes;+49 515779304
Ana Gomes;+351 322561392
Ana Fernandes;+43 679033715
Ana Martins;+33 974073295
Ana Santos;+33 721808263
Ana Alves;+43 239838013
Ana Martins;+49 664583671
Ana Mendes;+32 809586057
Ana Gomes;+351 827188490
Ana Fernandes;+39 452417110
Ana Martins;+32 643757298
Ana Gomes;+39 077514040
Ana Alves;+43 424340105
Ana Ferreira;+41 925814588
Ana Gomes;+49 180604179
Ana Santos;+43 398322285
Ana Martins;+43 766683739
Ana Pereira;+351 673783600
Ana Gomes;+39 709441333
Ana Alves;+32 091540804
Ana Santos;+33 757760377
Ana Gomes;+39 234793691
Ana Pereira;+351 991961417
Ana Martins;+44 022137545
Ana Gonçalves;+49 594071469
Ana Ferreira;+43 086450471
Ana Mendes;+44 933082218
Ana Alves;+41 807508393
Ana Gonçalves;+351 658605686
Ana Gomes;+351 410474351
Ana Gomes;+43 022276090
Ana Gonçalves;+43 720838833
Ana Silva;+43 464303857
Ana Gonçalves;+43 400326187
Ana Ferreira;+32 101602916
Ana Gomes;+41 370935553
Ana Silva;+49 899226912
Ana Alves;+49 515107193
Ana Fernandes;+49 813856822
Ana Pereira;+351 823893164
Ana Santos;+49 595938031
Ana Silva;+44 470649148
Ana Gomes;+39 482648802
Ana Pereira;+43 291035937
Ana Gonçalves;+41 924758884
Ana Fernandes;+41 516557671
Ana Gomes;+39 684730243
Ana Gomes;+49 584864729
Ana Alves;+41 787691007
Ana Mendes;+43 135497529
Ana Martins;+49 913661970
Ana Alves;+41 166922216
Ana Martins;+49 585708904
Ana Gonçalves;+41 438268899
Ana Silva;+44 842039844
Ana Santos;+39 531695647
Ana Mendes;+33 505028851
Ana Santos;+33 869118190
Ana Martins;+43 905880287
Ana Pereira;+49 551113892
Ana Alves;+39 772830926
Ana Ferreira;+351 210964168
Ana Martins;+49 433749266
Ana Mendes;+41 594525138
Ana Santos;+41 865580381
