Catarina Pereira;+49 756159649
Catarina Santos;+32 335104150
Carlos Gonçalves;+32 140791012
Catarina Pereira;+32 557594447
Carlos Martins;+39 468603061
Catarina Gomes;+33 554566095
Carlos Santos;+49 715156159
Carlos Santos;+44 249950354
Catarina Ferreira;+43 285169356
Catarina Santos;+33 036114204
Catarina Santos;+41 354713713
Catarina Alves;+32 881192203
Carlos Martins;+43 024903446
Catarina Silva;+351 081399308
Catarina Martins;+44 209436403
Carlos Martins;+351 753128304
Carlos Ferreira;+33 583506803
Catarina Martins;+39 615620880
Catarina Mendes;+41 678444876
Catarina Martins;+351 147913627
Carlos Pereira;+351 750508251
Carlos Ferreira;+33 501719227
Catarina Martins;+32 732628093
Catarina Silva;+49 753231676
Carlos Gonçalves;+49 356455448
Carlos Fernandes;+33 808725240
Carlos Santos;+49 074785835
Carlos Santos;+32 174633439
Catarina Mendes;+43 437879442
Carlos Martins;+32 755712811
Catarina Silva;+32 906689074
Carlos Ferreira;+351 235343959
Catarina Pereira;+39 722038353
Carlos Gomes;+41 634094676
Carlos Santos;+32 973642947
Carlos Ferreira;+43 279287230
Catarina Gonçalves;+43 470538062
Carlos Gomes;+43 835058883
Carlos Mendes;+351 837416817
Carlos Alves;+33 969951369
Carlos Mendes;+41 964392861
Catarina Martins;+44 500466816
Catarina Fernandes;+43 089315973
Catarina Fernandes;+49 892698959
Carlos Alves;+33 378851205
Carlos Gonçalves;+39 117751437
Carlos Alves;+43 318800602
Catarina Fernandes;+49 654298590
Catarina Gonçalves;+39 649349544
Carlos Santos;+49 138025418
Catarina Alves;+33 784580693
Carlos Silva;+44 995599883
Catarina Alves;+41 062936106
Catarina Silva;+351 910186488
Catarina Martins;+44 166151226
Catarina Santos;+32 045496570
Carlos Ferreira;+39 517803261
Carlos Alves;+39 648509191
Carlos Alves;+39 064009358
Carlos Santos;+43 540917087
Carlos Pereira;+49 210301743
Catarina Pereira;+39 227801145
Catarina Mendes;+33 825806571
Carlos Ferreira;+44 979475320
Carlos Fernandes;+32 230068958
Carlos Fernandes;+32 302154079
Catarina Silva;+41 060040182
Catarina Martins;+49 725742860
Carlos Ferreira;+32 090113414
Carlos Fernandes;+43 817739252
Carlos Santos;+33 264900496
Catarina Pereira;+49 021070018
Catarina Martins;+351 393977420
Carlos Gonçalves;+351 290468274
Catarina Alves;+43 122665877
Catarina Pereira;+32 242940652
Catarina Alves;+351 699878274
Catarina Fernandes;+351 709642229
Catarina Ferreira;+49 126869926
Carlos Santos;+351 911355133
Carlos Fernandes;+43 926366279
Carlos Silva;+43 729445062
Carlos Alves;+39 312024181
Carlos Martins;+49 752907544
Carlos Silva;+43 225230153
Carlos Gomes;+49 344640912
Carlos Fernandes;+351 296772038
Carlos Fernandes;+49 878344734
Catarina Silva;+33 267654701
Catarina Santos;+41 108117958
Carlos Gonçalves;+49 598980002
Catarina Mendes;+49 612663016
Catarina Silva;+44 165464969
Carlos Pereira;+39 290275061
Catarina Gonçalves;+39 188604356
Catarina Santos;+351 124279931
Catarina Fernandes;+33 684011734
Catarina Gonçalves;+44 460579485
Catarina Silva;+43 803660512
Catarina Alves;+41 222198363
