Sofia Gonçalves;+44 470617242
Sofia Gomes;+351 973771964
Sofia Silva;+32 744830067
Sofia Fernandes;+351 442963548
Sofia Alves;+351 285617893
Sofia Gomes;+41 654143706
Sofia Silva;+49 431209315
Sofia Fernandes;+44 616307643
Sofia Gomes;+44 363433534
Sofia Santos;+49 612102116
Sofia Mendes;+33 428487792
Sofia Martins;+41 488879419
Sofia Mendes;+39 653032319
Sofia Silva;+49 649496344
Sofia Ferreira;+41 554823618
Sofia Santos;+44 668619449
Sofia Alves;+351 489211964
Sofia Gonçalves;+33 366542072
Sofia Santos;+39 245486606
Sofia Santos;+33 170696516
Sofia Santos;+39 706450720
Sofia Mendes;+33 568570887
Sofia Gonçalves;+351 252816133
Sofia Ferreira;+49 502371526
Sofia Ferreira;+33 537383653
Sofia Fernandes;+351 415418837
Sofia Fernandes;+351 269705826
Sofia Pereira;+39 425619040
Sofia Gomes;+49 475628958
Sofia Pereira;+41 273649460
Sofia Martins;+33 335717696
Sofia Alves;+49 241464980
Sofia Gomes;+351 977380886
Sofia Gonçalves;+43 531488893
Sofia Silva;+41 446914533
Sofia Ferreira;+351 906590737
Sofia Mendes;+41 811535020
Sofia Alves;+351 394330428
Sofia Martins;+33 560371917
Sofia Gomes;+49 011238584
Sofia Fernandes;+43 984572700
Sofia Martins;+32 981514351
Sofia Silva;+39 387531541
Sofia Gomes;+49 139804227
Sofia Alves;+41 230358516
Sofia Gonçalves;+43 027576084
Sofia Gomes;+43 771927391
Sofia Alves;+33 819059046
Sofia Santos;+43 518871518
Sofia Fernandes;+351 325078437
Sofia Silva;+351 818457534
Sofia Alves;+43 290184478
Sofia Alves;+49 215291695
Sofia Gomes;+351 826756876
Sofia Pereira;+33 335021184
Sofia Pereira;+33 998570364
Sofia Ferreira;+39 822106445
Sofia Gomes;+44 263144546
Sofia Ferreira;+39 059481034
Sofia Martins;+351 094072471
Sofia Silva;+33 452658325
Sofia Pereira;+44 525032497
Sofia Alves;+32 545588278
Sofia Pereira;+43 992030004
Sofia Gomes;+351 692452630
Sofia Pereira;+49 964431821
Sofia Silva;+44 091456020
Sofia Alves;+41 140595199
Sofia Santos;+39 175272643
Sofia Ferreira;+33 668217200
Sofia Fernandes;+43 412122503
Sofia Pereira;+33 952482513
Sofia Silva;+351 936992417
Sofia Ferreira;+41 869053733
Sofia Pereira;+39 703794583
Sofia Alves;+351 709445093
Sofia Pereira;+41 536218600
Sofia Silva;+44 940306966
Sofia Ferreira;+49 694432482
Sofia Mendes;+41 312867007
Sofia Martins;+49 682066718
Sofia Martins;+351 547767685
Sofia Gonçalves;+49 007459471
Sofia Santos;+41 242622125
Sofia Silva;+33 644501879
Sofia Mendes;+43 685859075
Sofia Gonçalves;+41 815799211
Sofia Santos;+49 751341349
Sofia Pereira;+43 336942409
Sofia Ferreira;+49 252699143
Sofia Alves;+44 447482381
Sofia Ferreira;+43 219901421
Sofia Santos;+49 270903475
Sofia Alves;+351 438602975
Sofia Ferreira;+39 167953782
Sofia Pereira;+33 070191253
Sofia Pereira;+39 018495730
Sofia Fernandes;+49 177232098
Sofia Martins;+32 656374755
Sofia Ferreira;+33 852846218
