Ana Fernandes;+41 493666258
Ana Mendes;+43 541771010
Ana Ferreira;+39 108880449
Ana Alves;+32 020994494
Ana Silva;+41 521184179
Ana Ferreira;+41 773293072
Ana Fernandes;+32 844161211
Ana Ferreira;+44 216259789
Ana Santos;+33 250558573
Ana Ferreira;+43 361926630
Ana Martins;+41 364496203
Ana Gomes;+32 838415724
Ana Santos;+33 121674688
Ana Santos;+44 949640293
Ana Pereira;+32 353148375
Ana Ferreira;+44 765546511
Ana Martins;+33 250010138
Ana Pereira;+33 660520481
Ana Gomes;+32 973155062
Ana Gonçalves;+43 858140082
Ana Alves;+49 374499236
Ana Gonçalves;+41 977036934
Ana Ferreira;+33 479240249
Ana Santos;+351 636695934
Ana Gomes;+33 542821114
Ana Santos;+43 668916173
Ana Pereira;+32 897295763
Ana Ferreira;+351 612520121
Ana Alves;+32 969718345
Ana Fernandes;+43 537585558
Ana Gomes;+32 026678198
Ana Alves;+39 983979981
Ana Fernandes;+49 151265722
Ana Silva;+49 195107681
Ana Santos;+32 855751108
Ana Martins;+41 738560472
Ana Mendes;+49 075705580
Ana Pereira;+32 568446055
Ana Gonçalves;+39 285102166
Ana Silva;+39 019827724
Ana Ferreira;+351 815283969
Ana Silva;+44 873595112
Ana Pereira;+43 930483147
Ana Martins;+351 238496723
Ana Silva;+32 466617618
Ana Ferreira;+39 318959335
Ana Alves;+33 100356057
Ana Mendes;+33 174294798
Ana Pereira;+33 997887002
Ana Mendes;+49 876892219
Ana Pereira;+351 606379080
Ana Pereira;+39 616279562
Ana Gonçalves;+32 290776328
Ana Martins;+32 660501519
Ana Martins;+43 886139197
Ana Silva;+44 771985936
Ana Martins;+44 148943926
Ana Santos;+49 093938114
Ana Pereira;+44 856077438
Ana Alves;+351 329934040
Ana Pereira;+33 855826779
Ana Ferreira;+351 354364615
Ana Ferreira;+32 935595384
Ana Fernandes;+41 670968716
Ana Alves;+33 681994752
Ana Mendes;+41 890850368
Ana Santos;+44 201630568
Ana Gonçalves;+41 710482292
Ana Martins;+32 554085101
Ana Pereira;+32 967481620
Ana Gomes;+32 888430950
Ana Gomes;+41 403441571
Ana Alves;+33 711759183
Ana Santos;+44 546972264
Ana Pereira;+49 677224349
Ana Fernandes;+43 906036423
Ana Gonçalves;+39 760996598
Ana Gomes;+32 721599285
Ana Gomes;+33 692286482
Ana Gomes;+44 879395093
Ana Fernandes;+43 444216508
Ana Fernandes;+33 505211784
Ana Pereira;+351 628799373
Ana Gomes;+41 610031055
Ana Ferreira;+41 925800584
Ana Mendes;+43 555635028
Ana Martins;+33 976070271
Ana Mendes;+39 721361886
Ana Fernandes;+32 302170439
Ana Ferreira;+49 937333767
Ana Santos;+351 165740229
Ana Ferreira;+41 494945649
Ana Gonçalves;+49 922565645
Ana Gonçalves;+351 528789155
Ana Alves;+32 028607221
Ana Fernandes;+33 081205202
Ana Mendes;+33 846532196
Ana Martins;+49 285919984
Ana Santos;+41 117642189
Ana Gonçalves;+41 832076313
