Carlos Martins;+39 659515516
Carlos Pereira;+43 281077633
Carlos Martins;+49 160537052
Catarina Santos;+43 546346926
Catarina Ferreira;+33 094370183
Catarina Gomes;+44 248578533
Carlos Gomes;+39 684897966
Catarina Gomes;+351 117125731
Catarina Fernandes;+33 131536976
Carlos Gonçalves;+351 598357688
Catarina Martins;+33 149502518
Carlos Fernandes;+41 241874183
Carlos Ferreira;+32 347973191
Carlos Alves;+33 844434338
Catarina Santos;+351 486912116
Carlos Gomes;+39 099079302
Carlos Silva;+32 216412773
Catarina Santos;+43 769340024
Catarina Silva;+351 933965906
Carlos Alves;+39 143767506
Catarina Pereira;+351 434651273
Carlos Gonçalves;+43 353166609
Catarina Gonçalves;+351 817635850
Catarina Fernandes;+39 061836455
Carlos Gomes;+49 551241865
Catarina Silva;+44 854757831
Catarina Gomes;+32 685520859
Carlos Mendes;+43 124420533
Catarina Fernandes;+49 757955386
Catarina Pereira;+43 155688354
Catarina Ferreira;+32 260232478
Catarina Alves;+41 672926148
Carlos Pereira;+44 565046067
Carlos Gomes;+33 597237067
Catarina Santos;+39 103489338
Catarina Martins;+41 788569639
Carlos Pereira;+32 867529745
Catarina Gonçalves;+32 896335858
Catarina Mendes;+351 270788590
Carlos Gomes;+351 178807595
Carlos Fernandes;+41 451897286
Catarina Gonçalves;+39 497168798
Carlos Martins;+39 460488492
Carlos Ferreira;+43 573817285
Carlos Gomes;+49 156315109
Catarina Santos;+41 548363510
Carlos Gomes;+41 418543877
Carlos Ferreira;+43 845647460
Carlos Pereira;+33 614229066
Carlos Ferreira;+41 539927310
Carlos Alves;+32 347992490
Catarina Mendes;+33 434196813
Catarina Mendes;+43 513298826
Catarina Mendes;+49 146764622
Carlos Ferreira;+43 315449039
Carlos Pereira;+41 941727436
Carlos Silva;+49 898440306
Carlos Ferreira;+351 618559220
Carlos Ferreira;+43 274114033
Carlos Ferreira;+39 861726001
Catarina Gomes;+33 668544824
Carlos Mendes;+41 669032960
Carlos Mendes;+41 704598192
Catarina Santos;+351 351629211
Catarina Gomes;+49 537936531
Catarina Mendes;+351 078351058
Carlos Martins;+32 130192902
Catarina Alves;+49 332917681
Carlos Fernandes;+33 671971483
Catarina Alves;+49 586082666
Carlos Alves;+32 233607440
Catarina Gonçalves;+41 625926008
Carlos Gomes;+33 042813859
Carlos Silva;+33 593939054
Carlos Gomes;+43 793343225
Catarina Gomes;+43 749122485
Catarina Gonçalves;+44 092197928
Catarina Alves;+41 402694130
Carlos Mendes;+41 760443512
Carlos Mendes;+39 896293935
Carlos Santos;+33 989548668
Catarina Mendes;+32 863977274
Catarina Ferreira;+351 919822400
Catarina Alves;+33 075668034
Carlos Pereira;+351 086667909
Catarina Santos;+43 499575999
Carlos Fernandes;+43 243132910
Catarina Fernandes;+351 198912309
Carlos Alves;+44 025201177
Carlos Gomes;+41 421283361
Carlos Martins;+49 458232273
Catarina Fernandes;+43 816303938
Catarina Gonçalves;+351 508061948
Carlos Ferreira;+39 838782388
Carlos Martins;+39 434393682
Catarina Fernandes;+39 679329006
Catarina Ferreira;+41 937696200
Catarina Alves;+39 428763584
Catarina Martins;+44 466511373
Carlos Alves;+32 658677581
