Rui Ferreira;+44 944214375
Ricardo Pereira;+44 256305760
Rui Gonçalves;+41 862062197
Rui Fernandes;+49 577947334
Ricardo Martins;+351 788974853
Ricardo Pereira;+44 115922688
Rui Fernandes;+49 510896487
Ricardo Martins;+33 671006145
Ricardo Santos;+49 044021145
Rui Fernandes;+49 954242563
Rui Santos;+41 032164682
Ricardo Gomes;+33 506332056
Rui Ferreira;+43 895094151
Ricardo Gomes;+44 560760940
Ricardo Pereira;+49 438554506
Ricardo Silva;+41 148229455
Ricardo Alves;+41 785329910
Ricardo Pereira;+39 478746867
Rui Alves;+32 489249665
Ricardo Pereira;+351 723282889
Rui Santos;+39 545738749
Rui Mendes;+39 110927054
Ricardo Alves;+33 263729609
Ricardo Fernandes;+44 001867503
Rui Silva;+32 187359530
Rui Gonçalves;+39 985953198
Rui Ferreira;+39 620768360
Rui Silva;+33 224538985
Rui Gonçalves;+41 909890731
Rui Ferreira;+49 160244445
Rui Mendes;+41 948063664
Ricardo Ferreira;+33 845989498
Rui Pereira;+43 694289584
Ricardo Ferreira;+33 183706066
Ricardo Alves;+41 604216670
Rui Mendes;+351 631899265
Ricardo Martins;+49 254616086
Ricardo Santos;+43 072191931
Ricardo Santos;+43 764659871
Rui Santos;+43 478506185
Rui Ferreira;+43 968071247
Ricardo Santos;+43 696982394
Ricardo Martins;+41 505415547
Rui Santos;+43 065967953
Ricardo Martins;+43 620300576
Ricardo Alves;+49 417238967
Rui Santos;+49 345547647
Rui Gomes;+33 451745402
Ricardo Santos;+33 479177786
Rui Gonçalves;+43 038896366
Rui Gomes;+351 144198436
Rui Pereira;+351 765760354
Ricardo Gomes;+44 647192237
Rui Mendes;+32 335197265
Ricardo Silva;+44 013950564
Rui Mendes;+33 888112514
Ricardo Silva;+41 266644856
Ricardo Fernandes;+32 662308078
Rui Fernandes;+351 133827289
Rui Mendes;+43 985464826
Ricardo Gonçalves;+33 201880556
Ricardo Pereira;+44 052405271
Rui Santos;+33 660191866
Rui Pereira;+351 161676750
Rui Pereira;+33 135673439
Ricardo Fernandes;+33 002513489
Rui Martins;+39 875634022
Ricardo Pereira;+39 962554783
Rui Fernandes;+44 184396119
Rui Alves;+44 242475155
Ricardo Gomes;+44 307722996
Rui Mendes;+44 528678072
Rui Gomes;+351 251079775
Ricardo Pereira;+33 343161128
Ricardo Martins;+44 640674203
Rui Pereira;+44 841731628
Ricardo Silva;+32 262364446
Rui Alves;+32 513931342
Rui Pereira;+44 772276278
Ricardo Pereira;+43 641687165
Rui Santos;+43 416333988
Ricardo Silva;+44 361955344
Ricardo Mendes;+49 376567176
Ricardo Ferreira;+43 910542009
Ricardo Fernandes;+32 117321509
Ricardo Ferreira;+43 206250189
Rui Gonçalves;+43 386022566
Ricardo Gomes;+41 548094534
Ricardo Ferreira;+41 286123669
Ricardo Martins;+351 641724208
Ricardo Ferreira;+44 538925701
Ricardo Alves;+33 438355540
Rui Pereira;+39 810345662
Rui Gonçalves;+33 311043511
Rui Ferreira;+351 769143919
Ricardo Martins;+32 531931927
Rui Pereira;+351 951872800
Rui Silva;+49 641824107
Ricardo Gonçalves;+43 187474614
Rui Santos;+39 562224226
