Rui Pereira;+32 098267977
Ricardo Silva;+44 598912508
Rui Santos;+44 824720736
Ricardo Silva;+44 894505423
Rui Gomes;+351 671716850
Ricardo Gonçalves;+351 365100967
Ricardo Gonçalves;+351 685322878
Rui Gonçalves;+41 801541901
Rui Mendes;+43 915947880
Ricardo Martins;+32 986811512
Ricardo Gomes;+351 080035204
Ricardo Ferreira;+44 025512095
Rui Gomes;+32 557641435
Ricardo Fernandes;+351 048868511
Ricardo Mendes;+32 808671867
Rui Gomes;+44 318335743
Ricardo Pereira;+44 342334047
Rui Santos;+32 710360458
Ricardo Pereira;+32 388188316
Ricardo Alves;+49 036469668
Rui Gomes;+351 779324132
Rui Mendes;+43 554051036
Ricardo Ferreira;+33 858042054
Rui Pereira;+43 218003876
Ricardo Santos;+41 135461791
Rui Pereira;+32 855187057
Ricardo Gomes;+39 888368612
Ricardo Mendes;+44 117760641
Rui Gonçalves;+351 003683330
Rui Pereira;+41 887501988
Ricardo Ferreira;+32 455847550
Rui Silva;+351 386910943
Ricardo Alves;+32 549331987
Rui Silva;+39 363872232
Ricardo Pereira;+351 835450202
Ricardo Gomes;+351 346144766
Ricardo Santos;+43 246630936
Rui Martins;+41 747378627
Ricardo Pereira;+351 185937254
Ricardo Pereira;+39 448457254
Rui Pereira;+43 678763923
Ricardo Ferreira;+351 441873258
Ricardo Gomes;+351 889065493
Ricardo Fernandes;+33 959841556
Rui Gonçalves;+43 824377115
Rui Pereira;+33 676512214
Rui Silva;+44 094623274
Ricardo Gonçalves;+351 385227803
Ricardo Santos;+351 934928374
Rui Alves;+33 141942870
Ricardo Martins;+49 554582424
Ricardo Ferreira;+49 774487283
Rui Silva;+39 893149127
Rui Ferreira;+39 970946065
Ricardo Martins;+44 503839387
Ricardo Alves;+32 719642245
Ricardo Santos;+43 709180968
Rui Ferreira;+351 219524376
Ricardo Alves;+41 658646860
Ricardo Ferreira;+33 417412801
Rui Ferreira;+33 639267068
Rui Gomes;+32 803931349
Rui Ferreira;+39 420502702
Ricardo Gonçalves;+49 611066546
Rui Silva;+49 154222495
Ricardo Gomes;+41 890644575
Ricardo Silva;+49 345806124
Ricardo Alves;+33 556147700
Rui Fernandes;+33 737647858
Ricardo Fernandes;+33 645130912
Rui Gomes;+44 522851029
Rui Silva;+32 316358041
Ricardo Ferreira;+39 421891676
Ricardo Santos;+39 027574796
Rui Silva;+43 551238984
Ricardo Alves;+33 854326805
Rui Pereira;+351 399470962
Rui Gomes;+41 091480339
Rui Martins;+32 956964633
Rui Gomes;+49 184910471
Ricardo Santos;+41 828055329
Ricardo Fernandes;+351 942839810
Rui Santos;+39 986965563
Rui Silva;+43 245673851
Rui Fernandes;+44 048753921
Ricardo Alves;+33 173294049
Ricardo Mendes;+39 702643157
Ricardo Martins;+41 360525000
Ricardo Fernandes;+49 814639094
Rui Mendes;+41 863799598
Ricardo Pereira;+43 152874398
Rui Mendes;+351 111819652
Ricardo Mendes;+43 416641884
Ricardo Silva;+43 983927603
Rui Pereira;+41 653941097
Rui Martins;+32 457729748
Ricardo Alves;+43 763810243
Ricardo Gomes;+32 233930314
Rui Martins;+351 047420181
Ricardo Gonçalves;+33 325448797
