Rui Santos;+43 354316139
Rui Martins;+32 578295190
Ricardo Ferreira;+44 740190391
Ricardo Martins;+351 209344456
Rui Gonçalves;+351 161819977
Ricardo Martins;+41 395440521
Rui Mendes;+351 248314689
Rui Gonçalves;+351 582549918
Rui Santos;+41 536238428
Rui Mendes;+44 544791150
Rui Martins;+32 720290700
Rui Gomes;+39 381890854
Ricardo Pereira;+41 688907722
Ricardo Martins;+43 396471988
Rui Alves;+33 794924437
Ricardo Martins;+44 697822206
Ricardo Santos;+41 575290510
Rui Gonçalves;+49 516610548
Ricardo Martins;+351 722328488
Ricardo Silva;+44 631358316
Ricardo Mendes;+49 417075628
Rui Gonçalves;+43 217247599
Ricardo Pereira;+49 937285936
Ricardo Gonçalves;+44 295304451
Ricardo Ferreira;+351 808493518
Ricardo Gonçalves;+32 319079739
Rui Ferreira;+39 603304286
Rui Pereira;+39 036216307
Ricardo Silva;+33 502261791
Ricardo Santos;+44 838269176
Ricardo Alves;+43 311109240
Rui Alves;+49 300387051
Ricardo Gonçalves;+49 701348804
Ricardo Gomes;+33 176756125
Ricardo Santos;+49 418869865
Ricardo Santos;+43 438745888
Ricardo Pereira;+39 291216902
Rui Pereira;+33 414652407
Rui Alves;+33 987481095
Rui Fernandes;+33 665537988
Ricardo Pereira;+33 055678545
Ricardo Martins;+41 519947286
Ricardo Pereira;+32 496375293
Ricardo Mendes;+43 615800502
Ricardo Ferreira;+33 170019860
Ricardo Santos;+41 150321019
Rui Santos;+39 749425099
Ricardo Mendes;+43 726411569
Ricardo Santos;+49 362263247
Rui Santos;+44 326332994
Rui Gonçalves;+351 625568206
Rui Silva;+33 937968462
Ricardo Gonçalves;+49 006307919
Rui Ferreira;+32 627507699
Rui Martins;+41 064907796
Ricardo Silva;+44 520029634
Ricardo Ferreira;+43 218560213
Rui Silva;+351 685583236
Ricardo Gomes;+351 659582617
Ricardo Gonçalves;+33 140491071
Rui Mendes;+39 092781627
Rui Gomes;+44 982371567
Ricardo Martins;+44 762477857
Rui Santos;+43 889286293
Ricardo Pereira;+32 126400205
Rui Martins;+43 090711667
Rui Santos;+39 712268297
Rui Gomes;+351 167003382
Rui Martins;+43 724403396
Rui Fernandes;+351 215935767
Ricardo Pereira;+44 279969072
Ricardo Gonçalves;+44 534691942
Ricardo Silva;+41 178184655
Ricardo Ferreira;+49 459390942
Rui Martins;+41 435420910
Rui Martins;+49 484937569
Rui Fernandes;+39 113892190
Rui Pereira;+351 185541619
Rui Gonçalves;+351 654677562
Rui Pereira;+39 474267580
Rui Gomes;+49 188466746
Ricardo Gonçalves;+39 561096149
Ricardo Santos;+41 365093075
Ricardo Gonçalves;+41 326923723
Ricardo Santos;+32 707960455
Ricardo Alves;+41 368146992
Rui Fernandes;+33 238903667
Rui Pereira;+33 638947901
Rui Ferreira;+44 587569807
Ricardo Mendes;+351 158603912
Ricardo Martins;+41 727367145
Ricardo Gonçalves;+39 422767528
Ricardo Santos;+33 596422113
Ricardo Santos;+32 431351157
Ricardo Gomes;+351 234953506
Ricardo Fernandes;+44 285358371
Rui Gonçalves;+41 020178548
Rui Gonçalves;+33 111996274
Ricardo Silva;+49 398024457
Ricardo Fernandes;+41 142178615
