Ana Martins;+351 411414515
Ana Alves;+44 860500315
Ana Pereira;+41 715888762
Ana Santos;+49 494550106
Ana Silva;+33 744473065
Ana Gomes;+351 691218184
Ana Fernandes;+39 776672761
Ana Santos;+44 824417803
Ana Gonçalves;+39 247712517
Ana Santos;+33 077544813
Ana Ferreira;+49 922327398
Ana Gomes;+33 471027201
Ana Gomes;+33 070608960
Ana Mendes;+43 319960553
Ana Pereira;+49 947800591
Ana Mendes;+351 251994930
Ana Gomes;+39 518069968
Ana Gonçalves;+44 272805575
Ana Gomes;+43 390949023
Ana Pereira;+41 349865354
Ana Fernandes;+39 895538750
Ana Martins;+49 566065877
Ana Mendes;+41 097178591
Ana Silva;+44 661440897
Ana Gonçalves;+351 895802411
Ana Martins;+44 700176111
Ana Santos;+41 499958663
Ana Santos;+49 988377756
Ana Mendes;+49 817891889
Ana Gomes;+43 300360043
Ana Silva;+32 509709480
Ana Alves;+351 715170422
Ana Martins;+32 245624653
Ana Mendes;+49 832119993
Ana Pereira;+32 371818958
Ana Mendes;+32 621648700
Ana Gonçalves;+49 156185117
Ana Martins;+49 778241380
Ana Pereira;+33 127309743
Ana Gomes;+39 507327541
Ana Santos;+351 639842675
Ana Mendes;+44 447252864
Ana Santos;+49 411522014
Ana Silva;+32 430606537
Ana Alves;+44 479572294
Ana Gonçalves;+43 679933147
Ana Alves;+43 866333339
Ana Mendes;+44 100942269
Ana Ferreira;+33 441808524
Ana Gomes;+43 707443429
Ana Gonçalves;+49 863296758
Ana Martins;+32 099926843
Ana Alves;+351 637166673
Ana Fernandes;+351 504451780
Ana Gomes;+49 701887260
Ana Mendes;+39 664860085
Ana Alves;+43 845663889
Ana Gomes;+41 774511020
Ana Martins;+43 535908018
Ana Silva;+44 687571557
Ana Silva;+43 520280290
Ana Silva;+44 530378553
Ana Alves;+49 198635798
Ana Fernandes;+43 820150799
Ana Santos;+41 205154755
Ana Martins;+43 382208787
Ana Gomes;+39 175573576
Ana Silva;+33 920249389
Ana Santos;+41 592396863
Ana Ferreira;+32 260855548
Ana Gonçalves;+43 596865822
Ana Gomes;+41 318276823
Ana Gonçalves;+32 303530440
Ana Pereira;+32 898999810
Ana Fernandes;+33 139254236
Ana Gomes;+43 883667450
Ana Santos;+43 631248035
Ana Ferreira;+44 760812641
Ana Martins;+351 938041214
Ana Silva;+43 117409843
Ana Fernandes;+49 671819581
Ana Gonçalves;+33 178371741
Ana Silva;+41 625133582
Ana Alves;+44 668944439
Ana Santos;+32 600223473
Ana Mendes;+32 330121205
Ana Fernandes;+43 496064745
Ana Martins;+32 911202465
Ana Martins;+49 150212891
Ana Silva;+32 956174736
Ana Gonçalves;+49 898100879
Ana Alves;+351 534044631
Ana Silva;+49 599378491
Ana Silva;+41 545855751
Ana Gomes;+44 988797114
Ana Fernandes;+39 376649203
Ana Fernandes;+39 457324406
Ana Ferreira;+351 246309132
Ana Gomes;+33 914387871
Ana Fernandes;+351 836305319
