Catarina Santos;+44 183868363
Catarina Pereira;+41 733823623
Catarina Gomes;+351 555999602
Carlos Alves;+43 441731477
Catarina Pereira;+39 553683140
Carlos Santos;+43 851561061
Carlos Santos;+33 514243687
Catarina Gonçalves;+41 792295533
Carlos Santos;+41 005795878
Carlos Silva;+44 590235011
Catarina Ferreira;+43 201689325
Carlos Gomes;+32 867341386
Carlos Silva;+33 598597300
Carlos Gomes;+33 975710032
Catarina Ferreira;+33 441484615
Carlos Martins;+32 016876277
Catarina Pereira;+44 295386127
Catarina Martins;+351 788227913
Carlos Fernandes;+44 581258816
Catarina Gonçalves;+351 267236730
Catarina Pereira;+41 568299193
Carlos Fernandes;+44 055525932
Catarina Ferreira;+41 296793811
Carlos Silva;+351 700181329
Catarina Santos;+351 502369732
Carlos Mendes;+43 927679355
Catarina Silva;+39 643173314
Carlos Gomes;+33 512456573
Catarina Mendes;+41 549333285
Carlos Martins;+33 855239531
Carlos Alves;+43 248009442
Catarina Mendes;+44 370147140
Carlos Gomes;+49 107256463
Carlos Ferreira;+43 235499630
Catarina Martins;+49 593160500
Catarina Mendes;+39 711331330
Carlos Gonçalves;+351 846186470
Catarina Gonçalves;+39 923691593
Carlos Mendes;+41 652064093
Carlos Gonçalves;+33 740572821
Carlos Silva;+32 481155203
Catarina Alves;+39 607119989
Catarina Gonçalves;+41 378802239
Carlos Fernandes;+39 959089330
Catarina Martins;+32 262797533
Carlos Gomes;+43 844201901
Catarina Santos;+39 101010030
Carlos Fernandes;+32 489133435
Carlos Ferreira;+33 011860007
Catarina Santos;+39 812682558
Carlos Mendes;+351 899044259
Carlos Ferreira;+39 622102339
Carlos Mendes;+32 315273080
Catarina Gomes;+32 427850538
Carlos Martins;+39 218014553
Catarina Gomes;+39 155874194
Catarina Santos;+49 064446706
Catarina Martins;+351 583113054
Catarina Gonçalves;+32 318568846
Catarina Mendes;+44 694803551
Carlos Pereira;+32 266311056
Catarina Silva;+43 682987566
Carlos Silva;+41 438589609
Carlos Gonçalves;+32 135674286
Catarina Martins;+49 852940601
Catarina Fernandes;+44 741001680
Carlos Santos;+49 835634034
Catarina Alves;+351 642653351
Catarina Fernandes;+32 677597119
Carlos Gomes;+351 125817643
Catarina Fernandes;+43 586743651
Carlos Gomes;+41 065813675
Catarina Silva;+351 163464339
Carlos Fernandes;+39 518604740
Carlos Martins;+39 659844505
Catarina Gonçalves;+351 533209395
Catarina Pereira;+43 902002503
Carlos Pereira;+44 905036937
Catarina Gomes;+43 945048894
Carlos Mendes;+41 881924177
Catarina Gomes;+41 337721788
Carlos Alves;+41 176764155
Carlos Gonçalves;+351 396900919
Catarina Mendes;+49 592382288
Catarina Silva;+43 763898841
Carlos Pereira;+44 052373895
Catarina Santos;+33 046253662
Catarina Gomes;+43 569616136
Catarina Martins;+43 670463806
Carlos Mendes;+43 856927039
Carlos Silva;+43 712965721
Carlos Gomes;+39 241105686
Catarina Santos;+44 276524316
Carlos Silva;+49 552274075
Catarina Gomes;+49 866147261
Catarina Pereira;+44 824524149
Catarina Alves;+33 277400305
Carlos Alves;+32 981993512
Carlos Gonçalves;+43 229709126
Carlos Silva;+49 237915853
