Ricardo Ferreira;+39 698904207
Ricardo Santos;+43 821685959
Rui Fernandes;+49 161215215
Rui Pereira;+33 669429213
Rui Gonçalves;+49 050843877
Rui Ferreira;+33 579569549
Ricardo Silva;+33 580738466
Ricardo Mendes;+351 562186185
Rui Gomes;+33 135847497
Rui Santos;+49 285257940
Ricardo Ferreira;+44 476385247
Rui Gonçalves;+49 854735505
Ricardo Gomes;+39 763081125
Rui Silva;+44 915044367
Ricardo Fernandes;+32 646322296
Ricardo Gonçalves;+32 533544345
Ricardo Silva;+39 744817530
Rui Ferreira;+351 019908468
Rui Martins;+41 608091319
Ricardo Mendes;+33 879246096
Ricardo Silva;+43 076354839
Rui Alves;+39 850529153
Rui Mendes;+49 313092403
Rui Pereira;+39 376178089
Rui Fernandes;+39 695228678
Ricardo Alves;+41 338606958
Rui Pereira;+351 360935026
Rui Ferreira;+33 426412027
Rui Gonçalves;+44 969595474
Rui Alves;+49 859191654
Rui Santos;+41 832581271
Ricardo Ferreira;+351 218238528
Ricardo Fernandes;+49 204448775
Ricardo Santos;+43 019550577
Ricardo Alves;+49 684026968
Rui Gomes;+44 575535750
Rui Silva;+43 798719286
Ricardo Gomes;+33 633604817
Rui Gomes;+32 645480571
Rui Silva;+44 376060338
Ricardo Gomes;+41 096709267
Ricardo Santos;+41 726252720
Rui Pereira;+44 787279088
Rui Pereira;+32 681838177
Ricardo Gonçalves;+43 309486092
Rui Silva;+43 973283538
Rui Gomes;+32 556638609
Ricardo Santos;+41 481074860
Rui Pereira;+43 031626588
Rui Mendes;+33 860094290
Ricardo Silva;+33 942972794
Ricardo Alves;+351 049593383
Rui Martins;+43 782870962
Ricardo Fernandes;+351 636430682
Rui Mendes;+32 329343753
Rui Mendes;+43 369433320
Ricardo Gonçalves;+41 040913759
Ricardo Gomes;+43 159348546
Ricardo Pereira;+32 545493954
Ricardo Gonçalves;+351 060994664
Ricardo Silva;+44 596359506
Ricardo Ferreira;+32 053557345
Ricardo Gomes;+32 904102563
Ricardo Martins;+41 703758926
Ricardo Gonçalves;+43 084676459
Rui Martins;+39 503052101
Rui Ferreira;+41 865659191
Ricardo Ferreira;+41 087035270
Rui Pereira;+43 594198726
Rui Fernandes;+39 237524946
Ricardo Mendes;+43 675036939
Rui Pereira;+49 689229153
Ricardo Mendes;+44 539471279
Ricardo Mendes;+33 326044317
Ricardo Santos;+41 495352177
Ricardo Fernandes;+351 364700766
Ricardo Gomes;+44 271359669
Ricardo Fernandes;+41 259018956
Rui Mendes;+43 154943461
Ricardo Ferreira;+43 885418019
Ricardo Fernandes;+39 295089471
Ricardo Fernandes;+43 851364190
Rui Alves;+49 380056903
Ricardo Gomes;+39 707605452
Ricardo Ferreira;+32 434786378
Rui Fernandes;+33 417413041
Rui Mendes;+41 056644212
Ricardo Martins;+33 556037217
Rui Ferreira;+49 581009133
Rui Martins;+43 051312865
Rui Silva;+39 293286886
Ricardo Martins;+43 376519396
Ricardo Silva;+33 510535349
Rui Santos;+49 438647961
Rui Mendes;+33 480915005
Rui Ferreira;+44 519475160
Ricardo Ferreira;+33 938062873
Rui Pereira;+32 423676201
Rui Ferreira;+49 756703542
Ricardo Alves;+39 496256371
