Ana Pereira;+32 947510571
Ana Silva;+49 215508982
Ana Silva;+39 923909713
Ana Pereira;+41 418588929
Ana Fernandes;+49 671817341
Ana Gomes;+32 554279687
Ana Gomes;+351 946213624
Ana Gonçalves;+43 109197200
Ana Gomes;+43 559774851
Ana Alves;+351 157151172
Ana Gonçalves;+33 020174456
Ana Fernandes;+43 955505279
Ana Gonçalves;+32 000583055
Ana Fernandes;+49 805736877
Ana Mendes;+49 873229299
Ana Pereira;+33 095612119
Ana Mendes;+39 309027004
Ana Santos;+33 274278466
Ana Silva;+351 383260144
Ana Fernandes;+33 860500997
Ana Fernandes;+33 621131290
Ana Gomes;+43 348590767
Ana Martins;+41 962241047
Ana Martins;+43 781251863
Ana Pereira;+351 842567089
Ana Pereira;+49 824989027
Ana Ferreira;+32 383262886
Ana Pereira;+32 265972585
Ana Mendes;+32 600484694
Ana Fernandes;+351 034439652
Ana Mendes;+44 805033021
Ana Ferreira;+32 026857694
Ana Gonçalves;+39 782270422
Ana Fernandes;+43 724006858
Ana Santos;+351 437294049
Ana Santos;+39 271821418
Ana Fernandes;+44 053695882
Ana Gomes;+41 251231533
Ana Silva;+44 885895387
Ana Santos;+351 890330985
Ana Gomes;+49 549708499
Ana Fernandes;+41 641964211
Ana Silva;+43 840084786
Ana Pereira;+32 073881433
Ana Gonçalves;+39 722860330
Ana Santos;+44 973269496
Ana Gonçalves;+32 830974650
Ana Martins;+41 121921788
Ana Pereira;+41 461646287
Ana Alves;+43 373201436
Ana Martins;+44 085262118
Ana Alves;+32 710245679
Ana Pereira;+32 029348119
Ana Silva;+39 168285942
Ana Alves;+49 320328475
Ana Fernandes;+41 577690911
Ana Ferreira;+39 406530927
Ana Martins;+351 414778979
Ana Gonçalves;+41 178134401
Ana Gonçalves;+32 885987769
Ana Santos;+39 073477372
Ana Silva;+44 697041356
Ana Fernandes;+41 612169864
Ana Silva;+41 976487351
Ana Martins;+49 952656859
Ana Santos;+44 059610574
Ana Gomes;+41 619831615
Ana Fernandes;+33 956189237
Ana Fernandes;+44 418022091
Ana Santos;+49 007059268
Ana Gonçalves;+49 272382301
Ana Santos;+44 247647428
Ana Santos;+44 256446853
Ana Gonçalves;+49 603884287
Ana Fernandes;+44 192269271
Ana Martins;+33 847283849
Ana Santos;+49 362746859
Ana Fernandes;+49 805352526
Ana Martins;+39 063871472
Ana Gonçalves;+32 781740546
Ana Gonçalves;+49 055243461
Ana Gonçalves;+44 433779138
Ana Gomes;+41 291734636
Ana Pereira;+39 589148239
Ana Silva;+43 183797222
Ana Santos;+33 997778230
Ana Ferreira;+41 494366474
Ana Mendes;+351 037578859
Ana Silva;+32 419853089
Ana Santos;+32 206998859
Ana Martins;+351 903840253
Ana Santos;+43 611389184
Ana Martins;+41 567335606
Ana Alves;+49 923791095
Ana Silva;+32 056297908
Ana Fernandes;+33 267831897
Ana Alves;+32 236926260
Ana Gonçalves;+351 467928350
Ana Gomes;+41 651755273
Ana Gomes;+43 738768907
