Carlos Mendes;+351 776022422
Catarina Alves;+43 919485971
Catarina Alves;+33 499937145
Catarina Alves;+33 066513425
Carlos Ferreira;+351 627506071
Carlos Silva;+44 076233657
Carlos Martins;+32 759863077
Carlos Martins;+351 219235532
Catarina Fernandes;+32 812646262
Carlos Fernandes;+44 848578732
Carlos Alves;+44 962484657
Catarina Alves;+351 464716464
Carlos Pereira;+43 767111658
Catarina Mendes;+39 295618233
Carlos Alves;+43 518984657
Catarina Martins;+33 939952735
Carlos Gonçalves;+43 199093714
Catarina Santos;+39 055633927
Carlos Martins;+39 123429267
Carlos Ferreira;+32 174461769
Catarina Alves;+33 404638843
Carlos Mendes;+32 336195778
Catarina Fernandes;+41 010779383
Catarina Fernandes;+32 410051526
Carlos Pereira;+44 112361287
Carlos Ferreira;+44 256121984
Carlos Alves;+33 147269869
Catarina Gomes;+43 508637052
Carlos Fernandes;+43 202896866
Carlos Alves;+33 333501870
Catarina Gomes;+39 909755522
Catarina Fernandes;+33 927883872
Catarina Alves;+351 922627192
Catarina Martins;+44 445375428
Catarina Santos;+43 210515635
Carlos Silva;+32 065657941
Carlos Pereira;+49 034498314
Carlos Pereira;+33 093255985
Catarina Gomes;+49 017985278
Carlos Silva;+49 985316808
Carlos Gonçalves;+41 699873583
Catarina Ferreira;+39 748278386
Catarina Gomes;+49 984471616
Catarina Ferreira;+33 511915449
Catarina Alves;+41 672330304
Carlos Pereira;+49 921129929
Catarina Mendes;+351 925427473
Carlos Pereira;+49 864231360
Carlos Gomes;+49 833874845
Carlos Ferreira;+44 493018765
Catarina Gomes;+49 071448388
Catarina Fernandes;+43 015544931
Carlos Ferreira;+41 302967199
Carlos Gonçalves;+351 038847833
Carlos Pereira;+49 986638622
Catarina Mendes;+43 667147935
Catarina Martins;+32 259402088
Carlos Gonçalves;+44 678536342
Catarina Ferreira;+41 831275659
Catarina Santos;+39 096078790
Carlos Silva;+44 864491403
Carlos Mendes;+32 447397019
Carlos Santos;+44 975796876
Carlos Ferreira;+351 114060249
Catarina Santos;+351 046946667
Catarina Gomes;+351 938752084
Carlos Pereira;+44 582946755
Catarina Silva;+32 742382206
Carlos Gomes;+32 106354067
Carlos Pereira;+43 354052973
Catarina Martins;+49 483806638
Carlos Fernandes;+32 165342934
Catarina Santos;+41 853037970
Catarina Gomes;+43 951760918
Carlos Gonçalves;+39 248648585
Catarina Santos;+41 742816661
Catarina Fernandes;+44 744452813
Catarina Martins;+44 906698668
Carlos Pereira;+41 629965420
Catarina Pereira;+39 308197095
Carlos Ferreira;+351 075880570
Carlos Ferreira;+32 736282587
Carlos Santos;+33 091194911
Carlos Santos;+351 962013865
Catarina Gonçalves;+33 260903389
Catarina Santos;+33 254336091
Catarina Martins;+43 916178143
Catarina Ferreira;+351 132121319
Carlos Fernandes;+43 454378602
Carlos Gomes;+43 878629771
Carlos Silva;+44 321679101
Carlos Silva;+351 964149637
Catarina Gomes;+39 028348000
Catarina Mendes;+33 910881082
Catarina Gomes;+43 637537759
Catarina Gonçalves;+44 135173457
Catarina Mendes;+33 914299241
Catarina Alves;+44 349440735
Carlos Santos;+33 544303344
Catarina Fernandes;+32 862433781
