Sofia Fernandes;+351 106884272
Sofia Mendes;+33 315229490
Sofia Mendes;+44 923441086
Sofia Pereira;+41 164197565
Sofia Gonçalves;+32 246597765
Sofia Mendes;+49 045514930
Sofia Santos;+32 701660232
Sofia Fernandes;+43 384862739
Sofia Fernandes;+44 671865962
Sofia Gomes;+33 217499001
Sofia Mendes;+49 960408938
Sofia Martins;+32 834661024
Sofia Mendes;+39 740914741
Sofia Silva;+44 635295259
Sofia Mendes;+43 841596252
Sofia Gomes;+44 175274071
Sofia Alves;+41 512055476
Sofia Ferreira;+49 842813623
Sofia Pereira;+33 782643280
Sofia Pereira;+41 903838530
Sofia Gonçalves;+44 250158111
Sofia Martins;+32 947791074
Sofia Santos;+33 888490277
Sofia Alves;+32 890840890
Sofia Mendes;+44 328929657
Sofia Santos;+33 795703884
Sofia Silva;+351 816651002
Sofia Alves;+44 776633841
Sofia Ferreira;+351 232727254
Sofia Pereira;+41 049560012
Sofia Mendes;+32 237542066
Sofia Martins;+44 944891350
Sofia Santos;+43 358200008
Sofia Silva;+44 673982893
Sofia Ferreira;+49 215468988
Sofia Santos;+43 145763321
Sofia Santos;+39 839119589
Sofia Ferreira;+43 654121792
Sofia Alves;+49 027273697
Sofia Pereira;+33 365188459
Sofia Santos;+44 850520976
Sofia Mendes;+33 597133542
Sofia Silva;+351 118361787
Sofia Pereira;+39 918494537
Sofia Gonçalves;+32 732118502
Sofia Ferreira;+41 925390837
Sofia Gonçalves;+351 854831161
Sofia Alves;+41 005755789
Sofia Gonçalves;+43 651100511
Sofia Silva;+351 653618956
Sofia Pereira;+49 235493970
Sofia Alves;+33 813685849
Sofia Pereira;+44 157538704
Sofia Pereira;+49 464409520
Sofia Santos;+32 314887227
Sofia Martins;+43 112263915
Sofia Mendes;+32 819510094
Sofia Martins;+43 871589109
Sofia Santos;+39 708829484
Sofia Mendes;+41 965715210
Sofia Mendes;+351 361908512
Sofia Mendes;+351 999682663
Sofia Mendes;+44 994566314
Sofia Gomes;+43 700736060
Sofia Martins;+49 989701803
Sofia Gonçalves;+43 393019465
Sofia Santos;+39 405214131
Sofia Fernandes;+43 227462612
Sofia Silva;+49 170908045
Sofia Gomes;+351 189420378
Sofia Fernandes;+39 852189353
Sofia Mendes;+44 286560307
Sofia Gomes;+44 659465188
Sofia Pereira;+44 399962106
Sofia Pereira;+43 089341263
Sofia Gomes;+41 255306923
Sofia Santos;+351 137329932
Sofia Mendes;+351 907461302
Sofia Martins;+43 248997055
Sofia Pereira;+33 978739702
Sofia Silva;+33 305604669
Sofia Fernandes;+33 537910236
Sofia Silva;+33 384453768
Sofia Mendes;+49 698190280
Sofia Silva;+44 880314879
Sofia Alves;+41 311160312
Sofia Mendes;+44 076092008
Sofia Ferreira;+43 570622750
Sofia Gomes;+44 127769913
Sofia Fernandes;+33 478517232
Sofia Alves;+44 129171657
Sofia Ferreira;+49 120763096
Sofia Alves;+44 374698870
Sofia Ferreira;+44 089042004
Sofia Martins;+49 921966488
Sofia Santos;+32 491616365
Sofia Silva;+351 350061526
Sofia Mendes;+44 271209588
Sofia Gomes;+33 968612270
Sofia Ferreira;+44 861130777
