Carlos Fernandes;+49 842630792
Carlos Ferreira;+32 966366828
Carlos Fernandes;+41 798280251
Catarina Mendes;+32 455908509
Catarina Gonçalves;+44 754919246
Carlos Gomes;+39 653917452
Catarina Mendes;+49 884761801
Carlos Mendes;+32 570386874
Carlos Ferreira;+49 401186732
Catarina Gomes;+41 896740775
Carlos Pereira;+351 466335606
Carlos Gonçalves;+41 636965195
Catarina Fernandes;+43 561692084
Carlos Mendes;+32 160488357
Catarina Mendes;+44 777191891
Catarina Martins;+351 091292594
Carlos Gonçalves;+32 907453087
Carlos Gomes;+41 687791720
Carlos Gonçalves;+41 030202091
Catarina Pereira;+33 354099002
Catarina Alves;+351 886903011
Catarina Martins;+33 319693796
Carlos Mendes;+41 938557336
Catarina Ferreira;+33 718308604
Carlos Ferreira;+351 078567387
Catarina Ferreira;+41 625131753
Carlos Fernandes;+49 563090297
Carlos Silva;+32 544634177
Catarina Pereira;+44 287590879
Carlos Pereira;+351 051862843
Carlos Santos;+43 772426559
Carlos Santos;+43 523899858
Carlos Gomes;+49 076339777
Catarina Gonçalves;+44 184420403
Catarina Pereira;+33 933164524
Catarina Silva;+351 056759508
Carlos Gomes;+351 370604502
Carlos Mendes;+32 787368969
Carlos Gomes;+44 188949324
Catarina Alves;+32 215002483
Catarina Alves;+32 212388696
Carlos Martins;+44 278573752
Catarina Martins;+44 017110672
Carlos Fernandes;+33 477214520
Catarina Pereira;+32 316764917
Catarina Gomes;+33 047325997
Carlos Martins;+41 278843497
Catarina Mendes;+49 465612105
Carlos Ferreira;+44 903841574
Catarina Fernandes;+33 015459269
Catarina Martins;+33 636731760
Catarina Pereira;+49 532478178
Catarina Fernandes;+44 600070501
Catarina Martins;+43 379078925
Catarina Gomes;+351 336683967
Catarina Silva;+39 729926436
Carlos Gomes;+44 434571158
Carlos Pereira;+351 942785981
Catarina Ferreira;+32 414363301
Catarina Pereira;+32 711551619
Catarina Pereira;+41 524571458
Catarina Silva;+351 045018547
Carlos Silva;+41 238092977
Catarina Gonçalves;+44 533161260
Carlos Ferreira;+49 761523811
Carlos Gonçalves;+39 753594829
Carlos Alves;+33 971601837
Carlos Mendes;+33 402880449
Carlos Mendes;+33 990431258
Carlos Mendes;+351 921474969
Catarina Fernandes;+41 406306171
Catarina Gomes;+49 082529105
Carlos Pereira;+44 093732461
Catarina Martins;+351 059774492
Catarina Gonçalves;+43 087932348
Carlos Pereira;+39 370327091
Catarina Fernandes;+41 426732254
Carlos Alves;+39 556444570
Carlos Pereira;+44 775720594
Carlos Gonçalves;+32 933068487
Catarina Silva;+33 979902076
Carlos Silva;+351 096997919
Catarina Fernandes;+351 205786024
Carlos Gomes;+41 305842541
Catarina Silva;+43 162559762
Catarina Santos;+44 953635488
Catarina Silva;+32 586336053
Carlos Silva;+43 211606977
Carlos Santos;+44 678728897
Catarina Pereira;+41 428400974
Catarina Mendes;+32 817314926
Carlos Silva;+44 464426914
Carlos Silva;+49 446090815
Catarina Alves;+43 750030050
Carlos Alves;+41 208473473
Catarina Silva;+33 807764108
Catarina Martins;+44 188495796
Carlos Silva;+49 150649257
Carlos Pereira;+32 589623285
Carlos Silva;+32 287921424
