Ana Fernandes;+32 310606400
Ana Fernandes;+32 378576550
Ana Gomes;+351 136393458
Ana Santos;+351 096242453
Ana Ferreira;+351 909992712
Ana Alves;+43 872504081
Ana Alves;+39 560758868
Ana Alves;+33 862003608
Ana Pereira;+39 151673975
Ana Silva;+44 317790095
Ana Fernandes;+41 574465382
Ana Ferreira;+43 338729697
Ana Ferreira;+44 173636291
Ana Gonçalves;+33 611805977
Ana Pereira;+33 205778634
Ana Gomes;+39 706166454
Ana Martins;+33 868630448
Ana Martins;+41 107929033
Ana Martins;+32 991773517
Ana Ferreira;+33 962367667
Ana Alves;+32 065464110
Ana Alves;+44 589281889
Ana Pereira;+32 354136424
Ana Martins;+43 559228373
Ana Martins;+44 354816685
Ana Fernandes;+351 383958516
Ana Gonçalves;+41 584369099
Ana Alves;+32 086191304
Ana Fernandes;+32 913914414
Ana Santos;+43 007196112
Ana Alves;+44 590676475
Ana Martins;+44 460720646
Ana Alves;+39 071662137
Ana Gonçalves;+32 638875373
Ana Alves;+33 792638284
Ana Alves;+39 369672846
Ana Santos;+41 560338832
Ana Silva;+351 621182392
Ana Santos;+49 587302433
Ana Gomes;+49 727435216
Ana Gomes;+41 090360740
Ana Gomes;+351 215064755
Ana Martins;+33 018788756
Ana Pereira;+39 577390150
Ana Martins;+49 848056560
Ana Pereira;+33 242675251
Ana Alves;+351 922837243
Ana Pereira;+351 753214404
Ana Gonçalves;+41 960573342
Ana Pereira;+49 828848937
Ana Gonçalves;+41 856223824
Ana Fernandes;+49 933566102
Ana Martins;+32 847282839
Ana Ferreira;+43 810874841
Ana Silva;+44 882568134
Ana Ferreira;+43 715050301
Ana Silva;+44 662872709
Ana Mendes;+33 305061916
Ana Silva;+44 238801313
Ana Silva;+32 056623106
Ana Ferreira;+39 200405582
Ana Martins;+33 299268579
Ana Martins;+33 079829714
Ana Martins;+41 143357073
Ana Martins;+41 622464741
Ana Santos;+41 945443209
Ana Gomes;+44 680848416
Ana Fernandes;+41 949516120
Ana Alves;+41 055043340
Ana Mendes;+351 069846210
Ana Fernandes;+33 837454086
Ana Fernandes;+39 108206136
Ana Gomes;+41 816819026
Ana Pereira;+44 299691546
Ana Gomes;+41 839384260
Ana Silva;+32 018247414
Ana Santos;+43 499213440
Ana Pereira;+351 000588922
Ana Gomes;+33 613633509
Ana Ferreira;+41 030456341
Ana Silva;+351 442876384
Ana Mendes;+33 522045834
Ana Gonçalves;+49 089403595
Ana Gomes;+44 029889498
Ana Pereira;+33 344743889
Ana Martins;+44 816908003
Ana Gonçalves;+41 841633447
Ana Silva;+49 444939612
Ana Gomes;+41 716356347
Ana Alves;+41 181946911
Ana Silva;+41 396478741
Ana Ferreira;+33 102924428
Ana Alves;+39 585243088
Ana Silva;+41 939188389
Ana Gonçalves;+44 780670247
Ana Gonçalves;+33 039083046
Ana Fernandes;+49 004130281
Ana Alves;+39 906140069
Ana Martins;+32 962162102
Ana Gomes;+33 460554371
