Sofia Alves;+39 645970482
Sofia Gonçalves;+43 484298315
Sofia Gomes;+43 406955214
Sofia Mendes;+351 334382564
Sofia Ferreira;+33 103745925
Sofia Fernandes;+32 748646869
Sofia Alves;+41 993684673
Sofia Gomes;+33 370189138
Sofia Martins;+41 929930047
Sofia Mendes;+39 268822524
Sofia Fernandes;+39 921686343
Sofia Silva;+43 783339800
Sofia Santos;+32 635458148
Sofia Pereira;+49 956695952
Sofia Ferreira;+351 466978452
Sofia Fernandes;+351 260375185
Sofia Mendes;+351 805783137
Sofia Gonçalves;+39 675182555
Sofia Gomes;+44 677905065
Sofia Silva;+33 583700175
Sofia Silva;+39 845048751
Sofia Ferreira;+49 141538132
Sofia Fernandes;+49 102486806
Sofia Fernandes;+33 514769839
Sofia Santos;+43 902251099
Sofia Fernandes;+43 539393735
Sofia Fernandes;+33 689839665
Sofia Mendes;+43 611417844
Sofia Gomes;+49 378821583
Sofia Mendes;+43 769573121
Sofia Mendes;+41 692951649
Sofia Martins;+33 737619011
Sofia Alves;+39 368691456
Sofia Martins;+39 073800556
Sofia Mendes;+43 411598145
Sofia Gonçalves;+44 944785429
Sofia Pereira;+33 373178191
Sofia Silva;+39 392273444
Sofia Gomes;+41 501253472
Sofia Gomes;+43 890421855
Sofia Pereira;+43 238516754
Sofia Martins;+44 526942092
Sofia Martins;+33 485853353
Sofia Mendes;+49 273984703
Sofia Gonçalves;+32 222639321
Sofia Gonçalves;+41 741021697
Sofia Fernandes;+33 817050939
Sofia Gomes;+49 637753805
Sofia Martins;+32 522978456
Sofia Ferreira;+44 807950354
Sofia Martins;+351 991826316
Sofia Martins;+43 863690366
Sofia Fernandes;+44 721313771
Sofia Gomes;+351 043771613
Sofia Fernandes;+49 499032484
Sofia Mendes;+43 799865910
Sofia Gonçalves;+39 410296688
Sofia Fernandes;+33 397788346
Sofia Ferreira;+43 329256526
Sofia Santos;+41 603298103
Sofia Mendes;+44 271089682
Sofia Mendes;+33 074408399
Sofia Silva;+44 530569928
Sofia Silva;+44 866050855
Sofia Pereira;+351 644229804
Sofia Gomes;+39 035697290
Sofia Santos;+351 411127169
Sofia Martins;+41 748015021
Sofia Fernandes;+41 110631773
Sofia Gonçalves;+49 011707554
Sofia Martins;+33 965335972
Sofia Ferreira;+43 193647833
Sofia Gonçalves;+351 607752466
Sofia Martins;+44 627661608
Sofia Mendes;+44 449307828
Sofia Gonçalves;+351 172372532
Sofia Gomes;+32 788594803
Sofia Silva;+49 172677610
Sofia Martins;+49 462563264
Sofia Silva;+351 978527186
Sofia Ferreira;+49 827736030
Sofia Ferreira;+32 814361070
Sofia Pereira;+32 574755656
Sofia Mendes;+351 150593697
Sofia Gonçalves;+33 616600857
Sofia Fernandes;+33 101649480
Sofia Pereira;+33 051791562
Sofia Fernandes;+39 780155307
Sofia Santos;+41 808429901
Sofia Ferreira;+41 057209886
Sofia Mendes;+44 073099926
Sofia Pereira;+33 585328560
Sofia Santos;+41 765202933
Sofia Martins;+32 899204879
Sofia Mendes;+44 946593390
Sofia Fernandes;+33 076874146
Sofia Gonçalves;+32 372374692
Sofia Fernandes;+39 462266508
Sofia Alves;+41 470077984
Sofia Gonçalves;+44 408882291
