Sofia Fernandes;+33 357130842
Sofia Silva;+32 279312476
Sofia Alves;+39 205180907
Sofia Fernandes;+41 567608898
Sofia Santos;+43 084391918
Sofia Pereira;+41 348861259
Sofia Ferreira;+39 140300913
Sofia Silva;+39 330091941
Sofia Gonçalves;+41 609162680
Sofia Pereira;+33 531535258
Sofia Fernandes;+32 595856723
Sofia Mendes;+33 949655766
Sofia Pereira;+41 558679035
Sofia Ferreira;+49 433546525
Sofia Alves;+351 908981810
Sofia Gomes;+32 337357328
Sofia Ferreira;+44 437656918
Sofia Ferreira;+41 031747269
Sofia Martins;+44 983157865
Sofia Gonçalves;+33 814695180
Sofia Martins;+351 313062539
Sofia Santos;+49 441159341
Sofia Fernandes;+33 512989226
Sofia Santos;+41 186549820
Sofia Mendes;+351 661314810
Sofia Gomes;+41 077367556
Sofia Pereira;+39 571230155
Sofia Silva;+41 085164504
Sofia Mendes;+44 752719639
Sofia Santos;+44 458046795
Sofia Ferreira;+39 314942522
Sofia Gomes;+33 527976348
Sofia Mendes;+32 704187117
Sofia Gonçalves;+41 038508968
Sofia Alves;+43 501910402
Sofia Silva;+32 620310080
Sofia Gomes;+33 216999587
Sofia Ferreira;+43 942142580
Sofia Pereira;+32 391468415
Sofia Mendes;+41 797304224
Sofia Santos;+351 290354261
Sofia Gomes;+49 120046011
Sofia Ferreira;+49 917378680
Sofia Ferreira;+33 113125027
Sofia Gomes;+44 874512514
Sofia Gomes;+351 348652663
Sofia Fernandes;+39 216082401
Sofia Pereira;+43 021690272
Sofia Fernandes;+41 460850366
Sofia Ferreira;+44 084252923
Sofia Silva;+43 805121782
Sofia Ferreira;+49 090698912
Sofia Mendes;+32 314454741
Sofia Mendes;+351 060478697
Sofia Silva;+39 841716705
Sofia Mendes;+33 480200228
Sofia Gonçalves;+49 016734817
Sofia Martins;+351 233995788
Sofia Santos;+44 659009510
Sofia Mendes;+41 632817701
Sofia Santos;+41 851822708
Sofia Pereira;+33 690518112
Sofia Martins;+351 966522454
Sofia Alves;+43 862844809
Sofia Alves;+41 928662155
Sofia Fernandes;+49 633030006
Sofia Ferreira;+32 849257293
Sofia Alves;+39 034391815
Sofia Martins;+49 485270880
Sofia Mendes;+33 094829020
Sofia Santos;+44 231551817
Sofia Mendes;+49 679191317
Sofia Ferreira;+32 423651147
Sofia Ferreira;+44 197874687
Sofia Ferreira;+32 516645471
Sofia Martins;+44 295562600
Sofia Gonçalves;+33 039567407
Sofia Alves;+41 839837974
Sofia Fernandes;+39 283664513
Sofia Gonçalves;+49 162812589
Sofia Ferreira;+32 641669226
Sofia Mendes;+39 508255859
Sofia Alves;+41 471625959
Sofia Fernandes;+49 049174735
Sofia Alves;+49 961918003
Sofia Silva;+32 825450334
Sofia Mendes;+32 151464967
Sofia Pereira;+49 636376765
Sofia Santos;+43 744776476
Sofia Pereira;+41 701298841
Sofia Silva;+41 595626944
Sofia Fernandes;+49 850457935
Sofia Santos;+41 664214159
Sofia Silva;+41 801930575
Sofia Silva;+49 514483706
Sofia Martins;+44 712399600
Sofia Pereira;+49 273068760
Sofia Fernandes;+33 062926304
Sofia Mendes;+43 417356015
Sofia Pereira;+351 649338356
