Sofia Pereira;+49 131266813
Sofia Ferreira;+41 291488839
Sofia Gomes;+43 028194826
Sofia Mendes;+41 615555165
Sofia Ferreira;+43 454987542
Sofia Silva;+32 604411777
Sofia Alves;+43 952234697
Sofia Ferreira;+41 907749912
Sofia Silva;+351 670387972
Sofia Pereira;+41 765666976
Sofia Alves;+41 761218689
Sofia Santos;+32 992824591
Sofia Mendes;+49 640762016
Sofia Fernandes;+39 020612197
Sofia Santos;+41 683384924
Sofia Martins;+351 049421089
Sofia Gomes;+351 474639050
Sofia Fernandes;+49 305728269
Sofia Gonçalves;+49 948680860
Sofia Gonçalves;+351 548789497
Sofia Santos;+43 568773943
Sofia Fernandes;+32 673948434
Sofia Martins;+351 310660325
Sofia Ferreira;+43 725688320
Sofia Gomes;+39 949084371
Sofia Santos;+33 498950446
Sofia Pereira;+351 454620043
Sofia Silva;+32 464031452
Sofia Gomes;+33 615133965
Sofia Gomes;+351 235408699
Sofia Fernandes;+49 101303524
Sofia Ferreira;+32 700582191
Sofia Fernandes;+43 183557391
Sofia Gomes;+41 716738548
Sofia Pereira;+39 121772930
Sofia Martins;+43 627591185
Sofia Gonçalves;+32 609736332
Sofia Gonçalves;+33 380819548
Sofia Alves;+351 491008602
Sofia Mendes;+32 833501808
Sofia Ferreira;+41 440073590
Sofia Martins;+351 050341196
Sofia Silva;+351 252491029
Sofia Ferreira;+32 289436854
Sofia Mendes;+41 740521155
Sofia Pereira;+39 820246266
Sofia Santos;+44 002856943
Sofia Martins;+43 598358699
Sofia Gomes;+43 882981977
Sofia Santos;+32 574855754
Sofia Mendes;+43 357881393
Sofia Alves;+41 871356541
Sofia Alves;+33 779580086
Sofia Silva;+32 278152123
Sofia Gonçalves;+351 310544329
Sofia Silva;+44 478418354
Sofia Alves;+351 567931438
Sofia Mendes;+43 744317557
Sofia Silva;+49 910853073
Sofia Fernandes;+351 830247469
Sofia Gomes;+41 873328775
Sofia Martins;+43 224395440
Sofia Pereira;+44 022078019
Sofia Martins;+351 848113266
Sofia Gonçalves;+32 057500336
Sofia Gonçalves;+44 689221649
Sofia Martins;+43 986988979
Sofia Santos;+32 363559195
Sofia Silva;+39 052186492
Sofia Martins;+39 780824484
Sofia Fernandes;+33 516724281
Sofia Alves;+41 225185156
Sofia Martins;+44 382314028
Sofia Gonçalves;+39 643831579
Sofia Martins;+33 077093476
Sofia Gomes;+49 967308119
Sofia Alves;+43 113865548
Sofia Ferreira;+44 717215576
Sofia Mendes;+351 109607310
Sofia Mendes;+32 274653563
Sofia Ferreira;+33 397188610
Sofia Fernandes;+43 573990498
Sofia Gonçalves;+41 543069633
Sofia Alves;+41 108894627
Sofia Santos;+44 532448199
Sofia Mendes;+41 452227854
Sofia Fernandes;+41 251813506
Sofia Silva;+41 448882871
Sofia Martins;+41 814614791
Sofia Alves;+33 798117915
Sofia Fernandes;+33 961197359
Sofia Santos;+39 078084774
Sofia Martins;+49 925084953
Sofia Mendes;+351 408256351
Sofia Ferreira;+39 517041239
Sofia Santos;+39 341088458
Sofia Gomes;+41 932914053
Sofia Martins;+351 480302198
Sofia Gomes;+49 108145272
Sofia Ferreira;+32 300301264
