Sofia Gonçalves;+43 294836712
Sofia Silva;+32 868160727
Sofia Martins;+43 129729416
Sofia Gonçalves;+43 832571156
Sofia Gonçalves;+351 247365162
Sofia Ferreira;+49 307312347
Sofia Silva;+49 937397208
Sofia Mendes;+39 178196258
Sofia Alves;+33 872393379
Sofia Gonçalves;+49 767099314
Sofia Alves;+41 409963698
Sofia Gonçalves;+41 584913466
Sofia Santos;+43 493873109
Sofia Mendes;+41 035087673
Sofia Alves;+33 606174022
Sofia Santos;+351 792633353
Sofia Fernandes;+351 519147794
Sofia Santos;+33 204459702
Sofia Ferreira;+44 121425695
Sofia Alves;+351 264646875
Sofia Mendes;+33 510524785
Sofia Gomes;+351 512369305
Sofia Gonçalves;+351 604263694
Sofia Gomes;+33 077591060
Sofia Silva;+351 812010853
Sofia Martins;+41 042259234
Sofia Alves;+41 191072424
Sofia Pereira;+44 457751653
Sofia Pereira;+351 939176367
Sofia Ferreira;+49 950175398
Sofia Alves;+39 157529879
Sofia Gonçalves;+41 502053119
Sofia Fernandes;+43 176149156
Sofia Mendes;+33 927010427
Sofia Santos;+44 331281474
Sofia Gomes;+32 539500945
Sofia Martins;+43 866356678
Sofia Mendes;+41 624765300
Sofia Silva;+351 352580911
Sofia Fernandes;+39 107668859
Sofia Pereira;+49 711651894
Sofia Ferreira;+49 696888584
Sofia Gonçalves;+44 721935971
Sofia Ferreira;+44 704881766
Sofia Martins;+39 443566319
Sofia Martins;+39 829778259
Sofia Mendes;+49 348014734
Sofia Ferreira;+43 860898936
Sofia Ferreira;+39 954237177
Sofia Martins;+33 231137621
Sofia Gonçalves;+33 749667195
Sofia Gomes;+33 242260413
Sofia Mendes;+33 316082224
Sofia Alves;+39 954432218
Sofia Ferreira;+41 933761380
Sofia Mendes;+49 592358903
Sofia Alves;+49 679557165
Sofia Santos;+41 006232448
Sofia Mendes;+44 091358788
Sofia Gomes;+49 105946476
Sofia Silva;+39 538738217
Sofia Mendes;+43 352936476
Sofia Pereira;+351 572280370
Sofia Santos;+41 302351130
Sofia Mendes;+49 817179630
Sofia Gomes;+44 699056911
Sofia Mendes;+32 782024123
Sofia Santos;+43 304668008
Sofia Martins;+49 594615334
Sofia Martins;+32 432058125
Sofia Ferreira;+32 103600971
Sofia Fernandes;+44 425161038
Sofia Santos;+44 400013539
Sofia Alves;+33 022342834
Sofia Silva;+39 333457288
Sofia Gonçalves;+49 678491565
Sofia Martins;+43 843533489
Sofia Alves;+44 182310402
Sofia Pereira;+32 371390255
Sofia Pereira;+351 648703398
Sofia Alves;+43 577588193
Sofia Mendes;+44 851505675
Sofia Gomes;+41 920120900
Sofia Pereira;+351 182719206
Sofia Mendes;+41 347667354
Sofia Mendes;+39 871699608
Sofia Gonçalves;+44 134111080
Sofia Silva;+32 303010561
Sofia Pereira;+33 927933005
Sofia Ferreira;+39 359650361
Sofia Alves;+49 756768875
Sofia Mendes;+351 402562380
Sofia Ferreira;+33 497115047
Sofia Martins;+33 495780253
Sofia Pereira;+43 144004930
Sofia Fernandes;+41 869960786
Sofia Ferreira;+351 785144557
Sofia Ferreira;+44 438035151
Sofia Ferreira;+39 534127394
Sofia Gomes;+43 531655211
