Sofia Gomes;+49 245299020
Sofia Fernandes;+39 342005413
Sofia Ferreira;+32 178173056
Sofia Gonçalves;+33 952600505
Sofia Gomes;+49 496971296
Sofia Gonçalves;+43 435075253
Sofia Gomes;+49 264461340
Sofia Martins;+32 209629297
Sofia Mendes;+33 856696361
Sofia Santos;+32 674822918
Sofia Gonçalves;+39 973868041
Sofia Martins;+33 525346843
Sofia Mendes;+33 966139289
Sofia Fernandes;+43 117633016
Sofia Fernandes;+41 273850364
Sofia Silva;+39 268053323
Sofia Mendes;+43 174737806
Sofia Ferreira;+32 273381073
Sofia Alves;+39 929965074
Sofia Mendes;+41 074144340
Sofia Alves;+32 280326401
Sofia Gomes;+41 301409121
Sofia Fernandes;+43 502377354
Sofia Pereira;+33 220996674
Sofia Silva;+39 886808226
Sofia Silva;+44 950103992
Sofia Mendes;+49 977350710
Sofia Pereira;+44 218052628
Sofia Pereira;+32 078827189
Sofia Ferreira;+43 355931028
Sofia Alves;+351 338276929
Sofia Fernandes;+49 707422638
Sofia Martins;+39 875153564
Sofia Gonçalves;+351 139163779
Sofia Gonçalves;+41 004317797
Sofia Mendes;+41 875456145
Sofia Gonçalves;+32 930956107
Sofia Pereira;+33 739314584
Sofia Pereira;+41 853659222
Sofia Santos;+44 898341533
Sofia Alves;+33 507641334
Sofia Gomes;+44 809478703
Sofia Santos;+39 258524869
Sofia Santos;+32 040996863
Sofia Ferreira;+351 968828295
Sofia Martins;+41 942480041
Sofia Fernandes;+49 492557483
Sofia Mendes;+43 533717029
Sofia Santos;+351 823030142
Sofia Silva;+39 824349037
Sofia Martins;+33 584407629
Sofia Ferreira;+44 049159466
Sofia Santos;+49 697759740
Sofia Ferreira;+41 714109095
Sofia Gonçalves;+44 164559613
Sofia Gomes;+39 675719644
Sofia Gomes;+33 439739373
Sofia Alves;+32 220146067
Sofia Ferreira;+32 467825772
Sofia Martins;+32 311280013
Sofia Fernandes;+32 513950039
Sofia Gomes;+44 191995387
Sofia Santos;+39 946092752
Sofia Silva;+44 400289222
Sofia Fernandes;+44 990096771
Sofia Gomes;+44 978604783
Sofia Alves;+32 208958944
Sofia Fernandes;+351 604400124
Sofia Pereira;+41 204860655
Sofia Martins;+44 583404542
Sofia Martins;+32 247078305
Sofia Martins;+33 303631186
Sofia Santos;+39 673531882
Sofia Martins;+33 418879392
Sofia Alves;+32 585308736
Sofia Pereira;+41 757463817
Sofia Ferreira;+44 049220471
Sofia Fernandes;+32 295544940
Sofia Gomes;+33 132361352
Sofia Alves;+43 464157018
Sofia Mendes;+44 889026649
Sofia Ferreira;+33 497991279
Sofia Alves;+39 699435893
Sofia Gonçalves;+32 670966539
Sofia Silva;+39 345165148
Sofia Gonçalves;+351 939461907
Sofia Silva;+39 835285801
Sofia Mendes;+32 066610706
Sofia Fernandes;+39 351168044
Sofia Ferreira;+33 119031547
Sofia Pereira;+351 217265670
Sofia Pereira;+32 848960115
Sofia Mendes;+41 859210685
Sofia Silva;+49 869756245
Sofia Silva;+44 088080906
Sofia Mendes;+32 698902699
Sofia Gomes;+43 351047943
Sofia Gomes;+41 677662434
Sofia Mendes;+44 984743501
Sofia Silva;+41 985445437
