Rui Pereira;+43 007970665
Rui Pereira;+39 350624864
Rui Pereira;+44 993257559
Rui Martins;+49 221915917
Rui Mendes;+32 469648080
Ricardo Ferreira;+43 229582531
Rui Gomes;+39 598755140
Ricardo Martins;+43 469335554
Ricardo Santos;+33 162787368
Rui Pereira;+351 972025991
Rui Alves;+44 302875389
Rui Mendes;+39 864612981
Ricardo Martins;+351 015460631
Ricardo Fernandes;+43 214733702
Ricardo Pereira;+44 014881811
Rui Gomes;+49 902327646
Ricardo Silva;+41 282862496
Ricardo Mendes;+39 959723174
Ricardo Alves;+33 538508328
Rui Silva;+44 512868502
Rui Mendes;+49 034648067
Ricardo Gonçalves;+33 204351455
Ricardo Silva;+351 808302173
Ricardo Martins;+33 384045044
Rui Gonçalves;+49 598455997
Ricardo Gomes;+49 218861687
Rui Fernandes;+351 189391638
Rui Gonçalves;+32 635421725
Rui Gomes;+41 080309248
Ricardo Ferreira;+43 122603214
Rui Ferreira;+43 528900915
Rui Ferreira;+33 787376530
Rui Ferreira;+44 455945138
Rui Ferreira;+44 271507835
Ricardo Ferreira;+44 220931626
Rui Alves;+32 640158393
Ricardo Gonçalves;+44 140615445
Ricardo Alves;+41 180331077
Rui Ferreira;+351 421857573
Ricardo Gomes;+43 628634345
Ricardo Silva;+32 608953635
Rui Gonçalves;+41 016989815
Ricardo Gonçalves;+44 208734100
Ricardo Alves;+44 361994658
Ricardo Fernandes;+351 514415573
Ricardo Santos;+49 453874101
Ricardo Mendes;+32 134101244
Rui Fernandes;+39 983662000
Rui Silva;+33 965559581
Rui Gonçalves;+351 630805039
Rui Gonçalves;+43 049176054
Rui Gonçalves;+33 793801054
Rui Martins;+49 758894558
Ricardo Ferreira;+351 529729728
Rui Ferreira;+351 580686286
Ricardo Martins;+41 655873323
Rui Ferreira;+44 921073332
Rui Ferreira;+33 049832659
Ricardo Mendes;+32 651697743
Ricardo Gonçalves;+32 936423559
Ricardo Silva;+39 509979775
Ricardo Santos;+32 544978448
Rui Santos;+351 073384741
Ricardo Gomes;+41 308607579
Rui Gomes;+44 640535077
Rui Mendes;+39 259489348
Rui Alves;+33 552942111
Ricardo Silva;+44 336577244
Rui Ferreira;+49 098165657
Ricardo Martins;+351 774773326
Ricardo Ferreira;+33 912983553
Ricardo Mendes;+39 263097202
Rui Martins;+43 342073864
Ricardo Gonçalves;+33 550217235
Rui Alves;+41 663357770
Ricardo Mendes;+39 869781693
Rui Alves;+44 361183665
Ricardo Santos;+33 267965089
Rui Martins;+43 859173699
Rui Fernandes;+351 541663586
Ricardo Martins;+39 064051822
Ricardo Alves;+43 223041589
Rui Gomes;+41 869497084
Rui Ferreira;+41 651491068
Ricardo Fernandes;+41 483476990
Ricardo Santos;+44 675188602
Rui Pereira;+43 782372722
Ricardo Pereira;+44 508207051
Ricardo Fernandes;+39 278936242
Rui Mendes;+49 109784889
Ricardo Ferreira;+33 897228870
Ricardo Alves;+33 207096994
Rui Gomes;+351 665056732
Ricardo Martins;+32 909466641
Rui Mendes;+32 696864166
Ricardo Gonçalves;+33 401522660
Rui Mendes;+43 376666423
Rui Mendes;+41 814790140
Rui Ferreira;+44 800896955
Ricardo Silva;+44 351793908
