Ricardo Pereira;+43 841898817
Rui Mendes;+33 786178853
Ricardo Mendes;+43 326461371
Rui Fernandes;+41 559163235
Rui Gonçalves;+44 586572487
Ricardo Alves;+41 694348099
Ricardo Martins;+44 194771844
Rui Santos;+351 163881817
Rui Pereira;+49 405021792
Rui Santos;+41 961061641
Ricardo Gonçalves;+39 380893093
Rui Gomes;+49 602493133
Ricardo Alves;+44 044422701
Rui Pereira;+351 840043778
Ricardo Ferreira;+49 699784743
Rui Silva;+44 815818498
Rui Santos;+351 666580055
Rui Fernandes;+351 129468154
Ricardo Gomes;+351 151613455
Rui Silva;+32 789263178
Rui Fernandes;+49 036498471
Rui Martins;+32 168213470
Rui Pereira;+39 108598841
Rui Gomes;+33 192610594
Rui Pereira;+44 650775072
Rui Silva;+39 926826800
Rui Santos;+32 458009961
Ricardo Silva;+49 777921877
Rui Ferreira;+33 342106385
Ricardo Fernandes;+39 353008387
Rui Ferreira;+49 424619056
Ricardo Mendes;+351 463707233
Ricardo Gonçalves;+351 588751070
Rui Mendes;+49 616129014
Rui Gonçalves;+351 956469463
Ricardo Martins;+32 914780723
Rui Silva;+49 040817115
Rui Martins;+351 496082442
Rui Alves;+32 372442374
Ricardo Mendes;+32 866151421
Ricardo Mendes;+39 093413827
Ricardo Mendes;+49 653416212
Ricardo Ferreira;+32 576344798
Ricardo Santos;+39 258918824
Rui Martins;+351 332682895
Ricardo Santos;+44 552745054
Rui Pereira;+43 810393385
Ricardo Santos;+32 211046206
Ricardo Santos;+32 643894928
Ricardo Mendes;+32 108570246
Rui Santos;+43 411329852
Rui Ferreira;+32 491140475
Rui Martins;+351 947092164
Ricardo Martins;+39 516088810
Rui Gomes;+44 312620445
Ricardo Mendes;+33 179212463
Rui Alves;+41 589341101
Ricardo Gomes;+33 155564367
Rui Ferreira;+32 081828582
Rui Santos;+33 686287286
Rui Ferreira;+49 652132127
Rui Gomes;+351 058657387
Rui Alves;+49 445121738
Rui Gonçalves;+41 128511363
Rui Mendes;+351 094398816
Rui Ferreira;+39 207734343
Rui Gonçalves;+43 328234888
Ricardo Ferreira;+351 872289126
Rui Alves;+41 191612557
Rui Fernandes;+33 240260634
Ricardo Silva;+44 155442441
Ricardo Ferreira;+49 646977021
Rui Martins;+351 477103628
Rui Mendes;+44 267160105
Ricardo Gomes;+351 029649855
Ricardo Mendes;+351 527155279
Rui Mendes;+43 591487703
Ricardo Martins;+32 121276661
Ricardo Santos;+43 505446472
Rui Pereira;+351 068156997
Ricardo Ferreira;+33 970490308
Ricardo Santos;+32 124222218
Rui Santos;+32 318788693
Rui Ferreira;+32 723471611
Rui Fernandes;+44 095184582
Ricardo Santos;+49 427991673
Ricardo Silva;+32 057476115
Ricardo Mendes;+41 543522576
Ricardo Pereira;+43 579870977
Ricardo Ferreira;+39 031612066
Rui Ferreira;+43 258712124
Rui Mendes;+33 547324771
Rui Martins;+351 926633668
Rui Fernandes;+39 050026390
Rui Fernandes;+39 475951094
Rui Fernandes;+43 537325886
Rui Pereira;+44 514594541
Ricardo Gomes;+41 307935477
Ricardo Gonçalves;+39 649075736
Rui Gomes;+33 119187487
