Catarina Santos;+32 230053834
Catarina Santos;+39 861232565
Catarina Fernandes;+351 051214738
Catarina Alves;+49 050085247
Carlos Fernandes;+351 136420082
Catarina Pereira;+41 830284053
Carlos Gonçalves;+41 631816948
Carlos Gonçalves;+44 506610252
Catarina Ferreira;+33 781263394
Carlos Silva;+39 543006679
Catarina Pereira;+41 006859355
Catarina Gonçalves;+44 430094113
Catarina Alves;+41 707059981
Catarina Fernandes;+41 986308271
Catarina Santos;+49 792460257
Carlos Santos;+351 874975012
Carlos Ferreira;+32 078640359
Carlos Santos;+43 725599675
Carlos Mendes;+44 010362333
Carlos Martins;+49 958185620
Catarina Gonçalves;+43 809244558
Carlos Silva;+351 212319125
Carlos Gonçalves;+39 787979374
Catarina Martins;+43 724153792
Carlos Silva;+351 412481703
Catarina Fernandes;+351 299989567
Catarina Mendes;+351 630084869
Catarina Pereira;+49 412356663
Catarina Santos;+32 021482343
Catarina Silva;+44 868555673
Catarina Ferreira;+41 394016645
Carlos Ferreira;+44 752701971
Catarina Alves;+33 563719397
Carlos Mendes;+39 932519085
Carlos Silva;+41 708437553
Carlos Martins;+49 443450480
Carlos Ferreira;+32 877274146
Catarina Pereira;+32 998411628
Catarina Ferreira;+49 072274798
Carlos Santos;+32 965818511
Catarina Martins;+351 558687573
Catarina Gonçalves;+43 368517141
Catarina Mendes;+39 580054616
Catarina Gonçalves;+49 911096485
Catarina Silva;+41 857830672
Carlos Mendes;+351 708348925
Carlos Ferreira;+41 066231172
Carlos Ferreira;+43 831430818
Catarina Mendes;+32 512178269
Carlos Alves;+44 842140132
Catarina Ferreira;+43 949022885
Carlos Alves;+41 502773866
Carlos Mendes;+44 583606378
Catarina Santos;+39 192051327
Carlos Mendes;+33 507972635
Carlos Fernandes;+33 695050847
Catarina Mendes;+44 977170589
Carlos Ferreira;+49 557001718
Carlos Pereira;+39 260355404
Catarina Martins;+39 716228423
Carlos Pereira;+32 429525307
Catarina Gonçalves;+39 279447512
Catarina Silva;+44 527073056
Carlos Martins;+41 379697880
Carlos Gonçalves;+43 943623750
Carlos Gomes;+41 892244112
Catarina Alves;+41 634245349
Catarina Martins;+351 445186732
Catarina Mendes;+44 169595467
Catarina Mendes;+44 348630166
Carlos Santos;+49 148749670
Carlos Santos;+44 716755487
Catarina Pereira;+351 285899203
Catarina Martins;+43 600797028
Catarina Santos;+41 491573789
Catarina Pereira;+32 126313094
Catarina Ferreira;+32 226214343
Carlos Ferreira;+44 832944848
Catarina Fernandes;+43 182786381
Catarina Pereira;+33 573931214
Catarina Pereira;+49 266177017
Carlos Gonçalves;+33 257836210
Catarina Pereira;+33 902745424
Catarina Santos;+39 980156443
Catarina Silva;+44 739711014
Carlos Martins;+49 151718665
Carlos Martins;+32 299735219
Carlos Alves;+43 680630033
Catarina Martins;+39 696027161
Carlos Martins;+39 498900496
Carlos Ferreira;+351 471738827
Carlos Martins;+32 680936783
Carlos Martins;+49 459238047
Catarina Fernandes;+39 032063429
Carlos Alves;+43 319270228
Catarina Gomes;+351 712353381
Catarina Ferreira;+41 615959546
Catarina Pereira;+33 981771753
Catarina Pereira;+32 754639584
Catarina Gonçalves;+32 269103344
