Ricardo Santos;+44 857168834
Ricardo Alves;+33 952972862
Ricardo Santos;+32 914882465
Rui Fernandes;+33 581865989
Ricardo Silva;+41 418265602
Rui Ferreira;+43 864744323
Ricardo Mendes;+32 722311071
Ricardo Gomes;+351 203919783
Ricardo Martins;+39 743025928
Rui Gomes;+33 337966489
Ricardo Ferreira;+49 622278073
Ricardo Martins;+32 691882048
Rui Martins;+32 056494744
Ricardo Mendes;+43 422661792
Ricardo Gonçalves;+39 574904131
Rui Fernandes;+351 590827733
Rui Alves;+41 034250448
Rui Ferreira;+32 686869317
Rui Ferreira;+32 063474851
Ricardo Mendes;+49 583925733
Rui Gomes;+49 500793129
Rui Ferreira;+351 174234846
Ricardo Gonçalves;+49 558565412
Rui Fernandes;+351 349939639
Ricardo Fernandes;+33 962826524
Rui Fernandes;+41 235251355
Rui Silva;+39 911760417
Ricardo Martins;+39 342484338
Rui Gonçalves;+41 418839509
Rui Pereira;+33 924130516
Ricardo Mendes;+32 117635142
Ricardo Mendes;+32 751366873
Rui Gomes;+33 832435651
Ricardo Santos;+44 183424686
Ricardo Pereira;+43 495476968
Rui Gonçalves;+33 116554721
Rui Gonçalves;+49 516273690
Ricardo Alves;+49 867828678
Rui Pereira;+44 307511647
Ricardo Pereira;+41 131245998
Ricardo Fernandes;+351 404419105
Rui Martins;+351 068751377
Ricardo Gomes;+41 151498875
Ricardo Silva;+39 635426270
Ricardo Gomes;+49 208506454
Rui Mendes;+33 529250889
Ricardo Gonçalves;+49 494568225
Ricardo Pereira;+44 179675852
Rui Silva;+39 530220956
Rui Ferreira;+43 208274320
Ricardo Pereira;+351 703760394
Ricardo Silva;+41 519882539
Ricardo Alves;+351 939528094
Rui Martins;+49 797730793
Rui Martins;+351 330547130
Ricardo Santos;+39 054491559
Rui Santos;+44 862956830
Rui Martins;+44 122473964
Rui Martins;+39 641967442
Rui Alves;+49 615477441
Rui Mendes;+44 549783705
Ricardo Mendes;+351 402065308
Rui Mendes;+32 827752257
Rui Mendes;+351 994885713
Rui Gomes;+39 905568237
Ricardo Santos;+32 522581634
Ricardo Ferreira;+351 034521705
Ricardo Fernandes;+49 114074598
Ricardo Santos;+41 506208610
Ricardo Ferreira;+41 329053933
Rui Martins;+41 848519678
Ricardo Gomes;+49 218039775
Rui Martins;+32 400956536
Ricardo Ferreira;+351 671476283
Rui Fernandes;+32 973612362
Ricardo Santos;+39 156945033
Rui Pereira;+39 658434815
Ricardo Gonçalves;+32 355488446
Ricardo Santos;+32 224273611
Rui Martins;+32 748875866
Ricardo Fernandes;+32 570425731
Rui Alves;+32 832377423
Rui Gonçalves;+41 402272605
Rui Martins;+44 870083879
Rui Alves;+351 712977024
Ricardo Ferreira;+32 380572214
Rui Santos;+32 661560970
Ricardo Santos;+33 472616120
Rui Gonçalves;+39 492467071
Rui Martins;+41 234659180
Ricardo Martins;+41 891998076
Rui Martins;+43 493820369
Ricardo Silva;+351 460415254
Rui Silva;+39 241949804
Ricardo Pereira;+49 764103886
Rui Mendes;+43 604607664
Rui Silva;+41 666799243
Rui Silva;+44 355035869
Rui Gomes;+32 678123324
Rui Mendes;+39 597903911
