Ana Gonçalves;+32 820072630
Ana Silva;+39 400021856
Ana Santos;+49 254765803
Ana Martins;+39 725152092
Ana Santos;+44 594813031
Ana Gomes;+43 626010632
Ana Silva;+32 667735036
Ana Pereira;+49 997795584
Ana Ferreira;+44 081873843
Ana Alves;+49 172608864
Ana Gomes;+32 728583143
Ana Silva;+43 200007700
Ana Ferreira;+39 850785402
Ana Martins;+44 924725331
Ana Santos;+44 953635795
Ana Santos;+49 899891598
Ana Gomes;+41 568781095
Ana Martins;+49 206538366
Ana Santos;+41 783704530
Ana Martins;+41 481815606
Ana Ferreira;+39 337405563
Ana Gonçalves;+44 293715931
Ana Pereira;+44 376705847
Ana Silva;+39 868383651
Ana Fernandes;+33 531710373
Ana Gomes;+44 427812494
Ana Silva;+351 004829414
Ana Gonçalves;+49 340716470
Ana Santos;+32 869269005
Ana Ferreira;+41 695868493
Ana Mendes;+39 672796875
Ana Gonçalves;+32 061347157
Ana Mendes;+49 643719455
Ana Gonçalves;+41 449205843
Ana Gomes;+49 397910705
Ana Fernandes;+351 420979291
Ana Ferreira;+49 865280904
Ana Alves;+33 958817029
Ana Santos;+39 588858533
Ana Ferreira;+32 236316092
Ana Fernandes;+39 507103374
Ana Ferreira;+44 856841733
Ana Gonçalves;+44 246672610
Ana Gonçalves;+32 388746781
Ana Gonçalves;+39 128610078
Ana Fernandes;+43 057072733
Ana Fernandes;+49 256839029
Ana Gomes;+32 254924439
Ana Mendes;+49 012541365
Ana Gomes;+351 706535870
Ana Alves;+44 137000704
Ana Pereira;+43 010838201
Ana Gomes;+44 420730007
Ana Pereira;+49 024208671
Ana Mendes;+33 600598301
Ana Silva;+351 803720276
Ana Alves;+351 244597411
Ana Martins;+41 644686367
Ana Ferreira;+44 728872162
Ana Martins;+33 855644648
Ana Ferreira;+351 684499562
Ana Mendes;+33 017645766
Ana Gonçalves;+32 351488429
Ana Gonçalves;+32 174533343
Ana Pereira;+41 080240617
Ana Santos;+39 177046009
Ana Gonçalves;+43 436022651
Ana Gomes;+351 638845531
Ana Alves;+43 852614705
Ana Martins;+43 704384249
Ana Santos;+49 683553472
Ana Alves;+43 082932861
Ana Silva;+43 981786268
Ana Gonçalves;+39 030403527
Ana Mendes;+41 748775903
Ana Santos;+49 693297994
Ana Fernandes;+41 218772779
Ana Santos;+43 565442083
Ana Martins;+32 207693325
Ana Gonçalves;+39 407303966
Ana Santos;+39 125900489
Ana Martins;+49 391405393
Ana Alves;+351 976983853
Ana Santos;+351 372262416
Ana Santos;+43 476199653
Ana Alves;+32 390034329
Ana Alves;+43 856887597
Ana Gonçalves;+33 970616081
Ana Martins;+49 054689560
Ana Fernandes;+41 666937056
Ana Martins;+39 873291900
Ana Alves;+49 608194272
Ana Fernandes;+39 078788698
Ana Santos;+43 826199610
Ana Gomes;+39 266395195
Ana Ferreira;+49 725124443
Ana Alves;+41 246766224
Ana Ferreira;+41 751172075
Ana Alves;+33 739170400
Ana Ferreira;+39 052667001
