Rui Pereira;+44 691831702
Rui Mendes;+32 525197811
Ricardo Mendes;+33 798183045
Rui Alves;+41 283241221
Ricardo Silva;+44 954312800
Ricardo Gonçalves;+32 203781110
Rui Silva;+43 106198676
Ricardo Gomes;+39 631488489
Ricardo Ferreira;+351 825145615
Ricardo Martins;+32 619566937
Ricardo Fernandes;+41 477512093
Rui Martins;+43 213394057
Ricardo Pereira;+41 661513124
Rui Martins;+49 417790142
Rui Gonçalves;+33 493731170
Rui Gomes;+351 524682110
Rui Alves;+49 063388172
Rui Martins;+44 332225679
Ricardo Gomes;+44 052426464
Ricardo Santos;+33 699557387
Rui Pereira;+49 476128173
Ricardo Gomes;+33 910701702
Ricardo Alves;+49 478898079
Ricardo Silva;+44 012864909
Rui Gomes;+43 532081349
Ricardo Gonçalves;+44 867089667
Rui Martins;+49 308900312
Ricardo Gonçalves;+41 039867031
Rui Martins;+39 634404802
Rui Alves;+43 891829443
Rui Santos;+49 382975740
Ricardo Santos;+39 610069867
Ricardo Fernandes;+43 282279816
Rui Gomes;+32 347452743
Rui Mendes;+33 372108534
Ricardo Martins;+32 588162424
Rui Mendes;+32 395727319
Ricardo Ferreira;+49 798782097
Ricardo Santos;+49 970260033
Rui Santos;+33 261350735
Ricardo Santos;+39 031365896
Ricardo Fernandes;+33 147543405
Ricardo Gomes;+44 103429748
Rui Santos;+49 110380897
Ricardo Santos;+39 639379800
Rui Martins;+33 397399081
Ricardo Silva;+33 068719772
Rui Silva;+44 589660504
Ricardo Silva;+39 597638636
Rui Gonçalves;+41 402801037
Rui Ferreira;+41 498892996
Rui Pereira;+39 721437886
Rui Gonçalves;+49 280156517
Rui Gonçalves;+33 324145241
Ricardo Santos;+49 185033962
Ricardo Mendes;+33 009487784
Ricardo Silva;+33 737988823
Ricardo Silva;+44 116481958
Ricardo Santos;+43 298274358
Rui Gomes;+39 739233291
Ricardo Fernandes;+32 752059379
Ricardo Santos;+33 707892225
Ricardo Mendes;+32 251416356
Ricardo Ferreira;+44 272858838
Ricardo Martins;+49 591939147
Rui Mendes;+43 391567313
Rui Pereira;+39 781927188
Ricardo Ferreira;+32 105849155
Rui Alves;+41 259821317
Ricardo Santos;+44 586435052
Rui Ferreira;+32 491527370
Ricardo Gomes;+351 112600324
Ricardo Gonçalves;+41 557195113
Ricardo Mendes;+351 370068388
Rui Mendes;+33 864723041
Ricardo Fernandes;+39 896227265
Ricardo Mendes;+44 172707915
Ricardo Gomes;+39 100232944
Rui Mendes;+49 790065945
Ricardo Gonçalves;+32 493957498
Ricardo Gomes;+44 784746003
Ricardo Martins;+39 426480786
Ricardo Alves;+39 248749820
Rui Mendes;+44 450978416
Rui Fernandes;+33 171531537
Rui Silva;+44 148998987
Ricardo Gonçalves;+32 031698314
Ricardo Gomes;+351 102102679
Rui Gomes;+44 005529647
Ricardo Fernandes;+49 467833047
Ricardo Gonçalves;+351 148299717
Ricardo Pereira;+32 420996805
Rui Santos;+33 001032944
Ricardo Ferreira;+44 402319981
Rui Mendes;+43 514352370
Ricardo Alves;+351 344118487
Ricardo Gonçalves;+43 249269090
Rui Silva;+32 415746833
Rui Fernandes;+43 447540278
Ricardo Alves;+49 953589051
