Rui Santos;+44 121870203
Ricardo Santos;+41 001943449
Ricardo Gomes;+33 044000204
Ricardo Mendes;+351 403975242
Ricardo Gonçalves;+39 103152301
Ricardo Fernandes;+39 903491927
Rui Alves;+39 794864643
Ricardo Santos;+32 645241906
Ricardo Ferreira;+44 294306385
Ricardo Pereira;+43 743186818
Ricardo Mendes;+44 857827618
Ricardo Alves;+351 029517022
Ricardo Gonçalves;+33 026999980
Ricardo Martins;+44 178648185
Rui Fernandes;+44 530656219
Rui Pereira;+39 041094022
Ricardo Silva;+39 988729225
Rui Gonçalves;+41 255408505
Rui Gonçalves;+39 976097634
Rui Gonçalves;+39 048802779
Ricardo Silva;+39 141782204
Rui Mendes;+49 761379012
Rui Santos;+32 113941566
Rui Pereira;+32 780930826
Ricardo Ferreira;+39 256891392
Rui Pereira;+32 097029981
Rui Pereira;+351 460030543
Rui Martins;+39 358165935
Ricardo Gomes;+33 993799801
Ricardo Martins;+33 832506866
Ricardo Martins;+33 031591055
Rui Martins;+41 717574960
Ricardo Silva;+39 123086144
Ricardo Silva;+351 845719415
Ricardo Martins;+33 775440187
Rui Ferreira;+351 429783503
Rui Silva;+49 947216039
Ricardo Pereira;+41 711031935
Ricardo Silva;+32 575488529
Rui Silva;+44 991459584
Rui Martins;+32 627024174
Rui Alves;+33 053433503
Rui Gonçalves;+351 962606318
Ricardo Gomes;+49 959689644
Rui Ferreira;+39 081061727
Ricardo Santos;+351 330914997
Rui Santos;+41 085186446
Ricardo Alves;+32 704385441
Rui Fernandes;+44 003355144
Ricardo Gomes;+39 019040210
Ricardo Alves;+33 903089491
Rui Silva;+351 692035263
Rui Pereira;+41 547023905
Ricardo Pereira;+44 506679785
Rui Fernandes;+33 704713473
Ricardo Gomes;+44 712878963
Rui Gomes;+33 204164585
Ricardo Gonçalves;+33 447381102
Rui Santos;+49 638405602
Ricardo Alves;+49 285942819
Ricardo Alves;+33 902424800
Rui Alves;+44 922916512
Rui Mendes;+39 279114242
Rui Ferreira;+39 634328542
Ricardo Alves;+44 622629259
Rui Fernandes;+43 355874545
Rui Fernandes;+351 289456801
Ricardo Santos;+351 647438870
Rui Silva;+43 313170989
Ricardo Gonçalves;+351 224707871
Rui Martins;+351 946902410
Ricardo Silva;+32 390790251
Rui Fernandes;+41 745148889
Rui Fernandes;+33 780808184
Ricardo Silva;+44 877780001
Rui Alves;+41 841380777
Rui Pereira;+351 367503724
Rui Gonçalves;+32 220705565
Ricardo Alves;+49 814420828
Rui Martins;+32 783389227
Rui Santos;+351 785091685
Rui Santos;+41 098030944
Ricardo Martins;+43 635174544
Rui Fernandes;+44 486333138
Ricardo Gomes;+44 389633464
Rui Gonçalves;+32 400021913
Rui Santos;+49 761742429
Rui Silva;+44 705683128
Rui Ferreira;+39 866938342
Rui Martins;+33 430134954
Rui Pereira;+43 126567650
Ricardo Gomes;+33 998529207
Ricardo Silva;+33 665885500
Ricardo Gonçalves;+49 860436613
Rui Gomes;+33 825009054
Ricardo Santos;+33 139443976
Ricardo Alves;+351 070800958
Ricardo Martins;+41 283793291
Rui Alves;+39 370910874
Ricardo Gomes;+44 965210667
