Carlos Mendes;+49 175922994
Carlos Alves;+44 195632389
Catarina Fernandes;+43 858110255
Catarina Martins;+39 976024262
Carlos Gonçalves;+43 426127056
Carlos Pereira;+351 183443978
Carlos Santos;+351 928402104
Catarina Fernandes;+49 475621643
Carlos Martins;+39 890374797
Catarina Silva;+351 593012105
Carlos Ferreira;+49 500276071
Carlos Ferreira;+33 205356943
Carlos Santos;+43 728188615
Carlos Fernandes;+43 045070206
Carlos Silva;+44 962342542
Catarina Pereira;+39 887349593
Catarina Fernandes;+351 776631973
Carlos Pereira;+33 194106053
Carlos Gonçalves;+39 646872560
Catarina Silva;+39 374347546
Carlos Santos;+41 600707129
Catarina Gomes;+32 901633113
Catarina Ferreira;+351 789067582
Catarina Fernandes;+49 669591718
Carlos Silva;+351 878159317
Carlos Ferreira;+41 486983077
Carlos Alves;+43 175210815
Catarina Gomes;+49 860327117
Catarina Ferreira;+49 740642040
Carlos Mendes;+33 560932022
Carlos Mendes;+49 131712538
Catarina Mendes;+32 213661355
Catarina Gomes;+49 883654980
Catarina Mendes;+41 667032717
Carlos Pereira;+351 606527863
Catarina Gonçalves;+44 535500973
Carlos Mendes;+49 456080035
Carlos Santos;+39 143419577
Carlos Ferreira;+43 678595003
Catarina Gomes;+33 957955295
Catarina Martins;+32 517462439
Catarina Gonçalves;+49 190193078
Catarina Gomes;+39 982339372
Carlos Mendes;+49 745877908
Catarina Alves;+41 919068352
Carlos Gonçalves;+43 755325207
Catarina Ferreira;+43 753610490
Catarina Silva;+33 893033286
Catarina Martins;+33 306257982
Catarina Ferreira;+41 778395469
Carlos Silva;+32 346544203
Carlos Alves;+32 636991065
Catarina Silva;+39 384102547
Carlos Pereira;+32 949464190
Catarina Fernandes;+41 970782371
Carlos Alves;+44 642895068
Carlos Ferreira;+41 987578907
Catarina Gomes;+39 418947233
Catarina Santos;+43 168451514
Catarina Alves;+41 572961314
Catarina Gomes;+351 275180014
Carlos Gonçalves;+32 873589018
Carlos Silva;+41 798189187
Catarina Mendes;+33 572239587
Catarina Mendes;+41 261023909
Catarina Gomes;+351 938993255
Carlos Silva;+49 588178220
Catarina Gonçalves;+32 821694950
Carlos Mendes;+41 715670458
Carlos Mendes;+351 216841085
Catarina Martins;+33 011341109
Carlos Mendes;+33 620301451
Catarina Fernandes;+41 761257427
Carlos Fernandes;+32 314214185
Catarina Gomes;+32 486728962
Carlos Ferreira;+41 289838371
Carlos Gonçalves;+41 470802985
Carlos Gomes;+351 298984422
Carlos Ferreira;+44 456934011
Carlos Silva;+351 031181946
Catarina Pereira;+32 503939153
Catarina Silva;+351 722693221
Carlos Fernandes;+351 825352750
Carlos Pereira;+43 904303678
Carlos Santos;+32 913495943
Carlos Gonçalves;+33 315744351
Carlos Fernandes;+39 793227653
Carlos Martins;+41 527540981
Catarina Martins;+44 857378344
Carlos Silva;+32 706989551
Catarina Martins;+32 737488855
Carlos Gomes;+32 944776550
Carlos Alves;+44 207201273
Catarina Alves;+49 705801685
Catarina Fernandes;+39 551394225
Carlos Gomes;+351 546182783
Carlos Gonçalves;+43 117077813
Catarina Silva;+43 006403857
Carlos Alves;+32 851227668
Carlos Fernandes;+43 785421619
