Ana Martins;+39 771426843
Ana Silva;+33 272641736
Ana Santos;+49 231560095
Ana Pereira;+33 257714927
Ana Alves;+39 956688456
Ana Ferreira;+41 852028160
Ana Mendes;+39 746299959
Ana Ferreira;+43 700801900
Ana Silva;+33 729639842
Ana Santos;+33 426668360
Ana Gomes;+43 367478690
Ana Gomes;+351 761498925
Ana Gonçalves;+49 571444450
Ana Martins;+32 271822954
Ana Gonçalves;+43 206426024
Ana Alves;+41 661312328
Ana Ferreira;+32 076509931
Ana Gomes;+33 572794948
Ana Martins;+32 855499424
Ana Mendes;+351 325740647
Ana Pereira;+39 875736325
Ana Ferreira;+33 477366476
Ana Santos;+351 316456260
Ana Santos;+39 919363395
Ana Pereira;+44 311536926
Ana Martins;+32 590252265
Ana Silva;+32 246919703
Ana Gomes;+43 573341448
Ana Ferreira;+32 883723413
Ana Alves;+43 797744218
Ana Gonçalves;+43 257706355
Ana Gomes;+43 463682616
Ana Gonçalves;+39 394460389
Ana Fernandes;+41 042798221
Ana Ferreira;+41 370564847
Ana Gomes;+41 640202448
Ana Ferreira;+49 827433506
Ana Ferreira;+41 556759827
Ana Mendes;+351 995612542
Ana Pereira;+49 378151635
Ana Gomes;+351 315429994
Ana Martins;+41 373111783
Ana Martins;+32 830950722
Ana Gomes;+43 109618639
Ana Silva;+39 066829223
Ana Mendes;+44 956371282
Ana Ferreira;+49 227103596
Ana Fernandes;+351 286473616
Ana Santos;+49 713090555
Ana Gomes;+32 223340407
Ana Mendes;+351 814575031
Ana Martins;+33 603791872
Ana Gonçalves;+49 148247549
Ana Fernandes;+351 401861493
Ana Ferreira;+33 083541601
Ana Ferreira;+33 732999984
Ana Alves;+33 052523451
Ana Mendes;+33 153689438
Ana Mendes;+49 544027643
Ana Martins;+41 440327012
Ana Silva;+44 273045352
Ana Gomes;+41 872223513
Ana Ferreira;+49 746724007
Ana Fernandes;+32 669073458
Ana Silva;+33 349205265
Ana Mendes;+39 140322096
Ana Alves;+43 778499941
Ana Ferreira;+33 811339945
Ana Santos;+32 106008442
Ana Santos;+39 198967930
Ana Gomes;+33 373517068
Ana Ferreira;+49 522655637
Ana Fernandes;+33 121119111
Ana Martins;+32 112369005
Ana Fernandes;+32 521895634
Ana Silva;+351 409143362
Ana Silva;+44 164030450
Ana Pereira;+44 366043272
Ana Gonçalves;+44 638739440
Ana Gomes;+39 500966430
Ana Santos;+33 308264712
Ana Alves;+39 806649563
Ana Santos;+41 653677043
Ana Pereira;+351 940759430
Ana Mendes;+351 530273676
Ana Mendes;+351 523825364
Ana Martins;+49 981580868
Ana Fernandes;+49 874648853
Ana Silva;+351 399597044
Ana Santos;+39 490022056
Ana Silva;+32 531774854
Ana Pereira;+49 186305208
Ana Mendes;+39 909281579
Ana Pereira;+33 173465051
Ana Fernandes;+33 581212990
Ana Pereira;+33 955022040
Ana Pereira;+33 643911431
Ana Martins;+351 902592307
Ana Fernandes;+41 061878174
Ana Alves;+43 667921143
