Sofia Ferreira;+49 367538190
Sofia Mendes;+44 748796545
Sofia Santos;+33 079016767
Sofia Fernandes;+44 520144827
Sofia Alves;+32 400066764
Sofia Martins;+41 251730062
Sofia Pereira;+44 403413292
Sofia Pereira;+351 883804010
Sofia Mendes;+49 589611843
Sofia Fernandes;+41 416858741
Sofia Silva;+44 351402107
Sofia Silva;+44 293997273
Sofia Gonçalves;+41 686189868
Sofia Santos;+41 523283313
Sofia Mendes;+43 814059269
Sofia Gonçalves;+43 527752033
Sofia Martins;+39 470057054
Sofia Santos;+39 239056338
Sofia Gomes;+351 304633496
Sofia Ferreira;+44 511642098
Sofia Mendes;+43 499319462
Sofia Fernandes;+32 892910361
Sofia Gomes;+39 150884854
Sofia Fernandes;+41 052609006
Sofia Mendes;+44 184007745
Sofia Pereira;+351 364476041
Sofia Mendes;+32 420928041
Sofia Mendes;+43 576172086
Sofia Martins;+44 466171507
Sofia Gonçalves;+351 919413148
Sofia Alves;+32 256648455
Sofia Pereira;+49 400773881
Sofia Alves;+33 459414519
Sofia Santos;+44 879066805
Sofia Martins;+32 256599087
Sofia Mendes;+39 797662296
Sofia Santos;+39 257714910
Sofia Mendes;+33 831151372
Sofia Gonçalves;+33 244224579
Sofia Gonçalves;+39 172250739
Sofia Santos;+43 706355483
Sofia Martins;+44 835185711
Sofia Fernandes;+41 930887780
Sofia Alves;+49 898741444
Sofia Fernandes;+32 670826490
Sofia Pereira;+44 404707397
Sofia Pereira;+33 936291393
Sofia Ferreira;+49 836197252
Sofia Mendes;+43 994697970
Sofia Gonçalves;+44 789282263
Sofia Fernandes;+43 856488270
Sofia Pereira;+49 891519805
Sofia Ferreira;+44 885067046
Sofia Fernandes;+43 813235355
Sofia Ferreira;+49 667552774
Sofia Gomes;+44 752774876
Sofia Silva;+44 485872697
Sofia Pereira;+44 436922759
Sofia Santos;+41 009461588
Sofia Silva;+39 847994570
Sofia Gomes;+39 508689183
Sofia Ferreira;+41 197967619
Sofia Ferreira;+32 906277322
Sofia Santos;+39 000019979
Sofia Fernandes;+33 429440041
Sofia Gonçalves;+41 158381769
Sofia Gomes;+351 442617051
Sofia Ferreira;+49 159458090
Sofia Fernandes;+44 573525626
Sofia Santos;+49 708629163
Sofia Martins;+351 503863854
Sofia Silva;+44 631978425
Sofia Santos;+351 172247033
Sofia Santos;+44 513516843
Sofia Martins;+41 269118398
Sofia Ferreira;+33 616737559
Sofia Martins;+39 502015954
Sofia Fernandes;+49 423458819
Sofia Ferreira;+33 267198336
Sofia Fernandes;+49 236713177
Sofia Pereira;+33 626520851
Sofia Alves;+32 024801316
Sofia Santos;+43 940745021
Sofia Silva;+44 383839766
Sofia Silva;+32 652310135
Sofia Gomes;+32 766613278
Sofia Ferreira;+43 839373268
Sofia Silva;+49 653002565
Sofia Ferreira;+41 288389998
Sofia Fernandes;+41 321377606
Sofia Ferreira;+41 997821834
Sofia Gonçalves;+32 831878796
Sofia Fernandes;+32 286505704
Sofia Fernandes;+43 475121664
Sofia Alves;+49 142020016
Sofia Martins;+39 610142273
Sofia Martins;+44 271779682
Sofia Pereira;+49 361671595
Sofia Ferreira;+49 801462205
Sofia Gonçalves;+33 716662016
