Catarina Pereira;+41 020325656
Catarina Mendes;+49 164390525
Carlos Fernandes;+33 445030391
Carlos Santos;+43 905567272
Carlos Pereira;+39 150980336
Carlos Silva;+39 613948209
Catarina Pereira;+41 725299281
Carlos Martins;+39 464849960
Carlos Pereira;+43 638922129
Catarina Gonçalves;+41 971751604
Catarina Pereira;+49 187099293
Carlos Gomes;+351 719006403
Catarina Pereira;+44 213733277
Carlos Silva;+39 671227911
Carlos Santos;+351 119650513
Carlos Santos;+351 300359264
Catarina Silva;+44 136773990
Catarina Silva;+39 270828492
Carlos Martins;+43 652382783
Carlos Santos;+49 435736530
Carlos Silva;+49 900561091
Carlos Gonçalves;+33 635292327
Carlos Santos;+33 769915537
Catarina Pereira;+41 958807793
Catarina Santos;+41 140899541
Carlos Silva;+49 338234230
Carlos Pereira;+44 048214215
Catarina Gonçalves;+41 481457843
Catarina Martins;+49 008369360
Catarina Pereira;+49 098626361
Catarina Silva;+33 744778070
Carlos Ferreira;+32 274261680
Catarina Pereira;+39 906769264
Carlos Alves;+41 674693792
Catarina Gonçalves;+43 564192452
Catarina Gomes;+49 612164614
Catarina Mendes;+49 913368304
Carlos Pereira;+44 981124504
Carlos Ferreira;+43 935044787
Catarina Gomes;+43 385069443
Carlos Fernandes;+44 194113375
Carlos Santos;+43 035682052
Catarina Mendes;+43 899571344
Catarina Silva;+33 633350117
Carlos Fernandes;+351 007494679
Catarina Martins;+32 832142877
Catarina Pereira;+32 340523140
Carlos Pereira;+49 584134602
Carlos Fernandes;+32 989689359
Carlos Gonçalves;+33 702508493
Catarina Alves;+33 965542360
Carlos Gonçalves;+32 866664447
Catarina Santos;+32 231416808
Catarina Pereira;+33 734729792
Catarina Gomes;+33 434556695
Catarina Alves;+44 517262594
Carlos Pereira;+49 905492264
Carlos Pereira;+39 967695091
Carlos Alves;+39 544655189
Carlos Alves;+351 729684579
Catarina Fernandes;+41 319523546
Carlos Gomes;+351 470241478
Catarina Fernandes;+41 542869753
Catarina Gonçalves;+351 950615262
Carlos Santos;+41 795463712
Catarina Fernandes;+44 026187428
Catarina Fernandes;+351 049487784
Catarina Martins;+41 444600132
Catarina Mendes;+32 180001258
Catarina Santos;+43 489848677
Catarina Santos;+49 816982821
Catarina Silva;+32 522875444
Carlos Gomes;+49 358055069
Carlos Gonçalves;+351 269825121
Carlos Alves;+33 561492252
Carlos Ferreira;+49 430364646
Carlos Mendes;+33 294664417
Catarina Gonçalves;+44 737692374
Carlos Martins;+351 714942870
Catarina Gomes;+39 101258521
Carlos Fernandes;+33 595646159
Catarina Fernandes;+41 357803586
Carlos Alves;+39 260833348
Catarina Gomes;+351 350111549
Carlos Gomes;+39 692565814
Catarina Santos;+49 634098923
Catarina Gonçalves;+39 733090924
Catarina Gonçalves;+33 015934520
Carlos Santos;+32 001172433
Carlos Gomes;+32 258721528
Carlos Santos;+39 152795051
Catarina Pereira;+41 281032773
Carlos Santos;+351 220816883
Catarina Pereira;+44 074966863
Carlos Pereira;+44 890393653
Carlos Gomes;+39 780714262
Catarina Silva;+351 476239489
Carlos Martins;+351 687888291
Carlos Gomes;+39 563892806
Carlos Alves;+351 608034954
