Sofia Ferreira;+44 156764608
Sofia Gomes;+49 982959616
Sofia Santos;+351 688669645
Sofia Pereira;+32 615310955
Sofia Gonçalves;+49 069777114
Sofia Martins;+43 889735297
Sofia Mendes;+49 646568696
Sofia Mendes;+351 424586074
Sofia Martins;+33 500752858
Sofia Martins;+351 526550613
Sofia Gomes;+351 198848450
Sofia Alves;+49 272045016
Sofia Pereira;+43 877663474
Sofia Alves;+44 609531095
Sofia Gonçalves;+39 349784013
Sofia Mendes;+39 622041745
Sofia Pereira;+41 957467497
Sofia Martins;+351 703032831
Sofia Silva;+351 946016367
Sofia Santos;+351 690759591
Sofia Mendes;+32 612519129
Sofia Pereira;+44 737354925
Sofia Alves;+49 643614368
Sofia Santos;+41 065375286
Sofia Gonçalves;+41 972887496
Sofia Martins;+49 236936360
Sofia Alves;+44 844656306
Sofia Ferreira;+49 189289185
Sofia Martins;+33 608902479
Sofia Martins;+39 037814499
Sofia Martins;+49 362319391
Sofia Mendes;+33 004654859
Sofia Pereira;+44 052789465
Sofia Fernandes;+43 387569081
Sofia Ferreira;+41 890584685
Sofia Silva;+41 081493846
Sofia Mendes;+33 409185542
Sofia Silva;+49 793518235
Sofia Silva;+41 430994935
Sofia Fernandes;+43 263384020
Sofia Santos;+49 915540266
Sofia Pereira;+32 064910032
Sofia Fernandes;+33 534970763
Sofia Pereira;+33 257221750
Sofia Gonçalves;+49 502870598
Sofia Alves;+33 478187050
Sofia Martins;+41 546196226
Sofia Mendes;+33 797400390
Sofia Silva;+39 125366506
Sofia Mendes;+33 251873381
Sofia Pereira;+44 608603515
Sofia Fernandes;+32 366145794
Sofia Mendes;+351 552477864
Sofia Silva;+32 935946592
Sofia Martins;+39 938470893
Sofia Ferreira;+49 855148834
Sofia Silva;+351 322905214
Sofia Santos;+41 003191872
Sofia Silva;+44 596391894
Sofia Mendes;+32 135675272
Sofia Silva;+351 826671389
Sofia Fernandes;+43 659223269
Sofia Gonçalves;+44 182431812
Sofia Gonçalves;+41 933293682
Sofia Ferreira;+32 681085822
Sofia Santos;+41 791727954
Sofia Ferreira;+49 636467458
Sofia Silva;+43 782432494
Sofia Alves;+49 282052947
Sofia Gonçalves;+49 291711516
Sofia Pereira;+32 231740571
Sofia Martins;+32 362706362
Sofia Martins;+43 952159504
Sofia Alves;+41 113209075
Sofia Pereira;+43 115966873
Sofia Santos;+351 023093431
Sofia Santos;+44 987459458
Sofia Ferreira;+41 399752463
Sofia Pereira;+33 645558335
Sofia Santos;+49 505559022
Sofia Silva;+43 487547364
Sofia Ferreira;+43 063302378
Sofia Pereira;+32 445878809
Sofia Fernandes;+351 527314781
Sofia Gonçalves;+351 926793906
Sofia Ferreira;+44 574814852
Sofia Gonçalves;+41 065501488
Sofia Gonçalves;+44 622105840
Sofia Mendes;+44 384590834
Sofia Gomes;+43 291831374
Sofia Ferreira;+32 940809976
Sofia Fernandes;+33 713512417
Sofia Mendes;+33 614548668
Sofia Gomes;+351 074016295
Sofia Pereira;+32 691445018
Sofia Mendes;+33 439476053
Sofia Alves;+32 217003467
Sofia Ferreira;+32 518198130
Sofia Santos;+44 841828599
Sofia Martins;+41 648241356
