Sofia Gonçalves;+39 281006217
Sofia Pereira;+33 730144242
Sofia Mendes;+49 615152295
Sofia Pereira;+41 263329752
Sofia Silva;+44 855789051
Sofia Pereira;+39 696315556
Sofia Martins;+44 067225558
Sofia Ferreira;+43 387657783
Sofia Gonçalves;+351 321522560
Sofia Alves;+49 854795812
Sofia Fernandes;+39 183278300
Sofia Gonçalves;+33 772188465
Sofia Alves;+44 917598018
Sofia Martins;+32 154104885
Sofia Gonçalves;+41 294130306
Sofia Gonçalves;+49 169455557
Sofia Pereira;+41 838782853
Sofia Fernandes;+39 924056657
Sofia Ferreira;+49 871846944
Sofia Pereira;+32 296836285
Sofia Santos;+32 327536385
Sofia Ferreira;+32 537251566
Sofia Gomes;+32 343800087
Sofia Fernandes;+351 803988710
Sofia Silva;+351 503901309
Sofia Martins;+49 181947964
Sofia Gomes;+39 283207879
Sofia Alves;+32 303411521
Sofia Mendes;+351 920765468
Sofia Santos;+39 758746684
Sofia Fernandes;+32 358210043
Sofia Alves;+33 175355934
Sofia Mendes;+49 749617982
Sofia Santos;+44 020983347
Sofia Martins;+49 108549883
Sofia Alves;+39 439899308
Sofia Mendes;+43 748707202
Sofia Alves;+49 042984459
Sofia Martins;+44 540075898
Sofia Gonçalves;+49 442016733
Sofia Alves;+49 246709997
Sofia Martins;+43 947788126
Sofia Gomes;+39 661424645
Sofia Fernandes;+351 515561558
Sofia Mendes;+33 423473351
Sofia Mendes;+44 405373195
Sofia Santos;+39 230476773
Sofia Gomes;+43 391489306
Sofia Alves;+351 307555181
Sofia Alves;+32 461702644
Sofia Pereira;+39 431259398
Sofia Pereira;+39 541555545
Sofia Ferreira;+43 005415549
Sofia Gonçalves;+32 363296390
Sofia Pereira;+41 371483584
Sofia Santos;+44 078976063
Sofia Martins;+44 395369189
Sofia Fernandes;+44 619667751
Sofia Gonçalves;+39 094628769
Sofia Santos;+32 235388212
Sofia Martins;+41 278162904
Sofia Gonçalves;+351 469291654
Sofia Ferreira;+39 773553246
Sofia Ferreira;+49 729187346
Sofia Mendes;+32 877062122
Sofia Pereira;+44 783226253
Sofia Gonçalves;+43 303645854
Sofia Silva;+32 789141652
Sofia Fernandes;+44 446458160
Sofia Pereira;+44 447194768
Sofia Ferreira;+43 767637691
Sofia Santos;+39 444687160
Sofia Santos;+351 476171408
Sofia Gomes;+43 501877194
Sofia Gonçalves;+41 451431748
Sofia Gomes;+32 418108311
Sofia Mendes;+32 779602589
Sofia Silva;+41 232558847
Sofia Alves;+33 578206438
Sofia Silva;+32 720540893
Sofia Martins;+49 977286887
Sofia Mendes;+32 168200339
Sofia Santos;+44 298928783
Sofia Alves;+33 162809729
Sofia Santos;+44 709859095
Sofia Gonçalves;+44 535040885
Sofia Alves;+43 804612565
Sofia Santos;+39 302560084
Sofia Martins;+351 664815239
Sofia Ferreira;+41 388975060
Sofia Gonçalves;+41 225255848
Sofia Mendes;+32 786629747
Sofia Silva;+33 948560665
Sofia Fernandes;+32 834564266
Sofia Fernandes;+33 984009724
Sofia Mendes;+32 683214725
Sofia Gomes;+41 083431873
Sofia Gonçalves;+44 908252221
Sofia Alves;+33 020506937
Sofia Alves;+32 325628128
