Ana Gonçalves;+351 178934448
Ana Martins;+351 842460969
Ana Fernandes;+44 950005777
Ana Santos;+49 343782731
Ana Alves;+44 326799772
Ana Gomes;+41 577907383
Ana Ferreira;+44 750087890
Ana Mendes;+43 291788421
Ana Mendes;+49 103163470
Ana Gomes;+39 254734086
Ana Silva;+32 111589875
Ana Martins;+33 293105152
Ana Pereira;+351 915784498
Ana Gomes;+32 524160317
Ana Martins;+351 072544009
Ana Fernandes;+39 105435177
Ana Santos;+43 246057506
Ana Ferreira;+351 972581223
Ana Gomes;+39 962818890
Ana Ferreira;+32 164408841
Ana Mendes;+33 497886258
Ana Fernandes;+41 572344187
Ana Gonçalves;+351 348112004
Ana Gomes;+32 983763247
Ana Gonçalves;+44 276882085
Ana Santos;+351 511518151
Ana Ferreira;+351 657180303
Ana Silva;+351 892057049
Ana Gomes;+49 968069164
Ana Ferreira;+33 218012742
Ana Fernandes;+43 694786044
Ana Gonçalves;+41 960403929
Ana Ferreira;+44 093630654
Ana Santos;+39 232458664
Ana Mendes;+33 542328062
Ana Martins;+351 558634071
Ana Alves;+32 902133949
Ana Mendes;+41 390000532
Ana Ferreira;+33 482190430
Ana Santos;+33 363396258
Ana Gonçalves;+44 691737583
Ana Gonçalves;+44 571472106
Ana Silva;+49 879970749
Ana Martins;+41 589523899
Ana Ferreira;+33 771428740
Ana Alves;+44 833473888
Ana Pereira;+49 388180029
Ana Mendes;+39 026583762
Ana Alves;+41 272714604
Ana Pereira;+33 295823776
Ana Gomes;+41 758192394
Ana Martins;+41 912273219
Ana Mendes;+33 089197601
Ana Martins;+41 624971915
Ana Martins;+351 040545243
Ana Gonçalves;+41 202974032
Ana Santos;+351 678156039
Ana Silva;+41 476292830
Ana Silva;+41 046540267
Ana Gonçalves;+32 783779039
Ana Alves;+39 445525603
Ana Alves;+33 846031464
Ana Gonçalves;+351 714525814
Ana Martins;+39 817001678
Ana Mendes;+49 816233926
Ana Pereira;+43 726546223
Ana Pereira;+351 283670365
Ana Silva;+44 034411103
Ana Fernandes;+43 830785990
Ana Gonçalves;+41 385415645
Ana Martins;+351 739619855
Ana Fernandes;+44 101604995
Ana Santos;+49 498018102
Ana Mendes;+39 846793570
Ana Gonçalves;+39 139744888
Ana Gomes;+39 071025013
Ana Silva;+49 555229596
Ana Martins;+33 016288727
Ana Alves;+41 672260260
Ana Silva;+44 527731303
Ana Gonçalves;+32 611507063
Ana Pereira;+41 722011548
Ana Alves;+44 294406978
Ana Gonçalves;+39 191043407
Ana Gonçalves;+32 893242744
Ana Martins;+39 855688358
Ana Mendes;+41 512017669
Ana Santos;+351 341940227
Ana Santos;+351 488251923
Ana Pereira;+43 948006542
Ana Gomes;+41 045018721
Ana Ferreira;+39 832357134
Ana Silva;+49 765834880
Ana Gomes;+43 412875239
Ana Gonçalves;+33 752553667
Ana Gomes;+41 925907461
Ana Alves;+49 933422188
Ana Alves;+32 558665016
Ana Gonçalves;+351 844807190
Ana Ferreira;+351 153776293
