Carlos Silva;+41 244795255
Catarina Martins;+39 319555955
Catarina Mendes;+351 203701414
Carlos Mendes;+43 820187450
Catarina Gomes;+43 920412315
Carlos Gonçalves;+43 209615493
Carlos Mendes;+351 339859831
Catarina Silva;+43 912105803
Carlos Pereira;+49 688499132
Carlos Silva;+33 831732277
Carlos Santos;+43 544752242
Carlos Santos;+43 474323250
Catarina Martins;+43 029110740
Catarina Alves;+39 213560372
Catarina Gonçalves;+41 092643468
Catarina Gomes;+49 598491557
Carlos Silva;+43 968411474
Carlos Mendes;+39 767016945
Catarina Gomes;+41 645511113
Carlos Pereira;+351 222467481
Carlos Pereira;+44 456238212
Carlos Mendes;+49 961876633
Carlos Pereira;+43 183119298
Catarina Martins;+43 082537476
Carlos Pereira;+39 825621038
Carlos Gonçalves;+32 273533498
Carlos Martins;+32 498865022
Carlos Fernandes;+49 857917141
Catarina Alves;+43 368204227
Catarina Santos;+39 531344010
Carlos Gomes;+41 204993448
Catarina Martins;+39 036242785
Carlos Alves;+32 691836175
Carlos Pereira;+43 187747513
Carlos Pereira;+351 708532362
Catarina Gomes;+351 864519400
Carlos Fernandes;+39 966871124
Catarina Alves;+32 336045881
Catarina Alves;+351 573616472
Catarina Martins;+43 044320030
Carlos Gomes;+32 970508058
Carlos Santos;+44 919876042
Carlos Gomes;+43 586283967
Carlos Martins;+44 091999320
Catarina Pereira;+33 775635095
Catarina Martins;+33 498577867
Catarina Santos;+49 230557569
Carlos Mendes;+43 064529538
Carlos Martins;+351 956945370
Catarina Pereira;+44 064898118
Catarina Santos;+33 687904144
Catarina Mendes;+41 855816054
Catarina Pereira;+32 579117161
Carlos Pereira;+49 582591222
Carlos Martins;+351 776651742
Catarina Alves;+49 336751922
Carlos Alves;+351 586464847
Carlos Santos;+43 166578695
Catarina Gomes;+49 961098077
Catarina Gomes;+33 648676351
Catarina Ferreira;+43 454990998
Catarina Gomes;+44 724863004
Catarina Mendes;+33 355059072
Carlos Alves;+44 304202226
Carlos Martins;+33 133317068
Carlos Alves;+44 734289886
Catarina Silva;+33 691613221
Catarina Santos;+43 856150600
Catarina Alves;+32 152197333
Carlos Ferreira;+49 735922576
Catarina Alves;+351 295577581
Carlos Martins;+32 772072000
Carlos Gomes;+33 029902936
Carlos Fernandes;+39 071639006
Catarina Gonçalves;+32 901250342
Catarina Gomes;+44 729360903
Carlos Alves;+41 251704636
Carlos Pereira;+39 666084482
Catarina Santos;+351 564379679
Carlos Santos;+32 858058416
Carlos Mendes;+32 590994745
Catarina Martins;+33 583866124
Catarina Silva;+43 483678249
Carlos Pereira;+41 623771441
Catarina Fernandes;+43 732434101
Carlos Martins;+33 119237756
Catarina Gonçalves;+32 427369191
Catarina Gonçalves;+39 341645163
Catarina Mendes;+49 845273103
Carlos Ferreira;+49 763613123
Carlos Silva;+49 397520053
Carlos Santos;+351 815234348
Carlos Fernandes;+351 062113979
Catarina Silva;+43 680238476
Catarina Santos;+44 943353180
Carlos Gomes;+44 366615995
Catarina Santos;+351 820238919
Catarina Pereira;+39 462232910
Carlos Mendes;+39 136653036
Catarina Mendes;+49 432308689
