Ricardo Mendes;+351 068766099
Rui Fernandes;+43 146817174
Ricardo Gonçalves;+43 722681925
Ricardo Fernandes;+32 860165185
Ricardo Fernandes;+39 150637827
Rui Pereira;+41 850427974
Ricardo Alves;+41 751288893
Rui Gomes;+33 962875829
Rui Ferreira;+39 871856850
Ricardo Ferreira;+49 406613201
Ricardo Santos;+32 018614832
Rui Ferreira;+39 039195942
Ricardo Martins;+43 708977528
Ricardo Gonçalves;+32 671007993
Rui Gomes;+39 243195212
Ricardo Gomes;+43 475800299
Ricardo Pereira;+39 880212640
Ricardo Pereira;+351 649910550
Ricardo Fernandes;+43 329927358
Rui Silva;+49 872179445
Rui Mendes;+49 269457856
Rui Santos;+32 412424619
Ricardo Gonçalves;+44 792794011
Rui Martins;+44 639055898
Ricardo Silva;+39 408181951
Rui Gomes;+49 402742387
Rui Gomes;+33 298518207
Ricardo Santos;+41 990236568
Ricardo Alves;+44 218371316
Ricardo Ferreira;+49 285864890
Rui Gonçalves;+32 115850123
Ricardo Fernandes;+33 028128471
Rui Silva;+49 541866776
Ricardo Mendes;+351 889518626
Rui Silva;+43 644044619
Rui Pereira;+41 154743517
Rui Ferreira;+33 755326415
Ricardo Fernandes;+32 819538888
Ricardo Gomes;+32 803028930
Ricardo Mendes;+41 890358206
Ricardo Gonçalves;+43 362285318
Ricardo Gonçalves;+351 777748192
Ricardo Ferreira;+32 663012949
Rui Mendes;+49 802985553
Rui Alves;+351 747027750
Rui Fernandes;+44 955119441
Ricardo Alves;+49 057816203
Rui Fernandes;+44 974438371
Ricardo Fernandes;+32 704605117
Ricardo Silva;+44 167783245
Rui Silva;+32 899905057
Rui Ferreira;+41 186959720
Ricardo Silva;+41 122208714
Rui Alves;+39 116732996
Ricardo Fernandes;+44 980309828
Ricardo Pereira;+44 735510365
Ricardo Gonçalves;+49 428251815
Ricardo Fernandes;+43 697394892
Ricardo Mendes;+49 276161933
Rui Martins;+44 735633442
Rui Ferreira;+41 125713163
Rui Pereira;+32 891348549
Ricardo Mendes;+43 356564195
Rui Gonçalves;+41 318492625
Ricardo Alves;+351 580407055
Ricardo Alves;+39 267196209
Ricardo Martins;+351 301678002
Ricardo Santos;+32 386151535
Rui Gonçalves;+33 221427532
Ricardo Gomes;+33 032132503
Rui Gomes;+43 368122369
Ricardo Mendes;+41 391707204
Rui Ferreira;+33 725742869
Rui Pereira;+33 273802528
Rui Mendes;+32 529226896
Rui Alves;+39 604365931
Rui Gomes;+43 144285913
Rui Ferreira;+33 889500705
Ricardo Fernandes;+44 755413198
Ricardo Gomes;+33 191419460
Ricardo Alves;+49 499907412
Ricardo Gomes;+32 099406660
Rui Gonçalves;+41 072109961
Rui Santos;+39 068773366
Ricardo Mendes;+39 903947081
Rui Martins;+41 815471885
Ricardo Mendes;+43 181467051
Rui Pereira;+33 917361482
Ricardo Gomes;+43 618236928
Ricardo Pereira;+39 068037794
Ricardo Santos;+33 216138544
Rui Gomes;+44 287013743
Rui Pereira;+44 292425529
Ricardo Silva;+49 615369405
Ricardo Silva;+43 094046553
Ricardo Pereira;+41 375142336
Rui Alves;+351 163770583
Rui Pereira;+39 291165503
Ricardo Gomes;+32 115889217
Ricardo Ferreira;+49 853032746
