Ricardo Martins;+39 437681231
Ricardo Alves;+33 888088298
Ricardo Ferreira;+351 342110665
Rui Pereira;+351 125184000
Ricardo Gonçalves;+33 167196358
Ricardo Gomes;+32 538325644
Rui Alves;+33 696313285
Rui Alves;+49 244463097
Rui Silva;+49 322967782
Rui Ferreira;+33 793080556
Ricardo Martins;+39 544656116
Rui Fernandes;+39 582853543
Ricardo Martins;+43 534325902
Ricardo Silva;+39 443103442
Ricardo Santos;+351 255377131
Rui Gonçalves;+43 048363460
Rui Fernandes;+41 813516659
Ricardo Gomes;+351 623732447
Ricardo Pereira;+44 287221032
Ricardo Pereira;+49 071085495
Ricardo Ferreira;+49 522500766
Ricardo Pereira;+44 605235467
Ricardo Silva;+33 527936657
Rui Silva;+39 584109999
Rui Gonçalves;+44 766789329
Ricardo Gomes;+33 630784369
Ricardo Fernandes;+33 461995474
Ricardo Alves;+33 709972558
Ricardo Santos;+39 846918922
Rui Gonçalves;+351 264970063
Rui Martins;+32 173900487
Ricardo Alves;+49 505932844
Ricardo Mendes;+33 797181014
Rui Ferreira;+33 416831421
Ricardo Fernandes;+39 876608236
Rui Alves;+32 771927384
Ricardo Fernandes;+39 683644567
Ricardo Gonçalves;+41 630237084
Ricardo Fernandes;+39 732411879
Ricardo Santos;+41 590068589
Rui Fernandes;+33 908811779
Ricardo Santos;+41 036969206
Ricardo Gonçalves;+32 982920645
Rui Gonçalves;+39 435269507
Ricardo Gonçalves;+43 912405163
Ricardo Silva;+351 047217683
Ricardo Fernandes;+49 566607177
Ricardo Martins;+39 323609442
Ricardo Ferreira;+43 610472012
Ricardo Santos;+33 280203013
Rui Gomes;+32 249526618
Ricardo Alves;+351 515869402
Rui Santos;+351 250427043
Rui Gomes;+33 640058743
Rui Alves;+43 597887134
Rui Santos;+351 675676415
Ricardo Santos;+32 325445830
Ricardo Gomes;+44 983780000
Rui Gomes;+49 730102337
Rui Martins;+44 873306767
Rui Alves;+49 636273494
Rui Ferreira;+351 584997039
Ricardo Santos;+351 836306028
Ricardo Mendes;+33 350730661
Ricardo Alves;+44 002893594
Ricardo Santos;+49 773267141
Rui Mendes;+43 691405023
Ricardo Alves;+32 610221311
Rui Fernandes;+43 008189799
Ricardo Martins;+43 911384466
Rui Silva;+41 955552704
Rui Alves;+41 810207568
Rui Ferreira;+33 481802735
Rui Pereira;+44 619595191
Rui Martins;+43 294300052
Rui Fernandes;+351 844812319
Ricardo Fernandes;+41 404837369
Ricardo Mendes;+32 955831253
Rui Ferreira;+32 217951292
Rui Martins;+43 644128988
Ricardo Fernandes;+43 067393810
Ricardo Gonçalves;+49 012092780
Rui Ferreira;+41 665291086
Rui Alves;+44 068644117
Ricardo Martins;+49 713078837
Ricardo Gonçalves;+43 178631536
Rui Santos;+32 107285675
Ricardo Mendes;+32 044399250
Rui Pereira;+41 777358980
Rui Santos;+44 576233276
Rui Martins;+43 524308765
Rui Gomes;+351 923984986
Rui Martins;+49 690757358
Rui Martins;+33 408662662
Ricardo Martins;+41 193677233
Ricardo Pereira;+39 210140530
Rui Martins;+33 551646200
Rui Fernandes;+39 851504110
Rui Gonçalves;+39 073939423
Rui Ferreira;+44 712210250
