Carlos Mendes;+41 891024311
Catarina Martins;+351 569435170
Catarina Santos;+44 991401701
Catarina Gomes;+32 025574307
Catarina Santos;+39 347542106
Carlos Silva;+351 083826018
Catarina Santos;+49 736073566
Catarina Pereira;+39 043002935
Carlos Alves;+32 936142113
Carlos Alves;+49 470770190
Carlos Gonçalves;+44 908826171
Carlos Fernandes;+49 220798581
Carlos Mendes;+43 886396567
Catarina Fernandes;+39 232522529
Catarina Fernandes;+33 775532437
Catarina Fernandes;+44 546015347
Carlos Gomes;+49 975360455
Catarina Alves;+32 356158634
Carlos Pereira;+33 351334349
Catarina Silva;+351 725755921
Catarina Santos;+49 756676289
Carlos Alves;+351 433657416
Catarina Gonçalves;+351 133664852
Carlos Martins;+32 976784224
Carlos Pereira;+351 997847774
Catarina Mendes;+32 973728200
Carlos Alves;+44 583533038
Catarina Santos;+49 348631069
Carlos Gonçalves;+41 503961646
Catarina Ferreira;+39 896591372
Catarina Martins;+39 508865033
Carlos Ferreira;+39 409664544
Catarina Pereira;+39 353980752
Carlos Alves;+41 966144672
Carlos Mendes;+44 671049210
Carlos Ferreira;+32 104124853
Catarina Fernandes;+39 349567813
Catarina Alves;+49 090794010
Carlos Santos;+39 183256994
Catarina Santos;+33 597309028
Carlos Pereira;+44 358033361
Carlos Gonçalves;+41 133768649
Catarina Martins;+49 337868107
Carlos Fernandes;+33 590920863
Catarina Martins;+39 018023967
Carlos Pereira;+49 669090008
Carlos Ferreira;+33 522027861
Carlos Pereira;+351 274116074
Carlos Gonçalves;+43 797392024
Carlos Pereira;+351 464672896
Carlos Alves;+41 920173664
Carlos Pereira;+33 931810900
Catarina Ferreira;+351 122487614
Catarina Santos;+49 077177839
Carlos Gonçalves;+33 884408793
Carlos Gonçalves;+41 261771501
Catarina Mendes;+39 460637834
Catarina Fernandes;+41 700332465
Carlos Alves;+41 658066299
Carlos Gomes;+351 195227199
Catarina Pereira;+49 738197556
Carlos Santos;+44 298223511
Carlos Martins;+41 692989765
Carlos Silva;+49 616808582
Carlos Ferreira;+33 870590055
Catarina Pereira;+39 195177072
Catarina Gomes;+351 076184823
Catarina Mendes;+32 323509915
Catarina Mendes;+33 976811927
Carlos Gomes;+351 738205706
Catarina Mendes;+44 475347828
Carlos Martins;+39 825858286
Catarina Pereira;+41 341389206
Catarina Gonçalves;+39 554222939
Catarina Silva;+44 355065205
Catarina Silva;+41 665156752
Catarina Martins;+41 648837671
Carlos Gonçalves;+33 392513869
Catarina Mendes;+351 145333431
Catarina Alves;+44 633560951
Catarina Gomes;+43 040075062
Carlos Mendes;+49 800171299
Catarina Silva;+351 686753796
Catarina Gonçalves;+33 825783608
Catarina Fernandes;+33 823613739
Catarina Ferreira;+39 402011669
Catarina Mendes;+32 898467240
Catarina Martins;+43 324937116
Carlos Gonçalves;+39 393153674
Carlos Gonçalves;+43 954665765
Catarina Gomes;+41 961619167
Carlos Ferreira;+39 163555295
Catarina Ferreira;+49 988265814
Catarina Pereira;+33 801098288
Catarina Fernandes;+41 733771172
Carlos Gonçalves;+49 088309984
Catarina Silva;+49 435796962
Catarina Pereira;+43 888713067
Carlos Gonçalves;+44 664879633
Carlos Alves;+39 915355166
