Ana Santos;+32 085787907
Ana Ferreira;+32 608917699
Ana Silva;+41 507450114
Ana Martins;+41 724724937
Ana Gomes;+43 766679099
Ana Mendes;+33 599531297
Ana Ferreira;+41 768709589
Ana Gonçalves;+43 624866786
Ana Gonçalves;+44 839420895
Ana Martins;+41 074329790
Ana Fernandes;+41 131904468
Ana Fernandes;+49 907449435
Ana Fernandes;+41 052769700
Ana Gomes;+43 596366840
Ana Mendes;+351 699621676
Ana Ferreira;+41 472224681
Ana Mendes;+44 684928528
Ana Martins;+43 495729059
Ana Gomes;+351 460424671
Ana Gonçalves;+32 424178270
Ana Santos;+33 091110916
Ana Pereira;+351 978656648
Ana Silva;+43 979331160
Ana Mendes;+49 087984151
Ana Silva;+43 353347245
Ana Silva;+351 934564472
Ana Ferreira;+351 495051456
Ana Alves;+49 677165658
Ana Martins;+33 150126218
Ana Pereira;+49 642575101
Ana Alves;+44 525408491
Ana Gonçalves;+43 429346891
Ana Silva;+32 838277132
Ana Martins;+39 502183628
Ana Silva;+49 700991350
Ana Santos;+351 790894367
Ana Alves;+44 989047793
Ana Santos;+43 190810441
Ana Pereira;+39 227366691
Ana Fernandes;+49 277912379
Ana Fernandes;+39 193987125
Ana Pereira;+39 438248135
Ana Gomes;+49 259004050
Ana Santos;+351 659679956
Ana Santos;+351 348972507
Ana Mendes;+39 705900829
Ana Fernandes;+43 849286847
Ana Gomes;+33 979281117
Ana Alves;+351 288343099
Ana Fernandes;+351 352208144
Ana Santos;+44 248556121
Ana Silva;+44 373511947
Ana Gonçalves;+44 873398507
Ana Martins;+43 119182665
Ana Mendes;+43 060542787
Ana Alves;+44 491096147
Ana Alves;+43 511673195
Ana Alves;+43 067884319
Ana Gonçalves;+43 425724823
Ana Ferreira;+44 294933570
Ana Mendes;+32 444116452
Ana Santos;+44 053871441
Ana Santos;+33 457828650
Ana Martins;+44 670497269
Ana Santos;+49 448363886
Ana Silva;+39 601751985
Ana Ferreira;+44 056268565
Ana Santos;+43 040462398
Ana Mendes;+49 620819255
Ana Ferreira;+39 334505631
Ana Martins;+49 316086685
Ana Gonçalves;+41 189423924
Ana Santos;+33 042369947
Ana Gomes;+33 093329543
Ana Santos;+39 461551373
Ana Martins;+41 762584359
Ana Gomes;+33 237787676
Ana Pereira;+41 148334631
Ana Mendes;+43 154532818
Ana Alves;+39 121711499
Ana Fernandes;+44 557983741
Ana Pereira;+32 134489142
Ana Mendes;+44 088875799
Ana Gomes;+39 115680820
Ana Gomes;+41 715864462
Ana Gonçalves;+39 717804293
Ana Silva;+33 569053320
Ana Mendes;+41 382217811
Ana Gonçalves;+44 627460345
Ana Mendes;+351 082459155
Ana Alves;+44 956969088
Ana Ferreira;+33 428318246
Ana Pereira;+39 100605834
Ana Mendes;+44 524455878
Ana Mendes;+43 367539871
Ana Gonçalves;+49 965166333
Ana Santos;+44 494034903
Ana Santos;+41 897955655
Ana Gomes;+33 366470850
Ana Gomes;+43 085776340
