Rui Martins;+44 173414300
Ricardo Mendes;+351 245158162
Ricardo Alves;+351 625967065
Rui Alves;+43 513383085
Rui Silva;+43 072003657
Rui Santos;+32 993258264
Rui Martins;+49 424738214
Ricardo Silva;+39 009598753
Ricardo Ferreira;+39 250586365
Rui Fernandes;+44 759133259
Rui Gonçalves;+43 909917613
Rui Martins;+32 506201570
Ricardo Pereira;+351 364054415
Rui Alves;+41 403756549
Ricardo Gonçalves;+43 866087945
Ricardo Ferreira;+39 999151708
Rui Alves;+43 308429306
Ricardo Gomes;+351 528573212
Ricardo Fernandes;+41 997707098
Ricardo Santos;+43 572014294
Ricardo Pereira;+32 332107368
Rui Silva;+44 368514042
Ricardo Ferreira;+351 662352019
Ricardo Gomes;+41 535549453
Ricardo Martins;+49 976250582
Ricardo Gomes;+44 600936746
Rui Pereira;+32 009094708
Rui Santos;+49 125892442
Ricardo Silva;+49 049189423
Rui Ferreira;+39 011360218
Ricardo Ferreira;+351 204573058
Ricardo Mendes;+43 810777334
Ricardo Pereira;+351 746461562
Rui Santos;+49 452808243
Rui Mendes;+44 736069013
Ricardo Santos;+351 993451318
Ricardo Alves;+41 496170861
Ricardo Pereira;+39 708236244
Rui Santos;+33 601046466
Rui Martins;+351 635568123
Ricardo Gomes;+43 919603133
Ricardo Mendes;+41 730976892
Rui Silva;+351 746283837
Rui Silva;+32 432317007
Rui Martins;+33 727028316
Rui Fernandes;+33 324089700
Rui Alves;+32 718368058
Rui Mendes;+32 156151317
Ricardo Mendes;+33 212143031
Rui Santos;+33 531686200
Ricardo Gomes;+351 754200382
Rui Alves;+43 170091134
Ricardo Martins;+39 209808909
Rui Mendes;+44 727472765
Rui Santos;+39 334653293
Rui Fernandes;+43 560190136
Ricardo Mendes;+41 970464710
Rui Martins;+33 208565836
Ricardo Fernandes;+43 236019544
Ricardo Martins;+43 156569959
Ricardo Ferreira;+39 962174957
Ricardo Martins;+33 997858675
Rui Mendes;+33 349099602
Rui Mendes;+43 695948671
Rui Alves;+39 165632974
Ricardo Fernandes;+33 792300500
Ricardo Gomes;+44 380471213
Ricardo Santos;+41 452084906
Rui Mendes;+33 328969178
Ricardo Fernandes;+41 507302831
Rui Pereira;+33 154506397
Rui Alves;+49 848735761
Ricardo Mendes;+49 995881873
Rui Ferreira;+41 646655938
Ricardo Ferreira;+49 795011882
Rui Martins;+39 624482754
Rui Gonçalves;+49 463399741
Rui Alves;+44 795808652
Rui Mendes;+49 671340266
Rui Pereira;+44 427329173
Rui Fernandes;+39 510551358
Ricardo Pereira;+41 227580225
Ricardo Mendes;+43 223734881
Rui Pereira;+41 836578036
Ricardo Silva;+33 722888992
Ricardo Pereira;+49 897853400
Rui Pereira;+43 470072501
Ricardo Gonçalves;+39 006870417
Rui Gomes;+39 295694046
Ricardo Martins;+351 818584354
Rui Gomes;+39 791060773
Rui Santos;+49 716449168
Rui Alves;+33 744368869
Ricardo Pereira;+351 071300195
Ricardo Martins;+49 426782112
Rui Alves;+44 258526341
Ricardo Gonçalves;+39 062535496
Rui Gonçalves;+33 892576412
Rui Ferreira;+44 957452955
Rui Silva;+33 193835515
