Ana Gomes;+39 282960474
Ana Pereira;+49 838391086
Ana Fernandes;+49 325320030
Ana Martins;+33 345442001
Ana Ferreira;+32 863568622
Ana Pereira;+44 856450260
Ana Mendes;+32 358229535
Ana Silva;+44 357924798
Ana Ferreira;+44 480284496
Ana Ferreira;+351 379675674
Ana Silva;+39 273742746
Ana Silva;+33 863583442
Ana Ferreira;+351 770857814
Ana Pereira;+39 916033827
Ana Alves;+41 720163736
Ana Martins;+351 579683459
Ana Silva;+44 871942183
Ana Alves;+33 507263651
Ana Martins;+43 518623475
Ana Gomes;+41 965859444
Ana Santos;+39 488339400
Ana Santos;+351 949989488
Ana Ferreira;+43 821777557
Ana Santos;+41 961684736
Ana Pereira;+41 416018190
Ana Santos;+41 314115917
Ana Fernandes;+43 143107681
Ana Fernandes;+49 100060587
Ana Gomes;+41 280578108
Ana Pereira;+49 706799425
Ana Gomes;+351 939008019
Ana Gonçalves;+41 881574390
Ana Fernandes;+43 619952214
Ana Santos;+39 465017606
Ana Mendes;+43 386559541
Ana Alves;+33 007241604
Ana Fernandes;+41 043375500
Ana Martins;+351 240531921
Ana Gonçalves;+33 967138446
Ana Ferreira;+41 657548443
Ana Gonçalves;+49 296278963
Ana Martins;+41 275175446
Ana Alves;+32 299383347
Ana Silva;+32 514872422
Ana Mendes;+39 514958439
Ana Alves;+39 532362536
Ana Silva;+49 905969983
Ana Alves;+39 076316372
Ana Gomes;+44 167427883
Ana Alves;+351 794352860
Ana Gomes;+43 241060835
Ana Silva;+41 677093834
Ana Alves;+39 573016620
Ana Pereira;+43 834813944
Ana Silva;+351 405708020
Ana Fernandes;+44 943185900
Ana Gonçalves;+39 844540587
Ana Gomes;+49 371296870
Ana Martins;+32 657971005
Ana Alves;+41 746469036
Ana Alves;+43 842950211
Ana Gonçalves;+32 467999143
Ana Silva;+43 836174364
Ana Fernandes;+43 559244331
Ana Ferreira;+351 547445129
Ana Mendes;+43 684667538
Ana Ferreira;+41 442301258
Ana Fernandes;+44 775317926
Ana Santos;+351 040039279
Ana Silva;+41 224210499
Ana Ferreira;+33 149474545
Ana Mendes;+32 297623846
Ana Gomes;+32 524356167
Ana Gomes;+49 051711820
Ana Santos;+351 799492415
Ana Santos;+49 069084515
Ana Ferreira;+44 063047868
Ana Gonçalves;+41 162891008
Ana Silva;+32 944925196
Ana Alves;+39 143054869
Ana Martins;+39 765147158
Ana Mendes;+43 841867628
Ana Ferreira;+351 944991208
Ana Santos;+39 831959026
Ana Mendes;+44 866109539
Ana Pereira;+39 293340770
Ana Ferreira;+39 109299616
Ana Fernandes;+39 424433960
Ana Martins;+32 087068509
Ana Gomes;+33 543741799
Ana Gonçalves;+33 287437307
Ana Gomes;+44 871953795
Ana Fernandes;+39 486848446
Ana Ferreira;+41 724254950
Ana Santos;+49 511925600
Ana Santos;+33 523901522
Ana Alves;+32 758190474
Ana Gonçalves;+41 911457759
Ana Silva;+33 094807440
Ana Ferreira;+41 449404028
