Sofia Martins;+33 558063006
Sofia Fernandes;+49 411936120
Sofia Gonçalves;+49 660977865
Sofia Gonçalves;+49 258439390
Sofia Mendes;+33 619310594
Sofia Alves;+33 575589564
Sofia Alves;+33 037364578
Sofia Gomes;+351 944599061
Sofia Alves;+41 138252367
Sofia Martins;+39 722756671
Sofia Santos;+32 771776515
Sofia Alves;+44 357750795
Sofia Martins;+43 206298132
Sofia Martins;+44 900391202
Sofia Fernandes;+39 743304784
Sofia Santos;+32 453438410
Sofia Mendes;+32 612051713
Sofia Alves;+33 268978368
Sofia Fernandes;+33 245055241
Sofia Gonçalves;+41 010590325
Sofia Pereira;+44 883842388
Sofia Silva;+33 948479965
Sofia Pereira;+33 403381672
Sofia Mendes;+33 984990835
Sofia Silva;+39 082895086
Sofia Pereira;+41 181526047
Sofia Mendes;+32 196750939
Sofia Gonçalves;+32 293516605
Sofia Ferreira;+351 094518005
Sofia Silva;+39 927379185
Sofia Gomes;+32 262746567
Sofia Pereira;+33 718142511
Sofia Mendes;+39 625757355
Sofia Silva;+39 527671999
Sofia Alves;+32 939480586
Sofia Pereira;+41 637584287
Sofia Mendes;+43 800568899
Sofia Silva;+41 202502624
Sofia Ferreira;+39 853324540
Sofia Silva;+49 100534598
Sofia Gomes;+41 665686320
Sofia Mendes;+49 170563635
Sofia Ferreira;+49 209446597
Sofia Pereira;+351 438226383
Sofia Pereira;+32 462599423
Sofia Fernandes;+39 092720505
Sofia Martins;+49 491409845
Sofia Pereira;+33 409249562
Sofia Mendes;+49 510721857
Sofia Santos;+32 943247913
Sofia Martins;+33 684441986
Sofia Martins;+49 851971753
Sofia Santos;+41 575053179
Sofia Martins;+43 369786184
Sofia Mendes;+41 338180068
Sofia Santos;+44 364947146
Sofia Fernandes;+33 525173269
Sofia Gonçalves;+44 450134343
Sofia Gonçalves;+39 399950372
Sofia Pereira;+49 060950618
Sofia Gomes;+33 428193303
Sofia Fernandes;+49 989300469
Sofia Pereira;+44 944646864
Sofia Fernandes;+44 651298048
Sofia Ferreira;+351 701926488
Sofia Gomes;+39 790341520
Sofia Gomes;+39 576266913
Sofia Fernandes;+41 036483160
Sofia Mendes;+49 875897357
Sofia Gomes;+33 982608567
Sofia Mendes;+32 648330663
Sofia Alves;+43 552649033
Sofia Ferreira;+33 675396658
Sofia Mendes;+33 412064795
Sofia Silva;+32 466053760
Sofia Pereira;+49 879660735
Sofia Silva;+43 495930932
Sofia Gomes;+39 094695618
Sofia Silva;+32 894699336
Sofia Alves;+49 885444871
Sofia Gomes;+351 593126801
Sofia Mendes;+43 685770958
Sofia Silva;+43 031546530
Sofia Mendes;+49 296794867
Sofia Gomes;+49 591940493
Sofia Mendes;+43 806829961
Sofia Santos;+41 534166181
Sofia Ferreira;+43 932852677
Sofia Martins;+43 899002926
Sofia Gonçalves;+32 845236426
Sofia Martins;+41 950406218
Sofia Ferreira;+351 990733421
Sofia Fernandes;+49 247194378
Sofia Fernandes;+32 081622619
Sofia Fernandes;+351 603014414
Sofia Alves;+43 073393926
Sofia Gomes;+41 901483685
Sofia Martins;+41 445973960
Sofia Pereira;+32 048404942
Sofia Ferreira;+33 670553337
