Rui Santos;+39 385923051
Ricardo Ferreira;+44 942833538
Rui Mendes;+33 851904427
Ricardo Gonçalves;+49 872988008
Ricardo Alves;+32 517590884
Rui Pereira;+33 133842418
Rui Gomes;+351 270831802
Ricardo Gomes;+44 695512938
Ricardo Fernandes;+44 210663511
Rui Santos;+49 813624076
Ricardo Alves;+32 353946355
Rui Gonçalves;+33 887787225
Rui Martins;+43 123944408
Rui Martins;+32 090891372
Ricardo Fernandes;+32 464528591
Ricardo Gonçalves;+41 844027083
Ricardo Mendes;+43 969524337
Rui Mendes;+32 537573240
Ricardo Ferreira;+43 681428533
Rui Pereira;+43 052974676
Rui Mendes;+44 604687708
Rui Martins;+49 862659780
Ricardo Mendes;+41 751413311
Ricardo Gonçalves;+49 678426655
Rui Gonçalves;+32 915846409
Ricardo Santos;+49 991116527
Ricardo Alves;+49 536223697
Rui Martins;+33 066776812
Ricardo Fernandes;+43 190735393
Ricardo Silva;+43 134647956
Rui Fernandes;+33 605222711
Ricardo Gomes;+351 498529490
Rui Gonçalves;+351 897901904
Rui Alves;+41 145269302
Rui Silva;+351 860761590
Rui Ferreira;+49 317686765
Rui Ferreira;+43 689395202
Ricardo Gonçalves;+351 580345559
Ricardo Martins;+41 163011048
Rui Fernandes;+41 173314457
Ricardo Ferreira;+351 534471957
Ricardo Alves;+39 125145300
Rui Gomes;+32 647243988
Ricardo Gonçalves;+43 944904673
Rui Pereira;+32 828321702
Rui Ferreira;+41 081758139
Rui Martins;+351 717754572
Ricardo Martins;+39 280426081
Rui Santos;+39 171469742
Rui Santos;+44 859920070
Rui Pereira;+33 332688079
Ricardo Ferreira;+39 698444814
Rui Gonçalves;+44 630069402
Ricardo Mendes;+351 923978046
Ricardo Silva;+33 453526745
Ricardo Mendes;+32 263207554
Ricardo Mendes;+41 271225156
Ricardo Gomes;+351 659358854
Rui Santos;+351 897470773
Rui Alves;+43 024833816
Ricardo Alves;+49 525255532
Rui Silva;+43 504038682
Rui Alves;+43 997030835
Rui Fernandes;+49 668582749
Rui Alves;+49 210025541
Ricardo Gonçalves;+32 825773006
Ricardo Gonçalves;+43 967250556
Rui Silva;+43 767469191
Ricardo Mendes;+43 609741461
Ricardo Gomes;+32 721580779
Rui Santos;+39 014156708
Rui Martins;+41 883011471
Ricardo Alves;+41 664757737
Rui Martins;+39 615519553
Ricardo Silva;+43 763738696
Rui Martins;+43 252986904
Ricardo Silva;+351 193469307
Ricardo Alves;+44 935098158
Ricardo Santos;+39 883320715
Ricardo Silva;+43 538952673
Rui Pereira;+41 015339685
Ricardo Silva;+49 424829314
Rui Santos;+44 418801318
Rui Fernandes;+49 065191672
Ricardo Gomes;+351 994783715
Rui Fernandes;+43 988961503
Rui Santos;+33 289101863
Rui Martins;+351 844914230
Ricardo Pereira;+41 602140570
Ricardo Alves;+351 403494817
Ricardo Fernandes;+33 890834498
Ricardo Martins;+44 069635866
Ricardo Pereira;+41 649084193
Ricardo Gomes;+44 959935949
Rui Gonçalves;+49 471327200
Rui Martins;+39 465941497
Ricardo Mendes;+41 627076662
Rui Martins;+39 776054453
Ricardo Gomes;+32 184720627
Ricardo Santos;+43 368087640
