Sofia Mendes;+41 519187946
Sofia Gonçalves;+32 072973295
Sofia Silva;+33 502204366
Sofia Alves;+351 122642727
Sofia Fernandes;+41 993172471
Sofia Fernandes;+49 223852754
Sofia Pereira;+44 302958105
Sofia Silva;+39 153422190
Sofia Alves;+39 097639879
Sofia Silva;+32 945885030
Sofia Mendes;+49 109315187
Sofia Gomes;+41 448553369
Sofia Pereira;+33 411711351
Sofia Gonçalves;+39 641277243
Sofia Ferreira;+32 506525837
Sofia Martins;+44 480641849
Sofia Gomes;+41 153588480
Sofia Ferreira;+43 130258686
Sofia Ferreira;+32 504748287
Sofia Martins;+41 619099288
Sofia Gonçalves;+39 134241928
Sofia Fernandes;+44 282600222
Sofia Martins;+33 877512411
Sofia Gonçalves;+39 392591428
Sofia Mendes;+44 635607904
Sofia Mendes;+44 605967659
Sofia Alves;+44 797036414
Sofia Santos;+32 937516011
Sofia Gonçalves;+41 436452410
Sofia Gonçalves;+44 043807436
Sofia Gonçalves;+32 489008253
Sofia Santos;+33 037923496
Sofia Fernandes;+41 344124278
Sofia Pereira;+44 767932837
Sofia Fernandes;+43 502375186
Sofia Alves;+44 477967291
Sofia Gomes;+33 110530365
Sofia Alves;+33 893976600
Sofia Silva;+41 673914386
Sofia Pereira;+49 714169127
Sofia Martins;+32 618009308
Sofia Gomes;+33 941133563
Sofia Silva;+351 035929645
Sofia Gonçalves;+351 934515695
Sofia Santos;+41 205700996
Sofia Santos;+44 453840056
Sofia Pereira;+39 112322501
Sofia Ferreira;+351 135869486
Sofia Santos;+49 204799206
Sofia Alves;+351 351429720
Sofia Santos;+351 251261558
Sofia Gomes;+41 202478228
Sofia Gomes;+49 645080895
Sofia Santos;+33 517491591
Sofia Fernandes;+32 448062988
Sofia Gonçalves;+49 803388232
Sofia Silva;+41 722835388
Sofia Fernandes;+43 618791687
Sofia Ferreira;+351 141112010
Sofia Fernandes;+33 484492329
Sofia Pereira;+41 257855276
Sofia Ferreira;+49 761868964
Sofia Mendes;+41 391627592
Sofia Mendes;+32 015510764
Sofia Gonçalves;+32 528056568
Sofia Pereira;+32 151567360
Sofia Mendes;+32 080590690
Sofia Santos;+49 065553159
Sofia Gomes;+43 986291777
Sofia Mendes;+351 143802682
Sofia Ferreira;+43 971155126
Sofia Martins;+41 631091705
Sofia Santos;+39 822648870
Sofia Santos;+32 730283330
Sofia Gomes;+32 092328497
Sofia Alves;+32 905347680
Sofia Martins;+32 505770305
Sofia Silva;+32 158153178
Sofia Santos;+41 137716474
Sofia Silva;+33 303682634
Sofia Gonçalves;+43 063037122
Sofia Santos;+44 117437925
Sofia Fernandes;+39 002946512
Sofia Martins;+351 864625202
Sofia Fernandes;+351 535856751
Sofia Gonçalves;+41 062836971
Sofia Ferreira;+39 229072164
Sofia Gomes;+44 183016119
Sofia Alves;+41 326226375
Sofia Martins;+32 658455373
Sofia Ferreira;+43 845805080
Sofia Gonçalves;+33 377022083
Sofia Martins;+32 103763079
Sofia Pereira;+44 946291192
Sofia Alves;+41 336205546
Sofia Martins;+32 734396486
Sofia Alves;+39 927356640
Sofia Martins;+49 111376156
Sofia Pereira;+33 692934309
Sofia Mendes;+49 185628178
