Ana Santos;+32 540193421
Ana Alves;+39 443872275
Ana Fernandes;+351 899734865
Ana Pereira;+32 857684012
Ana Mendes;+33 424463648
Ana Fernandes;+49 679140511
Ana Santos;+43 550030199
Ana Alves;+351 164463965
Ana Ferreira;+32 651901528
Ana Ferreira;+49 256010028
Ana Santos;+43 209533690
Ana Alves;+351 672838150
Ana Mendes;+49 679067209
Ana Gonçalves;+351 356172428
Ana Gomes;+32 295519654
Ana Martins;+44 341144336
Ana Gonçalves;+43 203576184
Ana Alves;+43 837137137
Ana Alves;+32 093541822
Ana Fernandes;+49 207470358
Ana Martins;+351 972125730
Ana Pereira;+351 882233390
Ana Alves;+44 481276786
Ana Santos;+43 854849829
Ana Santos;+41 426762492
Ana Silva;+41 641821556
Ana Gonçalves;+44 145047857
Ana Martins;+351 752871245
Ana Pereira;+33 118747150
Ana Santos;+351 688959427
Ana Ferreira;+39 750700058
Ana Martins;+39 565783299
Ana Pereira;+39 355486576
Ana Gomes;+33 770114863
Ana Gonçalves;+39 473225569
Ana Gomes;+44 504423791
Ana Fernandes;+39 745601050
Ana Gomes;+49 993580237
Ana Martins;+43 396079120
Ana Mendes;+32 102545662
Ana Gomes;+41 643302780
Ana Santos;+44 547326950
Ana Silva;+351 657299414
Ana Ferreira;+33 236687019
Ana Ferreira;+33 478410577
Ana Mendes;+49 071975710
Ana Gonçalves;+33 480509610
Ana Alves;+33 276343418
Ana Alves;+33 031708694
Ana Fernandes;+44 178961876
Ana Silva;+41 863600547
Ana Santos;+49 568711335
Ana Ferreira;+43 283200107
Ana Silva;+32 436273338
Ana Martins;+41 647569499
Ana Gonçalves;+41 648128424
Ana Martins;+351 631154382
Ana Santos;+41 036551870
Ana Pereira;+33 716374463
Ana Santos;+41 266569304
Ana Gomes;+39 194444314
Ana Alves;+351 451387944
Ana Silva;+32 010730132
Ana Mendes;+32 333978763
Ana Silva;+32 516822265
Ana Gonçalves;+43 969017266
Ana Pereira;+43 449464730
Ana Mendes;+351 976607274
Ana Gomes;+44 985466995
Ana Mendes;+33 941788320
Ana Pereira;+43 244699239
Ana Gonçalves;+33 764020494
Ana Santos;+33 367963810
Ana Pereira;+39 192244761
Ana Mendes;+41 218992766
Ana Santos;+44 720507524
Ana Santos;+39 991455580
Ana Martins;+33 210121496
Ana Martins;+49 663555695
Ana Martins;+41 231658017
Ana Mendes;+32 210007351
Ana Mendes;+44 213053067
Ana Santos;+43 836081431
Ana Mendes;+49 871585253
Ana Gomes;+32 497764111
Ana Pereira;+43 084030506
Ana Gonçalves;+39 652702460
Ana Alves;+33 745706734
Ana Gomes;+33 196424725
Ana Fernandes;+43 613150220
Ana Pereira;+351 699541374
Ana Gomes;+351 148525213
Ana Gonçalves;+351 574028757
Ana Silva;+39 301252996
Ana Pereira;+44 007654328
Ana Mendes;+41 022145212
Ana Gomes;+39 260527635
Ana Fernandes;+49 816957998
Ana Ferreira;+49 103338418
Ana Gomes;+49 547674043
