Ana Fernandes;+32 698872221
Ana Gomes;+33 519888850
Ana Gonçalves;+32 137268423
Ana Gonçalves;+44 782102268
Ana Santos;+41 615266931
Ana Gomes;+49 555098067
Ana Mendes;+32 226906987
Ana Mendes;+39 393156836
Ana Mendes;+351 988032875
Ana Pereira;+44 497241454
Ana Santos;+43 142072531
Ana Santos;+351 665587742
Ana Gomes;+39 166823987
Ana Santos;+351 230669513
Ana Silva;+41 156899843
Ana Ferreira;+49 546378415
Ana Ferreira;+41 201373786
Ana Gomes;+351 847973707
Ana Fernandes;+33 925903839
Ana Gomes;+32 764130966
Ana Alves;+44 617193254
Ana Silva;+39 933719636
Ana Martins;+44 329961703
Ana Santos;+32 467482085
Ana Santos;+44 182634387
Ana Mendes;+49 408398951
Ana Alves;+39 547530528
Ana Fernandes;+44 279969201
Ana Gonçalves;+44 118538225
Ana Martins;+32 123745082
Ana Gonçalves;+33 639136179
Ana Gonçalves;+41 417731656
Ana Ferreira;+43 435751532
Ana Alves;+44 669928320
Ana Santos;+43 944340426
Ana Fernandes;+41 907117939
Ana Fernandes;+41 116627395
Ana Gonçalves;+43 801506286
Ana Gomes;+44 221614030
Ana Alves;+32 061989407
Ana Fernandes;+39 972432463
Ana Ferreira;+43 261673821
Ana Ferreira;+43 873578500
Ana Ferreira;+44 464399246
Ana Fernandes;+33 360696537
Ana Martins;+44 658867175
Ana Silva;+41 877341925
Ana Ferreira;+43 061771874
Ana Pereira;+41 616976382
Ana Gomes;+32 023509792
Ana Silva;+41 501861527
Ana Gomes;+44 654399782
Ana Ferreira;+351 141001239
Ana Pereira;+351 098878310
Ana Martins;+41 521885711
Ana Alves;+33 381473712
Ana Gonçalves;+351 178337297
Ana Silva;+33 713939992
Ana Pereira;+32 035244519
Ana Alves;+41 649593750
Ana Pereira;+41 539214221
Ana Silva;+351 907944751
Ana Gomes;+41 565819967
Ana Gomes;+32 275751950
Ana Santos;+43 089410837
Ana Santos;+32 633306687
Ana Silva;+32 469416462
Ana Silva;+44 518224012
Ana Alves;+49 907304000
Ana Gomes;+351 294516438
Ana Alves;+41 485787312
Ana Alves;+43 465280882
Ana Mendes;+39 373230631
Ana Pereira;+351 583047032
Ana Silva;+33 915002427
Ana Alves;+43 770786586
Ana Alves;+41 380710613
Ana Mendes;+41 604550799
Ana Pereira;+43 158813594
Ana Gonçalves;+49 521538188
Ana Mendes;+351 062809748
Ana Gonçalves;+43 573510326
Ana Mendes;+41 455827262
Ana Martins;+33 863794972
Ana Mendes;+49 430644681
Ana Fernandes;+41 823404731
Ana Martins;+41 417536110
Ana Martins;+39 126255099
Ana Gonçalves;+351 112299484
Ana Martins;+44 100145418
Ana Fernandes;+49 880067364
Ana Gomes;+44 972202469
Ana Mendes;+39 871054081
Ana Silva;+33 214641349
Ana Santos;+33 778427390
Ana Mendes;+351 178673954
Ana Pereira;+49 633239655
Ana Gonçalves;+49 995612406
Ana Martins;+49 898345429
Ana Pereira;+49 655923444
