Rui Santos;+41 385826561
Ricardo Ferreira;+41 206058550
Ricardo Ferreira;+351 313028809
Rui Martins;+43 661282992
Rui Gomes;+32 511796695
Rui Ferreira;+49 571992934
Ricardo Pereira;+41 440366055
Ricardo Martins;+43 385452566
Rui Alves;+39 900554519
Rui Gomes;+43 551606075
Ricardo Fernandes;+33 885880687
Rui Ferreira;+33 712960624
Ricardo Mendes;+43 996430317
Rui Santos;+49 423998711
Rui Fernandes;+351 230344326
Rui Gonçalves;+39 514174935
Ricardo Martins;+44 217266524
Ricardo Alves;+351 908069694
Ricardo Mendes;+39 970563595
Rui Gonçalves;+351 320848935
Rui Pereira;+49 681907131
Rui Mendes;+44 103856750
Ricardo Alves;+32 801137303
Rui Gonçalves;+32 760799988
Rui Silva;+43 570731563
Ricardo Martins;+49 513178107
Rui Martins;+32 040032631
Ricardo Ferreira;+44 989504924
Ricardo Ferreira;+33 196863075
Rui Martins;+43 313732571
Ricardo Alves;+32 289319084
Rui Santos;+32 608785275
Rui Silva;+32 642099284
Rui Gomes;+351 692644000
Rui Silva;+32 251522893
Ricardo Silva;+49 718151526
Rui Gonçalves;+33 649855793
Ricardo Mendes;+43 240983092
Rui Martins;+32 041429438
Ricardo Silva;+49 839401908
Ricardo Gomes;+351 202644519
Ricardo Pereira;+39 466556295
Ricardo Alves;+41 601765829
Ricardo Pereira;+351 844324774
Ricardo Alves;+32 038410031
Ricardo Ferreira;+49 493119428
Rui Ferreira;+351 257059274
Rui Pereira;+33 760025632
Ricardo Pereira;+49 670233958
Ricardo Martins;+44 405430633
Rui Fernandes;+41 537074474
Ricardo Alves;+44 905749446
Rui Pereira;+33 772076931
Ricardo Pereira;+44 518690238
Ricardo Gomes;+49 701181791
Rui Silva;+44 454153358
Ricardo Mendes;+351 051940406
Ricardo Mendes;+33 011865449
Ricardo Gonçalves;+49 330970185
Rui Silva;+351 014001180
Rui Silva;+32 022541540
Ricardo Pereira;+43 002418073
Rui Gomes;+44 294986682
Rui Fernandes;+49 105378909
Ricardo Gonçalves;+43 595343423
Ricardo Martins;+33 014401716
Ricardo Mendes;+351 673436170
Rui Santos;+44 571118764
Rui Silva;+41 437937279
Rui Gonçalves;+351 590172231
Ricardo Alves;+49 384421220
Rui Alves;+32 206891874
Rui Alves;+44 010798723
Rui Gonçalves;+33 174247291
Rui Ferreira;+33 308227160
Ricardo Martins;+351 772958871
Ricardo Martins;+44 395433830
Ricardo Pereira;+44 159807101
Ricardo Mendes;+43 592783215
Rui Pereira;+33 234540950
Ricardo Martins;+41 453192554
Rui Fernandes;+41 728298113
Ricardo Alves;+32 485122869
Rui Gonçalves;+39 608227105
Ricardo Santos;+41 407767498
Ricardo Mendes;+49 249016736
Ricardo Alves;+43 373145596
Rui Martins;+32 367777701
Rui Silva;+351 730980447
Rui Gonçalves;+351 140492127
Rui Martins;+32 137125117
Ricardo Fernandes;+33 789750941
Rui Gonçalves;+41 214003265
Rui Mendes;+49 069243025
Ricardo Silva;+49 644367693
Rui Gonçalves;+49 538777228
Rui Silva;+33 868473535
Ricardo Fernandes;+32 211539565
Rui Santos;+351 998695312
Ricardo Santos;+41 189604733
