Ana Fernandes;+43 477176873
Ana Gonçalves;+32 658689980
Ana Fernandes;+33 696125048
Ana Gomes;+33 515806632
Ana Alves;+39 899935422
Ana Gomes;+33 015691982
Ana Santos;+49 818153347
Ana Ferreira;+44 162306347
Ana Pereira;+43 943052249
Ana Silva;+43 507531035
Ana Silva;+33 017488565
Ana Pereira;+43 673329501
Ana Pereira;+33 223905989
Ana Gonçalves;+44 266847315
Ana Alves;+43 668576399
Ana Mendes;+32 234750149
Ana Gomes;+44 993354261
Ana Silva;+44 683040700
Ana Martins;+32 838878818
Ana Martins;+41 867924047
Ana Gomes;+41 861271724
Ana Pereira;+44 541216715
Ana Gomes;+44 617531768
Ana Gonçalves;+32 798388029
Ana Pereira;+43 593275264
Ana Alves;+351 094285867
Ana Santos;+351 491323021
Ana Martins;+43 986114110
Ana Martins;+32 056581635
Ana Silva;+41 613226405
Ana Santos;+43 592302689
Ana Pereira;+351 772023258
Ana Mendes;+44 717272140
Ana Silva;+49 892657758
Ana Martins;+44 265426273
Ana Alves;+33 106172011
Ana Santos;+49 718292811
Ana Martins;+43 372790018
Ana Gonçalves;+32 432296964
Ana Gomes;+43 393842336
Ana Gonçalves;+32 600187367
Ana Santos;+49 379403246
Ana Fernandes;+351 386125901
Ana Alves;+44 840080835
Ana Pereira;+41 914028024
Ana Martins;+39 426089384
Ana Fernandes;+351 849053009
Ana Silva;+33 155559336
Ana Gonçalves;+44 730430462
Ana Pereira;+43 587177745
Ana Pereira;+32 710235868
Ana Santos;+32 666308113
Ana Pereira;+43 942833142
Ana Santos;+43 322387756
Ana Mendes;+351 488338204
Ana Mendes;+33 060966861
Ana Mendes;+43 849458896
Ana Pereira;+32 128937230
Ana Ferreira;+351 397386412
Ana Alves;+44 102673831
Ana Pereira;+33 036697359
Ana Fernandes;+32 676264634
Ana Fernandes;+44 484779665
Ana Silva;+41 629994584
Ana Alves;+351 949476721
Ana Fernandes;+44 699998791
Ana Mendes;+33 604772665
Ana Gomes;+39 040399740
Ana Pereira;+351 543168269
Ana Silva;+32 478296137
Ana Silva;+49 319711746
Ana Santos;+33 819913735
Ana Santos;+43 496651404
Ana Gomes;+39 076490094
Ana Alves;+32 416727048
Ana Silva;+44 871935809
Ana Pereira;+351 542980931
Ana Ferreira;+32 561457834
Ana Fernandes;+39 220709329
Ana Santos;+351 036345514
Ana Gonçalves;+44 317918380
Ana Ferreira;+33 440353523
Ana Gomes;+33 208312497
Ana Pereira;+39 052828894
Ana Alves;+33 190414278
Ana Alves;+351 403181944
Ana Santos;+33 534718322
Ana Gomes;+33 671937445
Ana Martins;+351 237830612
Ana Ferreira;+33 868733185
Ana Gomes;+32 172550993
Ana Santos;+49 793748260
Ana Gomes;+43 621801019
Ana Mendes;+49 705829094
Ana Ferreira;+41 770338149
Ana Silva;+41 624268833
Ana Santos;+41 524622518
Ana Ferreira;+49 368189769
Ana Gomes;+39 466228519
Ana Ferreira;+49 716325069
