Sofia Silva;+49 899123585
Sofia Gomes;+44 539281669
Sofia Gonçalves;+351 827622610
Sofia Pereira;+33 752420453
Sofia Santos;+49 687138201
Sofia Fernandes;+49 337547423
Sofia Silva;+49 290688707
Sofia Silva;+44 752777961
Sofia Gomes;+33 177128930
Sofia Fernandes;+33 584994643
Sofia Gomes;+39 534715447
Sofia Fernandes;+39 543388817
Sofia Ferreira;+32 224407451
Sofia Silva;+39 140845704
Sofia Alves;+44 383654767
Sofia Gomes;+41 237253847
Sofia Gonçalves;+32 959374927
Sofia Silva;+351 040619838
Sofia Fernandes;+41 849706375
Sofia Santos;+44 148174706
Sofia Gonçalves;+44 436117227
Sofia Mendes;+32 842715830
Sofia Gomes;+351 420479986
Sofia Martins;+44 492728481
Sofia Silva;+49 717195845
Sofia Mendes;+44 143463601
Sofia Santos;+351 304797829
Sofia Santos;+41 152727986
Sofia Martins;+41 967543466
Sofia Gomes;+49 965826705
Sofia Silva;+43 597274103
Sofia Pereira;+43 092826478
Sofia Martins;+33 700088847
Sofia Santos;+44 121271506
Sofia Fernandes;+43 170332026
Sofia Santos;+32 529962065
Sofia Martins;+43 494778435
Sofia Gonçalves;+32 600710823
Sofia Alves;+44 614756301
Sofia Gomes;+44 088430731
Sofia Gomes;+49 268999981
Sofia Alves;+41 512940536
Sofia Santos;+41 918105615
Sofia Silva;+49 818695728
Sofia Fernandes;+41 663951763
Sofia Fernandes;+351 402917939
Sofia Pereira;+33 313107606
Sofia Martins;+44 074511595
Sofia Gonçalves;+39 157511230
Sofia Gonçalves;+32 398833189
Sofia Ferreira;+41 343710166
Sofia Fernandes;+32 680607738
Sofia Ferreira;+43 611665883
Sofia Fernandes;+33 595307444
Sofia Fernandes;+32 931236584
Sofia Pereira;+43 841108564
Sofia Gonçalves;+49 102273477
Sofia Santos;+43 880634611
Sofia Pereira;+39 083372990
Sofia Ferreira;+33 711895075
Sofia Mendes;+43 717160376
Sofia Alves;+39 867954875
Sofia Ferreira;+41 026966928
Sofia Gonçalves;+43 450412580
Sofia Fernandes;+32 422309516
Sofia Pereira;+49 304531757
Sofia Ferreira;+32 690579179
Sofia Mendes;+49 431709417
Sofia Martins;+32 573512763
Sofia Martins;+41 305033831
Sofia Ferreira;+33 112134815
Sofia Martins;+33 374988147
Sofia Alves;+32 685265510
Sofia Mendes;+32 988727002
Sofia Gomes;+39 525769660
Sofia Gomes;+32 723559942
Sofia Pereira;+39 885059802
Sofia Silva;+43 232125231
Sofia Gomes;+43 425611000
Sofia Fernandes;+44 677095935
Sofia Pereira;+39 910667086
Sofia Pereira;+32 734693938
Sofia Martins;+43 217794379
Sofia Santos;+32 642823562
Sofia Martins;+49 109200125
Sofia Santos;+32 193379943
Sofia Gomes;+44 443952369
Sofia Fernandes;+351 200804427
Sofia Pereira;+32 548928020
Sofia Fernandes;+44 332157970
Sofia Silva;+49 968159254
Sofia Fernandes;+43 787216685
Sofia Gonçalves;+351 356150449
Sofia Ferreira;+44 596797293
Sofia Fernandes;+41 703597133
Sofia Ferreira;+44 280422474
Sofia Pereira;+44 595141624
Sofia Alves;+43 790666369
Sofia Fernandes;+44 017876198
Sofia Mendes;+44 160900962
