Ana Pereira;+49 212682441
Ana Santos;+33 669083593
Ana Silva;+351 721315908
Ana Silva;+32 569851892
Ana Mendes;+39 729384192
Ana Silva;+44 550629183
Ana Ferreira;+351 791778026
Ana Martins;+44 029583039
Ana Gonçalves;+32 281919141
Ana Martins;+351 779128037
Ana Gomes;+44 203077601
Ana Silva;+39 761894053
Ana Gonçalves;+43 664985921
Ana Alves;+351 942838703
Ana Martins;+44 265576161
Ana Pereira;+39 296562049
Ana Santos;+39 871561775
Ana Pereira;+32 510751042
Ana Pereira;+43 608421139
Ana Fernandes;+49 627094911
Ana Martins;+32 806626051
Ana Gomes;+44 512860288
Ana Gonçalves;+44 697672404
Ana Fernandes;+41 562268373
Ana Martins;+39 863488064
Ana Ferreira;+32 006854598
Ana Gomes;+39 373105797
Ana Fernandes;+49 193851962
Ana Silva;+32 294472089
Ana Alves;+33 137342108
Ana Alves;+351 860104223
Ana Fernandes;+49 468611009
Ana Silva;+39 851086833
Ana Fernandes;+49 653844755
Ana Silva;+32 424587271
Ana Gomes;+39 062910180
Ana Silva;+32 159902232
Ana Mendes;+39 168727387
Ana Mendes;+49 005698058
Ana Ferreira;+41 484646252
Ana Gomes;+41 693529732
Ana Martins;+41 981936050
Ana Ferreira;+43 500869793
Ana Fernandes;+44 997953297
Ana Gomes;+39 932243283
Ana Pereira;+39 125132028
Ana Gonçalves;+44 456769489
Ana Fernandes;+39 855474653
Ana Martins;+33 679920431
Ana Gomes;+44 462482432
Ana Mendes;+49 800897226
Ana Santos;+41 975619862
Ana Silva;+44 830402442
Ana Gonçalves;+49 501214105
Ana Martins;+49 998834368
Ana Pereira;+39 103836013
Ana Martins;+32 887468389
Ana Mendes;+49 048328072
Ana Silva;+49 808749279
Ana Gonçalves;+44 790985443
Ana Mendes;+49 139454943
Ana Gomes;+44 733440780
Ana Gomes;+43 472763767
Ana Ferreira;+39 485295966
Ana Santos;+33 195411719
Ana Santos;+41 925309984
Ana Silva;+351 854807034
Ana Alves;+32 312196491
Ana Gonçalves;+43 840522488
Ana Gomes;+49 013315962
Ana Gonçalves;+44 516986374
Ana Pereira;+41 944014800
Ana Silva;+33 741784873
Ana Ferreira;+44 476224120
Ana Gomes;+43 451778760
Ana Martins;+32 809826114
Ana Ferreira;+44 515354146
Ana Gomes;+33 326074629
Ana Silva;+41 564214739
Ana Pereira;+49 980770660
Ana Ferreira;+41 954201682
Ana Silva;+351 707005233
Ana Silva;+44 935713614
Ana Fernandes;+43 507931400
Ana Alves;+32 469875025
Ana Martins;+351 227923184
Ana Fernandes;+44 497265003
Ana Gomes;+49 489394385
Ana Gonçalves;+33 001426120
Ana Martins;+32 398259089
Ana Ferreira;+41 404237700
Ana Pereira;+43 104166997
Ana Pereira;+41 898597017
Ana Mendes;+49 692680226
Ana Gonçalves;+351 147494027
Ana Silva;+41 105637765
Ana Alves;+33 565921936
Ana Alves;+41 699979300
Ana Gonçalves;+43 336403075
Ana Gonçalves;+39 582372836
