Ana Silva;+49 107426173
Ana Fernandes;+32 424077687
Ana Fernandes;+43 719354364
Ana Pereira;+41 545236589
Ana Fernandes;+44 547956116
Ana Mendes;+351 624812183
Ana Silva;+43 284050722
Ana Gomes;+33 675005867
Ana Santos;+44 802081000
Ana Fernandes;+43 152630266
Ana Gonçalves;+49 845281213
Ana Gonçalves;+351 807512922
Ana Alves;+41 325921972
Ana Santos;+33 921146092
Ana Pereira;+41 535713272
Ana Gonçalves;+351 142281901
Ana Gomes;+39 595469230
Ana Silva;+44 401337054
Ana Ferreira;+41 755957895
Ana Gomes;+41 377001431
Ana Fernandes;+33 122004031
Ana Mendes;+49 902996567
Ana Martins;+351 937254738
Ana Fernandes;+351 343998179
Ana Alves;+39 018157260
Ana Gomes;+43 129666486
Ana Silva;+43 036756675
Ana Ferreira;+43 366390944
Ana Pereira;+33 215768902
Ana Mendes;+351 500042600
Ana Gonçalves;+43 517144111
Ana Gomes;+49 232980563
Ana Pereira;+32 374711377
Ana Silva;+49 864762949
Ana Mendes;+43 916737447
Ana Alves;+44 737389173
Ana Ferreira;+49 355291982
Ana Fernandes;+44 780633362
Ana Gonçalves;+351 105238909
Ana Gomes;+43 880546037
Ana Mendes;+351 676595679
Ana Gonçalves;+44 430665474
Ana Gonçalves;+49 335646869
Ana Santos;+41 521283729
Ana Santos;+49 230351264
Ana Gomes;+44 079148639
Ana Gonçalves;+33 274118890
Ana Santos;+43 844074899
Ana Santos;+44 744333597
Ana Ferreira;+41 134391390
Ana Gomes;+44 282467869
Ana Fernandes;+43 928752635
Ana Martins;+351 745973737
Ana Fernandes;+39 799295761
Ana Alves;+49 708641635
Ana Gonçalves;+41 841126908
Ana Gonçalves;+44 543697463
Ana Ferreira;+33 199424663
Ana Mendes;+33 606533376
Ana Mendes;+351 494647582
Ana Gomes;+351 692169169
Ana Silva;+32 823947326
Ana Fernandes;+49 012451093
Ana Martins;+32 157455623
Ana Mendes;+32 967536770
Ana Fernandes;+43 990092372
Ana Ferreira;+351 193008747
Ana Mendes;+33 139315535
Ana Santos;+39 135440681
Ana Pereira;+39 685746930
Ana Mendes;+39 048402896
Ana Silva;+49 402722221
Ana Martins;+44 359131073
Ana Alves;+33 490291305
Ana Pereira;+44 823830527
Ana Gomes;+32 843348033
Ana Gomes;+44 409677491
Ana Fernandes;+351 814521911
Ana Martins;+33 101236218
Ana Ferreira;+32 179074886
Ana Santos;+44 560672495
Ana Mendes;+49 514362748
Ana Silva;+32 613831460
Ana Fernandes;+43 180161296
Ana Ferreira;+49 417157689
Ana Alves;+33 993521773
Ana Alves;+32 566837738
Ana Martins;+43 687573826
Ana Pereira;+33 979515360
Ana Martins;+44 047847359
Ana Alves;+49 179537285
Ana Ferreira;+43 409248772
Ana Pereira;+44 677449065
Ana Gomes;+351 810444565
Ana Alves;+32 216234047
Ana Gomes;+43 917826187
Ana Mendes;+49 625140043
Ana Mendes;+351 365189628
Ana Mendes;+44 408719331
Ana Santos;+49 546491276
