Ricardo Gonçalves;+351 468249515
Ricardo Gomes;+41 645907847
Ricardo Martins;+33 062830237
Rui Martins;+39 843939723
Ricardo Fernandes;+33 072878202
Ricardo Santos;+32 748190593
Ricardo Fernandes;+49 095378946
Rui Pereira;+39 075134616
Rui Fernandes;+41 817269776
Rui Silva;+49 340570120
Rui Silva;+44 574356801
Rui Fernandes;+41 943376046
Ricardo Gomes;+351 924753771
Rui Gonçalves;+49 242663393
Ricardo Mendes;+33 863482369
Rui Gonçalves;+351 636002832
Rui Ferreira;+351 144384647
Rui Martins;+351 363850883
Ricardo Fernandes;+43 753878984
Ricardo Martins;+41 896853195
Rui Silva;+43 012656825
Rui Gonçalves;+49 347511069
Rui Silva;+32 056079269
Rui Fernandes;+44 492097021
Rui Gonçalves;+351 931988546
Rui Mendes;+41 279788221
Rui Fernandes;+41 720622877
Ricardo Pereira;+43 153605323
Rui Santos;+43 917851508
Rui Fernandes;+32 343636833
Rui Mendes;+351 632807128
Rui Fernandes;+43 454309618
Rui Silva;+32 263874679
Ricardo Alves;+49 923481714
Rui Mendes;+39 486134929
Rui Ferreira;+41 117908551
Rui Gomes;+33 009957221
Ricardo Ferreira;+43 667954616
Ricardo Gonçalves;+32 822106252
Ricardo Ferreira;+41 227817508
Rui Martins;+49 506740519
Ricardo Silva;+33 303094619
Ricardo Pereira;+43 264468323
Ricardo Mendes;+39 125271394
Rui Silva;+41 355440457
Ricardo Pereira;+43 168885427
Ricardo Silva;+43 480487783
Ricardo Ferreira;+43 607388564
Ricardo Mendes;+33 195837058
Rui Silva;+49 233044403
Rui Gomes;+43 340674087
Rui Gonçalves;+41 207917429
Rui Gomes;+41 982033978
Ricardo Martins;+41 463938674
Ricardo Ferreira;+49 849187831
Rui Gomes;+49 187382816
Ricardo Martins;+33 150460129
Rui Alves;+44 330180336
Rui Martins;+43 088401367
Ricardo Martins;+39 746724784
Rui Martins;+41 660135181
Rui Alves;+41 405084950
Rui Alves;+49 138396354
Ricardo Gomes;+351 227409610
Rui Gomes;+43 050902925
Ricardo Gonçalves;+32 916036782
Rui Gomes;+43 515124664
Rui Gonçalves;+41 877787324
Ricardo Pereira;+32 868691243
Rui Alves;+44 772673126
Ricardo Alves;+33 439037709
Rui Santos;+43 719219419
Ricardo Gonçalves;+44 304085866
Rui Fernandes;+43 661466150
Rui Ferreira;+41 530510730
Rui Martins;+351 228165822
Ricardo Alves;+41 984497312
Rui Pereira;+39 612881290
Ricardo Gonçalves;+49 332483525
Rui Santos;+32 811056476
Ricardo Gonçalves;+41 305583021
Ricardo Santos;+44 522089634
Rui Fernandes;+39 833504588
Rui Santos;+39 188171594
Rui Gomes;+39 143092129
Rui Ferreira;+41 440384784
Rui Martins;+44 145193736
Ricardo Martins;+33 080872858
Rui Santos;+32 170522587
Ricardo Fernandes;+32 373779047
Ricardo Gomes;+32 256205425
Ricardo Silva;+39 827835665
Ricardo Mendes;+41 993280996
Rui Silva;+32 467760705
Ricardo Alves;+41 077815534
Ricardo Alves;+33 711530012
Rui Ferreira;+43 765028282
Rui Silva;+41 057869900
Rui Alves;+44 198039955
Ricardo Martins;+44 363887591
