Sofia Gonçalves;+39 161373101
Sofia Pereira;+33 814062966
Sofia Gomes;+44 072945645
Sofia Gonçalves;+49 224774503
Sofia Gomes;+33 491717708
Sofia Gomes;+44 255445461
Sofia Silva;+39 355313446
Sofia Fernandes;+49 375921719
Sofia Martins;+41 452870346
Sofia Mendes;+33 416821555
Sofia Mendes;+44 020937409
Sofia Ferreira;+41 352425901
Sofia Martins;+44 423479570
Sofia Mendes;+44 286969116
Sofia Silva;+32 693810209
Sofia Mendes;+33 545943482
Sofia Alves;+41 857782485
Sofia Pereira;+33 247474781
Sofia Gomes;+39 231369257
Sofia Pereira;+32 870855877
Sofia Ferreira;+49 988716375
Sofia Gomes;+41 592303221
Sofia Gomes;+32 408786631
Sofia Martins;+43 062870189
Sofia Alves;+49 856917014
Sofia Gonçalves;+41 111559528
Sofia Alves;+44 285442102
Sofia Martins;+33 869905366
Sofia Gomes;+39 571006945
Sofia Ferreira;+43 564523322
Sofia Gonçalves;+32 303127689
Sofia Santos;+33 667396959
Sofia Mendes;+43 319654586
Sofia Gonçalves;+43 645503538
Sofia Silva;+351 074473447
Sofia Gonçalves;+43 530585762
Sofia Gonçalves;+32 228149045
Sofia Silva;+351 891277898
Sofia Mendes;+41 636972894
Sofia Gonçalves;+49 326079814
Sofia Gonçalves;+33 366473083
Sofia Santos;+41 814235087
Sofia Gomes;+44 343179159
Sofia Gonçalves;+32 465057430
Sofia Mendes;+43 740955833
Sofia Silva;+39 194565876
Sofia Ferreira;+33 152397334
Sofia Alves;+39 663613407
Sofia Santos;+32 616836568
Sofia Gomes;+32 448839035
Sofia Silva;+33 801655366
Sofia Ferreira;+39 646008278
Sofia Silva;+43 649860715
Sofia Alves;+33 265669121
Sofia Gonçalves;+33 932145894
Sofia Gonçalves;+41 985967639
Sofia Martins;+39 412327060
Sofia Gomes;+43 176459231
Sofia Fernandes;+43 802818210
Sofia Gonçalves;+33 638270930
Sofia Gomes;+43 126918758
Sofia Pereira;+32 137996693
Sofia Silva;+41 574598560
Sofia Gonçalves;+44 896389963
Sofia Alves;+39 682392424
Sofia Silva;+32 928608056
Sofia Silva;+43 709318724
Sofia Gomes;+39 779834114
Sofia Gomes;+43 630559793
Sofia Gonçalves;+39 374338471
Sofia Ferreira;+32 455199781
Sofia Santos;+43 370828509
Sofia Gonçalves;+32 009918914
Sofia Pereira;+49 490709165
Sofia Pereira;+43 459159222
Sofia Alves;+49 033043153
Sofia Fernandes;+32 956131312
Sofia Mendes;+41 685354630
Sofia Gomes;+39 270025732
Sofia Gonçalves;+44 491384497
Sofia Gomes;+44 032913672
Sofia Mendes;+49 761640160
Sofia Ferreira;+41 017908424
Sofia Alves;+44 534067352
Sofia Alves;+39 688042359
Sofia Mendes;+32 557901188
Sofia Alves;+44 847145513
Sofia Santos;+32 121692487
Sofia Silva;+44 299809845
Sofia Fernandes;+39 140043415
Sofia Gonçalves;+351 798905872
Sofia Gomes;+49 361586123
Sofia Alves;+351 210570554
Sofia Gonçalves;+49 461081418
Sofia Alves;+49 661853868
Sofia Mendes;+351 583362051
Sofia Santos;+32 918732338
Sofia Gonçalves;+41 081050906
Sofia Gomes;+43 615345668
Sofia Mendes;+43 585123134
