Rui Mendes;+351 374641291
Rui Silva;+32 343268835
Ricardo Martins;+351 523071729
Ricardo Fernandes;+43 895074486
Rui Martins;+39 733209950
Ricardo Fernandes;+32 248400998
Ricardo Santos;+43 632684367
Ricardo Santos;+32 737890560
Rui Alves;+41 178247471
Ricardo Martins;+43 797681200
Rui Santos;+44 735884102
Ricardo Fernandes;+39 888331638
Ricardo Martins;+32 163351323
Rui Fernandes;+49 676683240
Ricardo Martins;+32 492060059
Rui Alves;+43 499028381
Ricardo Gonçalves;+351 074401791
Rui Mendes;+32 684712319
Ricardo Silva;+32 422046393
Rui Mendes;+39 770164040
Ricardo Silva;+41 223286115
Ricardo Alves;+32 851147514
Rui Ferreira;+43 396658330
Ricardo Fernandes;+32 801541874
Rui Mendes;+49 204730164
Ricardo Santos;+44 466244635
Ricardo Gomes;+49 755783795
Ricardo Martins;+351 986186345
Rui Ferreira;+41 225148441
Rui Santos;+41 444805657
Rui Silva;+33 340137401
Ricardo Fernandes;+41 124422860
Ricardo Alves;+43 623442563
Rui Pereira;+44 450668351
Ricardo Ferreira;+32 423157699
Rui Santos;+351 949623026
Ricardo Gomes;+39 841875737
Ricardo Gonçalves;+43 126179802
Rui Mendes;+43 684155666
Rui Santos;+32 036955678
Rui Alves;+351 081090884
Rui Pereira;+49 795831046
Rui Ferreira;+32 712254162
Ricardo Fernandes;+41 826199049
Ricardo Gonçalves;+43 183445021
Rui Silva;+43 129901195
Rui Alves;+44 791164945
Rui Ferreira;+33 586739365
Rui Silva;+44 119613039
Rui Silva;+44 317677888
Ricardo Gomes;+39 179370695
Ricardo Martins;+41 981443938
Ricardo Fernandes;+49 945723265
Rui Silva;+44 230812044
Rui Fernandes;+49 292496638
Rui Santos;+32 815152540
Ricardo Silva;+44 227868346
Ricardo Pereira;+33 040854863
Ricardo Santos;+33 238665454
Rui Martins;+39 838104576
Rui Ferreira;+32 453417347
Rui Martins;+351 062767880
Rui Pereira;+49 233028458
Rui Gomes;+44 714985669
Rui Fernandes;+351 256908133
Rui Santos;+43 272564633
Rui Silva;+44 671983151
Ricardo Fernandes;+44 810287867
Rui Fernandes;+41 711357359
Ricardo Ferreira;+49 850225075
Rui Gomes;+43 600934318
Ricardo Pereira;+33 661602552
Rui Pereira;+44 807645550
Rui Mendes;+351 369209146
Ricardo Gomes;+33 640044952
Ricardo Martins;+43 699237101
Rui Pereira;+351 906104873
Rui Gonçalves;+32 931039670
Rui Martins;+39 920514879
Ricardo Martins;+39 886678358
Ricardo Ferreira;+351 395615190
Ricardo Alves;+43 582711583
Rui Silva;+41 993203716
Ricardo Gomes;+41 321027383
Ricardo Gomes;+49 327869368
Rui Santos;+39 663331431
Rui Silva;+49 367157849
Rui Santos;+44 253934857
Ricardo Mendes;+41 984659958
Ricardo Alves;+33 843732296
Rui Ferreira;+41 261780855
Ricardo Mendes;+43 384856184
Rui Silva;+49 490362899
Rui Pereira;+33 577646885
Ricardo Gomes;+33 635195788
Ricardo Santos;+43 460125370
Rui Gomes;+32 983210327
Ricardo Ferreira;+39 724456610
Ricardo Santos;+44 092705309
Ricardo Mendes;+43 464289040
