Ana Ferreira;+33 707524320
Ana Mendes;+33 456629755
Ana Santos;+41 405335772
Ana Santos;+32 480412207
Ana Fernandes;+41 084377286
Ana Pereira;+43 395876137
Ana Gomes;+351 596875311
Ana Silva;+49 852906644
Ana Alves;+39 674412533
Ana Mendes;+39 521638916
Ana Gonçalves;+32 280375183
Ana Ferreira;+33 772134783
Ana Mendes;+49 382809171
Ana Mendes;+41 951933931
Ana Martins;+44 283765879
Ana Alves;+32 006375083
Ana Gomes;+351 022969039
Ana Mendes;+49 117672399
Ana Alves;+351 334121353
Ana Martins;+43 328534985
Ana Alves;+351 665480926
Ana Gomes;+49 091497879
Ana Ferreira;+43 928882715
Ana Martins;+33 494318284
Ana Pereira;+32 511535925
Ana Fernandes;+39 038219094
Ana Gonçalves;+33 701987890
Ana Pereira;+41 997489198
Ana Silva;+32 892589714
Ana Santos;+32 529430303
Ana Santos;+39 445555440
Ana Alves;+33 562806856
Ana Santos;+33 752846546
Ana Mendes;+49 296172127
Ana Mendes;+43 779014849
Ana Gonçalves;+351 484566472
Ana Mendes;+43 259400613
Ana Pereira;+351 118464898
Ana Martins;+44 944133738
Ana Gomes;+43 198500563
Ana Mendes;+39 778432479
Ana Silva;+39 468709888
Ana Alves;+43 912060762
Ana Martins;+351 915367812
Ana Silva;+33 615258717
Ana Gomes;+49 837425252
Ana Ferreira;+351 915604398
Ana Gomes;+32 375715145
Ana Gomes;+39 773758540
Ana Ferreira;+49 586009963
Ana Mendes;+44 535425664
Ana Fernandes;+351 649616567
Ana Santos;+39 943740406
Ana Ferreira;+33 736090344
Ana Silva;+351 362847340
Ana Alves;+41 477626236
Ana Silva;+49 675889927
Ana Pereira;+41 876268286
Ana Martins;+33 634908191
Ana Martins;+43 289696249
Ana Silva;+43 250810244
Ana Gonçalves;+41 956571657
Ana Ferreira;+39 076411903
Ana Mendes;+351 532442638
Ana Fernandes;+32 396132023
Ana Silva;+39 044987778
Ana Santos;+33 750153884
Ana Pereira;+33 911030727
Ana Mendes;+41 654042093
Ana Silva;+39 681458629
Ana Gonçalves;+43 463620154
Ana Santos;+32 262730132
Ana Santos;+43 128298439
Ana Silva;+49 702085646
Ana Martins;+32 059019372
Ana Alves;+44 838691204
Ana Gomes;+44 410983426
Ana Silva;+33 181844049
Ana Alves;+41 852237516
Ana Martins;+33 651760549
Ana Silva;+49 542910360
Ana Alves;+39 921166685
Ana Gomes;+43 219209943
Ana Gomes;+49 741800557
Ana Fernandes;+44 587078647
Ana Silva;+49 104292064
Ana Alves;+32 523293712
Ana Pereira;+44 211134885
Ana Pereira;+351 662601195
Ana Alves;+44 270895466
Ana Ferreira;+44 929353668
Ana Gomes;+33 845581867
Ana Martins;+49 414113390
Ana Ferreira;+39 426005282
Ana Martins;+351 192417519
Ana Martins;+43 927354638
Ana Santos;+44 023660968
Ana Gomes;+39 755274741
Ana Pereira;+49 148262552
Ana Gomes;+49 234123884
