Carlos Santos;+33 575046273
Carlos Ferreira;+43 713983493
Carlos Santos;+39 628364968
Carlos Pereira;+41 660494379
Catarina Pereira;+41 367595872
Carlos Gonçalves;+49 096771714
Carlos Ferreira;+41 390256471
Carlos Gonçalves;+43 408388632
Carlos Martins;+32 399380876
Carlos Pereira;+49 272673580
Catarina Fernandes;+43 529123614
Carlos Fernandes;+49 214732839
Catarina Pereira;+41 918204935
Carlos Gomes;+41 805725358
Carlos Silva;+41 114635469
Carlos Ferreira;+351 497204119
Carlos Mendes;+32 381479737
Catarina Santos;+39 032536229
Carlos Gonçalves;+44 022913740
Carlos Martins;+39 368622461
Carlos Pereira;+41 365187445
Catarina Gonçalves;+33 488045937
Carlos Gomes;+32 154404320
Catarina Martins;+41 330749108
Carlos Mendes;+33 699035998
Carlos Pereira;+49 269757534
Catarina Silva;+32 365231842
Carlos Gomes;+33 729045561
Carlos Fernandes;+43 783151743
Catarina Gonçalves;+32 066385108
Catarina Gonçalves;+49 507999389
Carlos Alves;+32 916425872
Carlos Silva;+43 665862095
Catarina Ferreira;+43 339370356
Carlos Ferreira;+351 670063672
Carlos Silva;+44 939467102
Catarina Martins;+43 939415803
Catarina Gonçalves;+43 108016612
Catarina Fernandes;+33 605748267
Catarina Pereira;+32 377782936
Catarina Mendes;+43 665917255
Catarina Silva;+351 881747253
Carlos Fernandes;+43 140160383
Catarina Martins;+351 452497325
Catarina Fernandes;+32 858621961
Catarina Gomes;+33 252398348
Catarina Silva;+41 804217196
Carlos Pereira;+39 519207082
Carlos Gonçalves;+33 986523469
Carlos Pereira;+43 362988620
Carlos Silva;+33 444025988
Catarina Santos;+32 933353899
Catarina Alves;+43 049313201
Catarina Mendes;+351 874804083
Catarina Alves;+44 701314935
Catarina Gomes;+351 827102992
Catarina Alves;+41 449086731
Catarina Fernandes;+33 474855729
Catarina Silva;+32 509291508
Catarina Martins;+41 556286448
Catarina Alves;+49 469983431
Carlos Mendes;+33 105582361
Catarina Santos;+351 490381393
Catarina Silva;+49 768217409
Catarina Gomes;+39 926896498
Carlos Mendes;+33 258681157
Carlos Ferreira;+351 850243896
Catarina Alves;+33 866347037
Catarina Silva;+43 559666469
Catarina Mendes;+351 559048490
Catarina Alves;+33 263112458
Carlos Fernandes;+39 774927732
Carlos Fernandes;+44 898325453
Carlos Ferreira;+49 333794080
Catarina Gonçalves;+351 666521801
Carlos Ferreira;+41 144540014
Catarina Mendes;+351 201001488
Catarina Pereira;+33 368105952
Catarina Mendes;+39 877273140
Carlos Santos;+351 695886361
Carlos Gomes;+44 067729472
Catarina Santos;+43 638380670
Carlos Mendes;+41 299865444
Carlos Silva;+41 692843020
Carlos Santos;+351 087339202
Carlos Pereira;+49 113411165
Catarina Martins;+33 030644216
Catarina Silva;+41 152185782
Catarina Martins;+41 828154579
Carlos Alves;+49 102073386
Catarina Mendes;+41 710749645
Carlos Pereira;+33 486358494
Carlos Alves;+351 393263633
Catarina Alves;+33 613411399
Carlos Santos;+351 973310193
Catarina Pereira;+33 245914144
Carlos Gonçalves;+33 138704040
Catarina Pereira;+39 753959004
Catarina Silva;+351 493878891
Carlos Martins;+32 812939614
