Ana Santos;+33 505345474
Ana Mendes;+39 998387712
Ana Silva;+39 771272617
Ana Pereira;+41 504217208
Ana Ferreira;+351 285603095
Ana Alves;+33 062576737
Ana Fernandes;+33 764227860
Ana Fernandes;+43 784926156
Ana Silva;+49 523023448
Ana Ferreira;+32 548322416
Ana Mendes;+49 082520538
Ana Silva;+351 284906466
Ana Mendes;+32 050080817
Ana Ferreira;+39 873747601
Ana Santos;+351 571287774
Ana Alves;+41 408246813
Ana Pereira;+39 740859824
Ana Fernandes;+351 746379602
Ana Santos;+33 738359008
Ana Fernandes;+41 355682478
Ana Alves;+49 214771763
Ana Fernandes;+32 291430524
Ana Gonçalves;+49 225318903
Ana Alves;+39 781400825
Ana Mendes;+41 226406313
Ana Gomes;+33 683825286
Ana Ferreira;+32 543702209
Ana Mendes;+32 641100177
Ana Gonçalves;+32 316959460
Ana Martins;+49 103298800
Ana Alves;+39 024471483
Ana Mendes;+44 539104205
Ana Santos;+49 419648187
Ana Silva;+43 840476085
Ana Gomes;+351 961328914
Ana Gomes;+43 253613492
Ana Fernandes;+32 601140841
Ana Gonçalves;+43 751401429
Ana Gomes;+39 682809868
Ana Pereira;+33 787002614
Ana Santos;+33 162169646
Ana Gomes;+32 636847280
Ana Alves;+32 909426954
Ana Silva;+44 924486708
Ana Silva;+43 135376082
Ana Silva;+32 774256013
Ana Silva;+44 428517627
Ana Alves;+49 784092663
Ana Alves;+49 854717493
Ana Pereira;+39 474483248
Ana Gomes;+49 578334485
Ana Alves;+44 852477081
Ana Mendes;+39 268733654
Ana Mendes;+32 442342468
Ana Gonçalves;+351 634722584
Ana Santos;+44 897534923
Ana Santos;+49 153687160
Ana Ferreira;+32 346717430
Ana Alves;+43 411469552
Ana Fernandes;+44 795106917
Ana Ferreira;+33 565466143
Ana Gomes;+33 062398341
Ana Fernandes;+351 250806049
Ana Ferreira;+41 453650242
Ana Silva;+351 110730170
Ana Santos;+33 575789039
Ana Ferreira;+44 662447067
Ana Mendes;+49 253290620
Ana Santos;+43 268563767
Ana Gonçalves;+33 020006638
Ana Ferreira;+44 939865264
Ana Santos;+32 405232007
Ana Silva;+39 673127252
Ana Mendes;+43 524835573
Ana Silva;+33 196104369
Ana Mendes;+49 957400631
Ana Alves;+44 802839219
Ana Ferreira;+33 956697381
Ana Alves;+33 881222211
Ana Silva;+49 808929903
Ana Ferreira;+44 459075931
Ana Silva;+39 261640099
Ana Fernandes;+33 843780321
Ana Alves;+32 295170141
Ana Gomes;+32 694681662
Ana Fernandes;+49 465787576
Ana Alves;+44 080084921
Ana Ferreira;+33 257709998
Ana Mendes;+41 573979237
Ana Gomes;+49 864100408
Ana Ferreira;+351 086222533
Ana Pereira;+39 563083914
Ana Santos;+32 783724745
Ana Pereira;+43 850994073
Ana Gonçalves;+351 870247511
Ana Martins;+351 776333489
Ana Ferreira;+43 205964382
Ana Santos;+39 584594533
Ana Ferreira;+33 832331616
Ana Martins;+351 694754891
