Rui Gomes;+32 930226098
Ricardo Martins;+33 308750916
Ricardo Ferreira;+351 526369424
Ricardo Silva;+32 041426248
Rui Pereira;+44 324469234
Rui Gomes;+39 868439828
Rui Mendes;+33 626880909
Rui Santos;+32 461327654
Rui Santos;+44 127017285
Ricardo Fernandes;+32 296136418
Ricardo Fernandes;+39 910758306
Ricardo Martins;+32 526534590
Ricardo Mendes;+351 679265438
Rui Alves;+32 118862736
Rui Gomes;+32 844177364
Rui Mendes;+41 908741014
Ricardo Gonçalves;+44 160121764
Rui Martins;+49 559036940
Ricardo Gonçalves;+39 626356900
Ricardo Gomes;+41 878266467
Ricardo Silva;+32 837811395
Ricardo Mendes;+49 163417529
Ricardo Santos;+32 684535692
Rui Gomes;+39 473094370
Ricardo Fernandes;+44 732194653
Ricardo Silva;+33 613238103
Ricardo Mendes;+43 953401946
Rui Mendes;+351 169925197
Ricardo Fernandes;+44 976307985
Rui Fernandes;+49 326836579
Ricardo Ferreira;+39 175632712
Rui Silva;+43 482104038
Ricardo Gomes;+351 550084342
Ricardo Fernandes;+32 960398740
Rui Fernandes;+43 882854170
Rui Gonçalves;+351 871522652
Ricardo Santos;+33 492083431
Rui Gonçalves;+41 991888337
Ricardo Mendes;+41 495408701
Rui Gomes;+41 937388082
Ricardo Fernandes;+33 574286813
Rui Gomes;+44 804974072
Ricardo Pereira;+33 263028100
Rui Ferreira;+32 020845608
Rui Santos;+351 686794561
Ricardo Pereira;+44 002229999
Rui Alves;+33 031539097
Rui Silva;+43 289435468
Ricardo Fernandes;+49 712964538
Rui Ferreira;+39 498810560
Rui Fernandes;+41 483514137
Rui Pereira;+44 924804109
Ricardo Gomes;+39 926974529
Rui Gomes;+44 889299560
Ricardo Pereira;+39 978827265
Ricardo Pereira;+39 816119261
Ricardo Gonçalves;+33 694257763
Ricardo Ferreira;+44 928216797
Ricardo Santos;+49 658899309
Rui Gomes;+33 375021102
Rui Santos;+41 676659056
Rui Mendes;+351 682955305
Ricardo Gomes;+41 176906177
Ricardo Martins;+41 432735004
Rui Fernandes;+39 516362961
Rui Ferreira;+49 018337739
Ricardo Gomes;+41 325536266
Rui Mendes;+351 784050972
Ricardo Gonçalves;+49 047084940
Ricardo Martins;+39 007206536
Rui Santos;+33 935105125
Rui Martins;+49 622353183
Ricardo Gomes;+43 519117214
Rui Alves;+351 952478323
Ricardo Gonçalves;+33 315524835
Rui Santos;+44 050562926
Ricardo Pereira;+49 174246866
Rui Santos;+39 215793426
Ricardo Gomes;+33 438576046
Rui Gomes;+351 917043891
Rui Gomes;+39 798471721
Ricardo Ferreira;+39 299866255
Rui Alves;+44 403278135
Ricardo Pereira;+351 242552430
Rui Fernandes;+32 577627376
Ricardo Ferreira;+351 428181663
Ricardo Pereira;+351 990055358
Ricardo Pereira;+44 299486090
Ricardo Pereira;+43 831142953
Rui Gomes;+39 713710328
Rui Gonçalves;+41 307308102
Ricardo Fernandes;+44 710268265
Rui Mendes;+41 761748633
Ricardo Ferreira;+44 753635981
Ricardo Gomes;+43 833682099
Ricardo Ferreira;+49 093391651
Ricardo Gomes;+41 266584230
Ricardo Fernandes;+44 338280123
Ricardo Pereira;+39 491010186
Ricardo Pereira;+39 146714910
