Catarina Santos;+32 916835709
Catarina Silva;+49 561677340
Catarina Santos;+33 949251128
Carlos Mendes;+49 024478089
Catarina Mendes;+44 797869086
Catarina Alves;+49 057825700
Catarina Ferreira;+351 660592232
Catarina Gomes;+43 482320850
Carlos Silva;+44 175563714
Carlos Alves;+43 129330259
Catarina Santos;+49 246592103
Catarina Mendes;+49 207498500
Catarina Silva;+39 993769904
Carlos Ferreira;+32 037550371
Catarina Alves;+49 206388824
Carlos Pereira;+49 311210021
Carlos Gomes;+351 524734363
Carlos Santos;+41 092959411
Carlos Mendes;+41 683553773
Catarina Gonçalves;+44 591267053
Carlos Pereira;+351 611878222
Catarina Alves;+49 655235899
Carlos Pereira;+44 858616817
Catarina Pereira;+39 175944020
Carlos Pereira;+32 924614488
Carlos Pereira;+39 356877007
Catarina Silva;+32 786061740
Catarina Santos;+43 748976404
Carlos Silva;+351 481282109
Carlos Gomes;+351 464687268
Carlos Mendes;+43 887750491
Carlos Gonçalves;+351 566913153
Catarina Martins;+33 704915018
Carlos Gonçalves;+33 411873665
Carlos Fernandes;+44 124463297
Catarina Fernandes;+41 983783104
Carlos Alves;+49 024450392
Catarina Pereira;+44 278344395
Catarina Santos;+43 060476974
Catarina Fernandes;+43 268502363
Catarina Gonçalves;+39 310503796
Catarina Santos;+49 527572606
Catarina Pereira;+43 981541909
Carlos Santos;+49 998432723
Carlos Ferreira;+43 356257228
Catarina Mendes;+32 120294023
Carlos Pereira;+49 141560443
Catarina Ferreira;+39 340589314
Carlos Martins;+41 874258739
Catarina Martins;+351 756788950
Carlos Gomes;+41 529973366
Catarina Pereira;+44 230508076
Carlos Fernandes;+33 991639685
Catarina Martins;+39 357841348
Carlos Mendes;+49 321952261
Catarina Ferreira;+43 180120109
Carlos Pereira;+33 732771704
Carlos Fernandes;+32 889200541
Catarina Ferreira;+33 997366057
Catarina Pereira;+32 084453512
Carlos Gonçalves;+44 616942010
Catarina Santos;+41 537458252
Catarina Mendes;+44 337029478
Catarina Mendes;+44 723694269
Carlos Martins;+39 850498991
Catarina Mendes;+33 918041986
Catarina Alves;+33 853670789
Catarina Alves;+41 952250481
Catarina Silva;+41 466389383
Carlos Gomes;+43 925307961
Catarina Gomes;+41 934006479
Catarina Mendes;+44 186662533
Catarina Gomes;+41 814075010
Carlos Gomes;+32 423376347
Catarina Fernandes;+44 226741595
Catarina Fernandes;+49 380268121
Carlos Gonçalves;+41 490876202
Carlos Ferreira;+351 472704398
Carlos Mendes;+33 804608632
Carlos Pereira;+43 360955262
Catarina Pereira;+32 666512154
Catarina Gonçalves;+41 207431508
Catarina Fernandes;+39 657283499
Catarina Alves;+33 063350857
Carlos Fernandes;+43 734189658
Catarina Fernandes;+39 494662762
Carlos Martins;+33 782828078
Carlos Fernandes;+32 338805588
Catarina Alves;+43 364460476
Carlos Alves;+49 218730615
Carlos Silva;+41 508368718
Catarina Gomes;+41 052512355
Carlos Fernandes;+43 240517941
Catarina Gomes;+33 703640954
Catarina Ferreira;+44 558977991
Catarina Mendes;+32 686338760
Catarina Fernandes;+39 501310198
Catarina Gomes;+43 541733635
Catarina Alves;+44 549556844
Carlos Ferreira;+44 127746097
