Carlos Ferreira;+39 259670553
Catarina Ferreira;+39 883104635
Carlos Gomes;+49 736332197
Carlos Mendes;+41 039069445
Catarina Gonçalves;+32 958299107
Catarina Santos;+351 869990617
Catarina Gomes;+39 011330426
Catarina Martins;+39 376891235
Carlos Mendes;+49 909666917
Catarina Gonçalves;+44 178214125
Catarina Mendes;+351 848541555
Catarina Mendes;+39 589698584
Catarina Mendes;+351 530774589
Catarina Pereira;+32 609658622
Catarina Gonçalves;+49 359146294
Carlos Martins;+32 904357033
Catarina Martins;+49 056191780
Catarina Silva;+351 254087190
Catarina Gonçalves;+49 245242744
Catarina Santos;+39 438398701
Carlos Martins;+41 138430457
Carlos Silva;+351 662910967
Carlos Martins;+44 000109933
Catarina Gonçalves;+39 874511441
Catarina Alves;+44 845683445
Carlos Silva;+44 557607631
Carlos Gomes;+33 957491903
Carlos Fernandes;+41 770568785
Catarina Gonçalves;+44 857731604
Carlos Gonçalves;+43 150575502
Carlos Santos;+351 455721526
Catarina Alves;+32 329123165
Carlos Santos;+43 002085462
Catarina Santos;+39 254298080
Catarina Ferreira;+351 595814294
Carlos Santos;+32 218038896
Carlos Fernandes;+43 261991867
Carlos Ferreira;+44 909450815
Carlos Mendes;+39 786068648
Carlos Gonçalves;+49 099815053
Carlos Ferreira;+41 743197489
Carlos Gomes;+43 317173544
Carlos Fernandes;+33 874063965
Catarina Silva;+39 262051423
Catarina Silva;+39 233398668
Carlos Fernandes;+41 620867068
Catarina Santos;+44 584718317
Carlos Pereira;+44 020801520
Catarina Silva;+49 778185747
Catarina Ferreira;+351 120617076
Carlos Fernandes;+49 978280925
Carlos Alves;+39 329008764
Catarina Gonçalves;+351 765795635
Carlos Gomes;+39 149940723
Catarina Santos;+43 838065976
Carlos Gonçalves;+41 034184532
Catarina Silva;+33 351866934
Carlos Gomes;+33 400293418
Carlos Ferreira;+49 837017037
Catarina Santos;+44 913793173
Catarina Gonçalves;+32 170742579
Catarina Mendes;+43 036794075
Catarina Santos;+43 371694555
Carlos Ferreira;+41 432980790
Carlos Santos;+33 299848470
Catarina Gomes;+41 429989071
Carlos Alves;+33 719278677
Catarina Mendes;+33 462123571
Carlos Mendes;+41 560831326
Carlos Alves;+43 611815035
Carlos Ferreira;+32 230726434
Catarina Gonçalves;+32 358329812
Catarina Martins;+351 350080504
Carlos Gomes;+32 370359697
Carlos Gonçalves;+33 971450307
Carlos Alves;+43 060158205
Carlos Santos;+351 053650935
Catarina Ferreira;+33 568869850
Carlos Alves;+44 248664685
Catarina Santos;+43 586835958
Carlos Gomes;+33 463912588
Catarina Ferreira;+49 694927298
Carlos Martins;+49 841894555
Catarina Fernandes;+41 883691414
Catarina Ferreira;+49 852541210
Carlos Santos;+33 452803465
Carlos Mendes;+32 186768738
Carlos Pereira;+33 845023202
Catarina Santos;+43 224001199
Catarina Silva;+49 449640153
Carlos Fernandes;+49 210456417
Catarina Silva;+49 388498830
Catarina Mendes;+43 544309272
Carlos Fernandes;+39 771903531
Catarina Pereira;+39 064697769
Carlos Santos;+43 318321016
Carlos Fernandes;+44 322284085
Carlos Pereira;+351 022469108
Catarina Ferreira;+351 694134545
Catarina Alves;+351 293372419
