Carlos Silva;+49 612743113
Catarina Pereira;+44 078245956
Catarina Pereira;+44 787648359
Carlos Alves;+49 323860792
Carlos Martins;+49 368030059
Carlos Santos;+43 426195767
Carlos Santos;+33 020361631
Catarina Gonçalves;+32 895135233
Carlos Gonçalves;+43 789237952
Carlos Silva;+41 598985864
Catarina Pereira;+32 765314625
Carlos Gomes;+49 517678631
Carlos Fernandes;+351 398083750
Carlos Gonçalves;+33 761835503
Catarina Alves;+49 181493543
Catarina Fernandes;+39 546212927
Carlos Silva;+41 701210647
Catarina Ferreira;+33 704386879
Catarina Mendes;+32 245149120
Catarina Silva;+33 647787877
Catarina Mendes;+43 218287183
Catarina Santos;+32 148468915
Catarina Gomes;+39 193396100
Catarina Gomes;+49 615856737
Catarina Mendes;+41 125801251
Catarina Mendes;+32 017399095
Carlos Pereira;+351 652424257
Catarina Alves;+32 501838072
Catarina Santos;+39 714189572
Carlos Ferreira;+39 606369060
Carlos Mendes;+32 310893567
Catarina Mendes;+39 056693103
Carlos Pereira;+43 219887330
Carlos Mendes;+39 535960519
Carlos Gonçalves;+43 847543737
Carlos Mendes;+351 959740766
Carlos Mendes;+351 759439839
Carlos Pereira;+39 326931956
Carlos Mendes;+44 944744789
Carlos Fernandes;+39 182412965
Carlos Gomes;+33 593064414
Catarina Gomes;+41 185753910
Catarina Pereira;+32 763377513
Catarina Fernandes;+41 033562582
Carlos Fernandes;+351 349611901
Catarina Gonçalves;+33 297122490
Carlos Alves;+32 179464047
Carlos Mendes;+32 447637895
Carlos Mendes;+39 135397941
Catarina Martins;+351 627570691
Catarina Santos;+351 153905988
Catarina Martins;+41 806363982
Carlos Pereira;+43 052309443
Catarina Martins;+41 898402775
Carlos Pereira;+39 551712410
Catarina Ferreira;+33 864165285
Carlos Silva;+33 323094146
Catarina Pereira;+43 960609708
Carlos Ferreira;+351 734090242
Carlos Gonçalves;+351 379000764
Carlos Pereira;+41 643089727
Carlos Martins;+49 820998620
Carlos Gonçalves;+41 342515031
Carlos Santos;+351 356674899
Catarina Santos;+32 669472163
Catarina Pereira;+44 157482057
Carlos Fernandes;+44 246924812
Catarina Mendes;+351 462251661
Catarina Silva;+44 423179920
Catarina Mendes;+49 768053212
Carlos Ferreira;+39 212755647
Catarina Fernandes;+39 263145464
Catarina Gomes;+49 504983182
Carlos Gonçalves;+33 211672173
Carlos Mendes;+49 920235572
Catarina Silva;+49 361345067
Carlos Gomes;+49 305653307
Carlos Gonçalves;+32 125267253
Carlos Gonçalves;+39 114993746
Catarina Santos;+33 387446111
Catarina Santos;+49 468918940
Carlos Fernandes;+49 562729566
Catarina Gonçalves;+32 772300652
Catarina Fernandes;+43 243969372
Catarina Pereira;+33 245145853
Carlos Pereira;+33 869915400
Catarina Pereira;+41 325099504
Catarina Gomes;+33 983384717
Catarina Mendes;+43 625442831
Catarina Santos;+43 898627143
Catarina Santos;+49 768875772
Catarina Gomes;+39 350858493
Carlos Gomes;+33 059204672
Carlos Santos;+49 094972766
Carlos Gonçalves;+39 131699360
Catarina Silva;+351 311609830
Catarina Gomes;+44 489358686
Carlos Santos;+33 788841819
Carlos Santos;+43 933383584
Catarina Martins;+351 491679482
