Sofia Gomes;+39 312325894
Sofia Santos;+39 061693354
Sofia Fernandes;+351 856994062
Sofia Ferreira;+39 249164620
Sofia Santos;+32 854391014
Sofia Ferreira;+33 248292585
Sofia Alves;+32 734703036
Sofia Santos;+39 822069813
Sofia Fernandes;+33 176413059
Sofia Pereira;+32 215020846
Sofia Alves;+41 311358084
Sofia Alves;+43 029896623
Sofia Silva;+44 816445183
Sofia Mendes;+43 030593772
Sofia Silva;+44 355142102
Sofia Alves;+49 324537282
Sofia Alves;+49 179128914
Sofia Fernandes;+43 958501093
Sofia Ferreira;+33 348330587
Sofia Silva;+39 162212147
Sofia Fernandes;+43 087969581
Sofia Silva;+43 169210383
Sofia Fernandes;+32 588896579
Sofia Silva;+32 901873479
Sofia Gomes;+39 559482413
Sofia Alves;+32 661894479
Sofia Santos;+32 976660607
Sofia Fernandes;+43 516654319
Sofia Martins;+351 370449816
Sofia Silva;+39 114833905
Sofia Gonçalves;+351 797426027
Sofia Gomes;+49 202069794
Sofia Pereira;+39 216752978
Sofia Martins;+43 140068647
Sofia Santos;+43 548465875
Sofia Fernandes;+43 205483320
Sofia Mendes;+39 740313442
Sofia Pereira;+39 444123613
Sofia Santos;+33 220595908
Sofia Silva;+49 784100466
Sofia Fernandes;+43 178272095
Sofia Ferreira;+43 997309141
Sofia Pereira;+39 051002503
Sofia Gomes;+351 822369160
Sofia Mendes;+33 795861182
Sofia Pereira;+351 630658905
Sofia Santos;+49 096814124
Sofia Fernandes;+49 996072624
Sofia Pereira;+32 925971148
Sofia Pereira;+41 191921384
Sofia Martins;+41 777224486
Sofia Ferreira;+41 173898463
Sofia Mendes;+44 017928458
Sofia Alves;+43 607161727
Sofia Pereira;+41 396437544
Sofia Gomes;+41 977596342
Sofia Pereira;+43 780227433
Sofia Santos;+41 476320878
Sofia Ferreira;+44 900860654
Sofia Alves;+32 169295407
Sofia Santos;+43 224361299
Sofia Martins;+351 059508599
Sofia Martins;+39 180159480
Sofia Martins;+32 451011445
Sofia Pereira;+33 191182014
Sofia Ferreira;+43 970032259
Sofia Santos;+43 057376183
Sofia Silva;+351 584555063
Sofia Gomes;+41 423830590
Sofia Fernandes;+49 432588000
Sofia Silva;+43 577481661
Sofia Ferreira;+43 807350438
Sofia Alves;+351 203192172
Sofia Fernandes;+49 262262111
Sofia Gonçalves;+33 594960118
Sofia Mendes;+32 531324240
Sofia Fernandes;+33 657682203
Sofia Silva;+44 332563530
Sofia Silva;+44 269450188
Sofia Pereira;+32 101556030
Sofia Gonçalves;+351 028129825
Sofia Gonçalves;+41 107416855
Sofia Alves;+351 331701182
Sofia Santos;+351 397233075
Sofia Santos;+351 731594910
Sofia Santos;+44 901019902
Sofia Gonçalves;+351 995817314
Sofia Gomes;+32 995294474
Sofia Silva;+351 341619377
Sofia Pereira;+39 735050037
Sofia Gomes;+44 400864231
Sofia Santos;+33 255921173
Sofia Santos;+44 876734616
Sofia Martins;+39 929092583
Sofia Mendes;+32 769185181
Sofia Santos;+49 286605909
Sofia Gomes;+351 073496482
Sofia Pereira;+44 367539000
Sofia Gonçalves;+44 664168005
Sofia Santos;+32 088587256
