Ricardo Ferreira;+33 464058387
Rui Gomes;+43 827065751
Rui Gomes;+33 935265381
Ricardo Ferreira;+32 549845285
Ricardo Santos;+49 953688392
Ricardo Gonçalves;+33 218524459
Ricardo Fernandes;+32 736323302
Ricardo Fernandes;+351 777431935
Ricardo Gonçalves;+49 604247836
Rui Gonçalves;+39 396680573
Ricardo Pereira;+44 041396239
Rui Gomes;+44 220975054
Ricardo Pereira;+41 233454947
Ricardo Santos;+43 608499215
Ricardo Ferreira;+33 808818323
Rui Pereira;+351 320069528
Ricardo Mendes;+49 677710346
Ricardo Silva;+33 631149939
Ricardo Santos;+49 168721440
Ricardo Gomes;+33 795773656
Rui Santos;+44 690738147
Rui Silva;+351 229327335
Ricardo Martins;+32 269273399
Rui Fernandes;+32 771019793
Rui Ferreira;+41 669139144
Ricardo Mendes;+33 351475910
Ricardo Gonçalves;+43 858274131
Ricardo Pereira;+351 134840623
Rui Ferreira;+39 612564930
Rui Gonçalves;+351 470212234
Ricardo Martins;+32 617471765
Rui Pereira;+32 403106555
Ricardo Fernandes;+351 635614891
Ricardo Martins;+41 777815612
Ricardo Martins;+33 723820520
Ricardo Ferreira;+39 267631573
Rui Ferreira;+43 303529036
Ricardo Fernandes;+32 376947037
Rui Martins;+33 658277301
Rui Santos;+351 077670348
Rui Ferreira;+41 724483963
Rui Fernandes;+32 211897596
Ricardo Ferreira;+49 890889525
Rui Silva;+41 240728451
Ricardo Gomes;+41 920981688
Rui Ferreira;+44 203978424
Ricardo Gonçalves;+33 785131143
Ricardo Santos;+32 577889515
Ricardo Mendes;+32 859749191
Ricardo Ferreira;+49 715768572
Rui Gomes;+44 043568518
Ricardo Fernandes;+41 505104304
Ricardo Gonçalves;+49 651195034
Ricardo Martins;+41 100963523
Rui Alves;+41 349492288
Rui Gonçalves;+41 619104612
Ricardo Silva;+41 585586904
Rui Pereira;+49 201204265
Ricardo Ferreira;+39 355577776
Rui Silva;+39 533302800
Ricardo Santos;+41 446338105
Rui Ferreira;+41 545155032
Rui Fernandes;+44 716239940
Rui Alves;+39 592684447
Rui Fernandes;+351 971214979
Ricardo Fernandes;+43 744872977
Rui Fernandes;+32 606185694
Rui Pereira;+32 415336479
Rui Gomes;+41 057100809
Rui Fernandes;+41 988154590
Rui Ferreira;+33 564066454
Ricardo Martins;+49 766715626
Rui Fernandes;+49 759700516
Ricardo Santos;+44 578465674
Rui Santos;+41 994373921
Ricardo Fernandes;+39 358261821
Ricardo Fernandes;+33 170024659
Rui Gomes;+41 194353965
Rui Ferreira;+39 176498523
Rui Gomes;+33 726491472
Rui Silva;+33 005061801
Rui Martins;+43 317624771
Rui Fernandes;+33 220860267
Ricardo Santos;+351 520218301
Rui Santos;+351 407762890
Ricardo Mendes;+44 852413897
Ricardo Martins;+41 746579608
Rui Fernandes;+41 102818507
Rui Pereira;+43 836526674
Ricardo Ferreira;+32 108647620
Rui Pereira;+41 832235869
Ricardo Mendes;+33 402984764
Ricardo Fernandes;+44 166582166
Rui Silva;+39 437583159
Rui Gomes;+41 719293770
Ricardo Ferreira;+44 588473810
Ricardo Martins;+33 831666603
Ricardo Santos;+32 071353426
Rui Pereira;+33 067850209
Rui Martins;+351 181389912
