Ana Mendes;+49 551868483
Ana Alves;+44 031460918
Ana Mendes;+49 424152018
Ana Pereira;+351 942986471
Ana Pereira;+49 000364478
Ana Mendes;+44 961826279
Ana Fernandes;+39 734581396
Ana Santos;+44 872985632
Ana Silva;+351 919512160
Ana Mendes;+49 490985973
Ana Gomes;+49 565385915
Ana Martins;+351 262302411
Ana Pereira;+41 028787433
Ana Fernandes;+43 661958526
Ana Ferreira;+351 830689306
Ana Gonçalves;+41 813949731
Ana Mendes;+41 487992011
Ana Pereira;+44 961731570
Ana Mendes;+43 199189231
Ana Ferreira;+49 215949653
Ana Gonçalves;+49 452155117
Ana Santos;+44 639052405
Ana Fernandes;+32 050548577
Ana Alves;+43 118841710
Ana Martins;+43 106268473
Ana Fernandes;+33 868201844
Ana Fernandes;+39 895559972
Ana Alves;+32 588140268
Ana Gomes;+33 381157589
Ana Silva;+39 133548298
Ana Alves;+351 180100741
Ana Gomes;+44 480644962
Ana Gonçalves;+44 847597915
Ana Mendes;+39 339626684
Ana Pereira;+33 226575021
Ana Alves;+44 981308678
Ana Fernandes;+33 636495385
Ana Silva;+33 966150492
Ana Silva;+43 543462158
Ana Gonçalves;+41 785192634
Ana Alves;+41 780562042
Ana Gonçalves;+41 430910289
Ana Silva;+33 053319414
Ana Alves;+43 914850226
Ana Gomes;+49 021234674
Ana Fernandes;+39 377314213
Ana Gomes;+33 886047414
Ana Alves;+44 696991534
Ana Gonçalves;+49 212578922
Ana Pereira;+49 318155516
Ana Martins;+43 923472446
Ana Mendes;+44 002810849
Ana Mendes;+41 377924730
Ana Silva;+49 672615786
Ana Pereira;+32 442899611
Ana Gonçalves;+43 335659210
Ana Mendes;+41 031224436
Ana Silva;+44 494508127
Ana Gonçalves;+33 712914335
Ana Mendes;+49 129691092
Ana Alves;+44 019796991
Ana Alves;+43 554726039
Ana Alves;+32 365561495
Ana Gomes;+41 503855017
Ana Fernandes;+44 855083731
Ana Gonçalves;+44 969325410
Ana Gonçalves;+32 233595187
Ana Alves;+43 661239146
Ana Gonçalves;+41 443607130
Ana Ferreira;+351 739842783
Ana Fernandes;+41 920171528
Ana Gonçalves;+41 311394183
Ana Alves;+39 392217823
Ana Martins;+49 572936415
Ana Ferreira;+33 194498422
Ana Ferreira;+39 098425334
Ana Fernandes;+41 407786235
Ana Gonçalves;+49 118725790
Ana Alves;+41 008785556
Ana Santos;+39 163011067
Ana Silva;+41 333620809
Ana Ferreira;+351 946337984
Ana Mendes;+44 894615696
Ana Pereira;+41 019889434
Ana Santos;+32 106450638
Ana Gonçalves;+39 783470704
Ana Mendes;+32 294643978
Ana Santos;+44 965042922
Ana Silva;+39 617430512
Ana Gonçalves;+351 214158001
Ana Fernandes;+43 809440585
Ana Pereira;+41 120147004
Ana Pereira;+43 580040590
Ana Mendes;+32 597907899
Ana Gonçalves;+43 634258726
Ana Santos;+351 591776591
Ana Fernandes;+39 500443007
Ana Pereira;+39 180987697
Ana Pereira;+33 863270530
Ana Mendes;+43 361608335
