Ana Alves;+41 916243825
Ana Santos;+49 316626564
Ana Santos;+351 517582338
Ana Gonçalves;+43 501834279
Ana Gonçalves;+32 886473012
Ana Fernandes;+41 761315238
Ana Ferreira;+44 784597153
Ana Martins;+43 577679883
Ana Martins;+49 061202048
Ana Fernandes;+351 513808954
Ana Mendes;+33 535084115
Ana Silva;+39 792342639
Ana Silva;+351 794960262
Ana Ferreira;+351 260387076
Ana Mendes;+39 861205490
Ana Gomes;+33 248721737
Ana Santos;+33 135728125
Ana Pereira;+41 802365274
Ana Fernandes;+41 333719717
Ana Ferreira;+39 051881200
Ana Martins;+49 277246431
Ana Santos;+49 123207318
Ana Mendes;+41 669095695
Ana Pereira;+32 940086132
Ana Silva;+43 823969182
Ana Fernandes;+44 011986842
Ana Alves;+44 462461363
Ana Pereira;+32 942004756
Ana Pereira;+33 391253265
Ana Silva;+41 915099360
Ana Mendes;+43 614560893
Ana Pereira;+39 969319529
Ana Mendes;+43 325520394
Ana Santos;+41 582141564
Ana Gomes;+39 143271684
Ana Silva;+351 131433674
Ana Gonçalves;+39 203624813
Ana Gomes;+41 873917894
Ana Fernandes;+351 046409073
Ana Fernandes;+49 109648521
Ana Santos;+49 231836018
Ana Ferreira;+44 547659762
Ana Gomes;+41 776684025
Ana Martins;+41 125979359
Ana Martins;+44 152888245
Ana Ferreira;+33 126584931
Ana Fernandes;+49 029768755
Ana Gomes;+41 990224499
Ana Pereira;+43 891158879
Ana Ferreira;+39 601867374
Ana Martins;+41 559422175
Ana Fernandes;+351 474449968
Ana Pereira;+43 138409049
Ana Ferreira;+32 339954922
Ana Gomes;+33 227760393
Ana Gonçalves;+32 879084620
Ana Santos;+33 772062662
Ana Mendes;+44 418431979
Ana Mendes;+41 159075011
Ana Alves;+39 648795623
Ana Gonçalves;+32 661104722
Ana Gomes;+32 465700502
Ana Mendes;+49 070007944
Ana Martins;+33 026565112
Ana Alves;+43 646976783
Ana Pereira;+351 165724769
Ana Gomes;+44 340644098
Ana Ferreira;+39 816124171
Ana Mendes;+39 345037261
Ana Ferreira;+33 438989560
Ana Ferreira;+32 677865966
Ana Ferreira;+44 559547767
Ana Silva;+351 776108622
Ana Silva;+49 096419474
Ana Santos;+49 078135666
Ana Santos;+33 577869118
Ana Fernandes;+39 107189751
Ana Martins;+32 866877815
Ana Gomes;+351 112975969
Ana Alves;+39 769982395
Ana Martins;+32 814951457
Ana Alves;+44 343329606
Ana Martins;+39 602734453
Ana Ferreira;+33 022907804
Ana Ferreira;+43 911756773
Ana Mendes;+33 062149012
Ana Alves;+33 279931482
Ana Gomes;+33 465976075
Ana Ferreira;+49 552147328
Ana Gonçalves;+32 624992677
Ana Gomes;+43 055255215
Ana Silva;+32 571998578
Ana Alves;+33 899722798
Ana Gomes;+41 699213598
Ana Fernandes;+351 530283361
Ana Santos;+44 383233694
Ana Martins;+41 048739257
Ana Silva;+39 246031383
Ana Silva;+49 916356426
Ana Martins;+39 163669963
