Ricardo Ferreira;+49 053914580
Ricardo Martins;+49 330638122
Rui Gomes;+33 507583084
Ricardo Alves;+49 121542920
Ricardo Martins;+43 116177342
Ricardo Pereira;+49 072119640
Ricardo Silva;+351 562170248
Ricardo Ferreira;+33 419784304
Ricardo Alves;+33 390818126
Rui Fernandes;+49 860434446
Ricardo Gonçalves;+49 575720204
Ricardo Martins;+32 050820768
Ricardo Pereira;+33 424856595
Ricardo Santos;+49 761367918
Ricardo Mendes;+49 057081719
Ricardo Gonçalves;+44 893345036
Rui Fernandes;+351 091639046
Rui Mendes;+44 016287923
Ricardo Pereira;+49 092570824
Rui Santos;+49 814260780
Ricardo Gonçalves;+351 260295703
Rui Martins;+39 489633460
Rui Ferreira;+351 938600322
Rui Pereira;+41 559972242
Rui Ferreira;+351 965798191
Rui Fernandes;+32 753721121
Rui Gomes;+43 952373413
Rui Fernandes;+39 212950702
Rui Alves;+39 549310215
Ricardo Mendes;+33 747328753
Ricardo Santos;+39 543569954
Ricardo Santos;+43 855038875
Rui Mendes;+39 864730326
Ricardo Santos;+39 644043413
Ricardo Gonçalves;+43 005017873
Rui Alves;+32 415004788
Rui Alves;+41 285621394
Ricardo Silva;+39 040941921
Rui Ferreira;+41 770966837
Rui Alves;+32 003401619
Rui Martins;+351 760041064
Ricardo Mendes;+32 932979643
Rui Gomes;+33 393686811
Rui Ferreira;+44 461159037
Ricardo Gonçalves;+32 037113163
Ricardo Mendes;+49 325066049
Rui Gonçalves;+39 257787462
Rui Alves;+43 909167918
Rui Mendes;+43 186458073
Ricardo Alves;+39 241962623
Ricardo Santos;+43 108885211
Ricardo Fernandes;+41 582108403
Rui Fernandes;+351 583383593
Rui Santos;+351 264550846
Rui Pereira;+39 168186032
Ricardo Pereira;+39 146442107
Ricardo Alves;+351 080690942
Ricardo Santos;+44 748224468
Rui Gonçalves;+43 544912578
Ricardo Silva;+39 522704234
Rui Alves;+43 796421023
Ricardo Silva;+44 014691110
Ricardo Ferreira;+33 108531265
Ricardo Silva;+351 403502959
Ricardo Gomes;+39 542559423
Ricardo Ferreira;+33 062473001
Ricardo Gomes;+44 827240848
Rui Pereira;+43 967876883
Rui Pereira;+49 704167958
Ricardo Pereira;+44 524041527
Rui Martins;+44 973920325
Ricardo Gomes;+41 346121340
Ricardo Fernandes;+43 161174568
Ricardo Martins;+44 881701621
Rui Gonçalves;+44 909519179
Ricardo Santos;+351 770557158
Ricardo Silva;+39 124541200
Rui Gomes;+33 831287999
Ricardo Pereira;+49 576436684
Ricardo Gomes;+41 304997923
Ricardo Santos;+41 832407288
Rui Fernandes;+32 613029040
Ricardo Alves;+44 953137731
Ricardo Silva;+32 333493679
Ricardo Mendes;+39 989779733
Ricardo Gonçalves;+39 249229370
Ricardo Martins;+43 083690037
Ricardo Santos;+39 161903354
Ricardo Silva;+33 590692559
Ricardo Gonçalves;+39 263372878
Rui Mendes;+49 539664685
Ricardo Fernandes;+44 249338825
Rui Ferreira;+32 079912119
Ricardo Gomes;+39 076278544
Rui Pereira;+43 457257590
Ricardo Ferreira;+32 202420269
Ricardo Gonçalves;+32 482452298
Rui Gonçalves;+33 747448002
Rui Gomes;+33 847616390
Ricardo Pereira;+49 289637977
