Ana Martins;+43 049432564
Ana Mendes;+43 094874921
Ana Gomes;+32 000020712
Ana Martins;+49 732165380
Ana Alves;+351 304853016
Ana Santos;+351 199998585
Ana Martins;+43 043075828
Ana Mendes;+44 565393353
Ana Pereira;+32 211185820
Ana Alves;+49 336114905
Ana Silva;+41 442260297
Ana Gomes;+44 513241336
Ana Gomes;+351 279013640
Ana Alves;+351 637641309
Ana Gonçalves;+33 700606471
Ana Mendes;+44 665462633
Ana Fernandes;+44 357542265
Ana Alves;+351 289187339
Ana Mendes;+41 826806713
Ana Ferreira;+41 573543864
Ana Gonçalves;+44 828259026
Ana Pereira;+49 321437465
Ana Silva;+351 178028957
Ana Mendes;+32 036201671
Ana Fernandes;+351 636368174
Ana Pereira;+39 514438814
Ana Mendes;+43 950557726
Ana Ferreira;+49 973682840
Ana Fernandes;+43 079763539
Ana Fernandes;+351 702226773
Ana Mendes;+351 532303505
Ana Silva;+39 066097316
Ana Mendes;+33 230032210
Ana Alves;+33 006802664
Ana Gonçalves;+39 218031608
Ana Santos;+32 594381692
Ana Pereira;+39 405806728
Ana Ferreira;+41 390878938
Ana Gomes;+41 435523190
Ana Santos;+44 627735832
Ana Gonçalves;+351 449563440
Ana Ferreira;+32 024345575
Ana Fernandes;+44 526375063
Ana Alves;+44 040055895
Ana Gonçalves;+44 571243658
Ana Gomes;+33 056714086
Ana Silva;+44 075600424
Ana Mendes;+33 344142967
Ana Silva;+41 209324754
Ana Gonçalves;+33 214895664
Ana Fernandes;+41 121515604
Ana Martins;+49 186677580
Ana Gonçalves;+43 487151064
Ana Martins;+39 954130175
Ana Silva;+43 032962390
Ana Silva;+39 872962410
Ana Gomes;+351 408731161
Ana Ferreira;+44 138518232
Ana Fernandes;+49 736119166
Ana Mendes;+33 788193970
Ana Gonçalves;+41 071480605
Ana Ferreira;+33 702219431
Ana Martins;+33 942598477
Ana Mendes;+39 829957764
Ana Fernandes;+49 252850279
Ana Alves;+351 753588806
Ana Silva;+44 881574500
Ana Ferreira;+32 840626970
Ana Martins;+39 363662024
Ana Santos;+39 231028905
Ana Gonçalves;+351 883418231
Ana Ferreira;+41 931592553
Ana Alves;+41 353220810
Ana Mendes;+49 699599002
Ana Martins;+351 536351147
Ana Gomes;+32 830579418
Ana Pereira;+351 747268472
Ana Ferreira;+351 396034063
Ana Mendes;+39 146502367
Ana Martins;+41 795274883
Ana Martins;+41 689625866
Ana Silva;+33 481357309
Ana Fernandes;+49 383479189
Ana Alves;+49 415580890
Ana Gomes;+351 929538107
Ana Fernandes;+41 762910289
Ana Gonçalves;+33 150789116
Ana Santos;+39 929954594
Ana Martins;+41 482684712
Ana Santos;+39 505725500
Ana Pereira;+44 394333629
Ana Alves;+351 928160264
Ana Alves;+44 308288890
Ana Silva;+33 961990366
Ana Pereira;+41 161247517
Ana Gonçalves;+351 182038767
Ana Fernandes;+33 761114351
Ana Alves;+351 845712689
Ana Ferreira;+49 225789857
Ana Martins;+33 453351907
