Sofia Gomes;+49 343384506
Sofia Martins;+39 624068451
Sofia Pereira;+39 167326827
Sofia Martins;+43 294635684
Sofia Alves;+351 358743156
Sofia Mendes;+41 723351956
Sofia Fernandes;+351 563578500
Sofia Pereira;+39 429453733
Sofia Fernandes;+351 310904743
Sofia Mendes;+41 720074177
Sofia Alves;+43 904557629
Sofia Mendes;+32 096162844
Sofia Silva;+32 048807636
Sofia Pereira;+44 137571020
Sofia Mendes;+49 530785729
Sofia Martins;+351 303505261
Sofia Silva;+49 585376506
Sofia Fernandes;+43 354856539
Sofia Mendes;+351 395654613
Sofia Martins;+44 435155567
Sofia Ferreira;+44 481198798
Sofia Fernandes;+44 774314754
Sofia Pereira;+41 905114329
Sofia Mendes;+43 561016831
Sofia Martins;+43 632406957
Sofia Pereira;+32 285398098
Sofia Gomes;+49 979276556
Sofia Martins;+39 285929253
Sofia Ferreira;+41 954507619
Sofia Gomes;+39 659696770
Sofia Fernandes;+32 395138654
Sofia Martins;+49 563286039
Sofia Gomes;+32 989975624
Sofia Santos;+39 876797165
Sofia Martins;+33 294018689
Sofia Mendes;+33 001007643
Sofia Martins;+43 312737198
Sofia Fernandes;+32 858223351
Sofia Santos;+43 695808930
Sofia Martins;+43 250592129
Sofia Gonçalves;+33 307515280
Sofia Fernandes;+351 866973067
Sofia Alves;+33 175995377
Sofia Alves;+39 332568046
Sofia Gomes;+41 129635563
Sofia Martins;+44 600094511
Sofia Pereira;+351 112647715
Sofia Pereira;+32 296372288
Sofia Fernandes;+32 652070067
Sofia Pereira;+39 346028469
Sofia Mendes;+44 184118037
Sofia Martins;+351 858852079
Sofia Gomes;+44 969688997
Sofia Fernandes;+41 878087199
Sofia Ferreira;+351 127524515
Sofia Gonçalves;+33 693048908
Sofia Gonçalves;+33 657103723
Sofia Silva;+33 453002430
Sofia Silva;+33 866153127
Sofia Ferreira;+351 648023441
Sofia Silva;+32 533170549
Sofia Mendes;+351 282420916
Sofia Fernandes;+33 289850014
Sofia Santos;+49 926719375
Sofia Ferreira;+49 963433413
Sofia Gomes;+44 170298729
Sofia Ferreira;+39 930701945
Sofia Gonçalves;+49 159402436
Sofia Gonçalves;+32 717690029
Sofia Pereira;+43 516118289
Sofia Fernandes;+39 254960038
Sofia Ferreira;+39 099051178
Sofia Fernandes;+49 113990898
Sofia Santos;+351 398989251
Sofia Gonçalves;+39 289873187
Sofia Martins;+351 395166483
Sofia Gomes;+351 914790102
Sofia Alves;+32 581515737
Sofia Mendes;+33 831893697
Sofia Gomes;+351 936237399
Sofia Gomes;+49 616796107
Sofia Pereira;+39 170651804
Sofia Santos;+49 724138982
Sofia Silva;+44 963168996
Sofia Pereira;+39 021896787
Sofia Gonçalves;+41 769306379
Sofia Mendes;+43 280325020
Sofia Martins;+351 106627665
Sofia Mendes;+43 268565390
Sofia Santos;+351 868713547
Sofia Gomes;+43 394435277
Sofia Gomes;+32 856720702
Sofia Mendes;+43 334944914
Sofia Santos;+39 708854665
Sofia Fernandes;+32 194400119
Sofia Alves;+43 105463668
Sofia Alves;+49 142315803
Sofia Alves;+49 591591896
Sofia Pereira;+351 862662726
Sofia Santos;+32 396433875
