Sofia Martins;+32 947862500
Sofia Fernandes;+44 963588058
Sofia Ferreira;+43 190046320
Sofia Pereira;+44 275132401
Sofia Gomes;+49 035789149
Sofia Santos;+39 083322739
Sofia Silva;+41 275620526
Sofia Pereira;+41 823179779
Sofia Fernandes;+43 016775965
Sofia Ferreira;+32 670923573
Sofia Fernandes;+351 126435154
Sofia Santos;+41 192375736
Sofia Santos;+41 904255844
Sofia Martins;+39 068830536
Sofia Pereira;+43 557517414
Sofia Alves;+49 533597013
Sofia Alves;+39 416465509
Sofia Santos;+39 174405167
Sofia Gonçalves;+43 845570961
Sofia Gomes;+351 609421873
Sofia Alves;+49 964379572
Sofia Gomes;+49 397583017
Sofia Mendes;+33 131667109
Sofia Pereira;+43 114791028
Sofia Martins;+39 353229926
Sofia Gonçalves;+33 373274639
Sofia Santos;+43 658768198
Sofia Santos;+39 203844261
Sofia Martins;+41 327548314
Sofia Santos;+351 739358399
Sofia Gomes;+44 137955657
Sofia Silva;+43 701526450
Sofia Alves;+39 879647782
Sofia Alves;+41 124855485
Sofia Gomes;+41 560504206
Sofia Gonçalves;+351 052805094
Sofia Mendes;+33 499194717
Sofia Santos;+44 226860182
Sofia Mendes;+351 123590521
Sofia Gomes;+39 130171627
Sofia Gonçalves;+39 291375524
Sofia Gonçalves;+49 295775384
Sofia Martins;+41 669955530
Sofia Gonçalves;+351 937029970
Sofia Gomes;+33 958906533
Sofia Gomes;+44 491116620
Sofia Pereira;+33 655895401
Sofia Alves;+41 649551746
Sofia Mendes;+39 998954393
Sofia Fernandes;+41 901551134
Sofia Gonçalves;+43 987277138
Sofia Pereira;+41 335187270
Sofia Fernandes;+41 916190806
Sofia Ferreira;+44 710236760
Sofia Mendes;+43 085786123
Sofia Ferreira;+41 639075383
Sofia Silva;+43 617477572
Sofia Silva;+33 103739369
Sofia Pereira;+49 376225220
Sofia Gonçalves;+41 622463967
Sofia Alves;+43 528384916
Sofia Gonçalves;+49 598466891
Sofia Gonçalves;+44 990023146
Sofia Martins;+33 552451209
Sofia Alves;+49 673802406
Sofia Martins;+33 681260388
Sofia Martins;+32 765012093
Sofia Pereira;+32 055607064
Sofia Alves;+39 742197066
Sofia Pereira;+44 837302905
Sofia Pereira;+39 297517614
Sofia Ferreira;+33 906633502
Sofia Martins;+33 358562766
Sofia Ferreira;+32 157123542
Sofia Silva;+351 617890358
Sofia Gonçalves;+39 079162517
Sofia Gonçalves;+39 160357584
Sofia Alves;+44 727849487
Sofia Martins;+43 473460891
Sofia Pereira;+351 528402793
Sofia Gonçalves;+44 799160991
Sofia Mendes;+49 766593004
Sofia Mendes;+43 767054006
Sofia Pereira;+32 190896647
Sofia Gonçalves;+41 642266935
Sofia Fernandes;+49 855951182
Sofia Ferreira;+41 320704434
Sofia Ferreira;+41 280351789
Sofia Gomes;+33 928182561
Sofia Santos;+351 404637208
Sofia Mendes;+32 245431458
Sofia Silva;+44 079748552
Sofia Martins;+32 937356140
Sofia Fernandes;+32 469365719
Sofia Pereira;+351 709477773
Sofia Silva;+351 010296409
Sofia Santos;+44 544614010
Sofia Pereira;+49 611390593
Sofia Gomes;+33 522883281
Sofia Gonçalves;+33 974922352
