Rui Mendes;+351 867025615
Ricardo Silva;+43 314334710
Ricardo Alves;+44 920037227
Ricardo Santos;+49 118357368
Ricardo Pereira;+351 718175050
Rui Pereira;+49 640956793
Rui Alves;+351 881895681
Rui Gonçalves;+44 730169588
Rui Gonçalves;+44 184089316
Rui Ferreira;+41 190260452
Ricardo Silva;+49 021258093
Ricardo Fernandes;+39 058215986
Rui Pereira;+44 413651610
Rui Gomes;+351 352922614
Ricardo Pereira;+32 178675145
Ricardo Santos;+41 988176904
Rui Santos;+41 518383328
Rui Gomes;+32 419786750
Rui Santos;+44 422084380
Rui Gomes;+44 793234935
Ricardo Ferreira;+44 802727462
Ricardo Gonçalves;+39 570413302
Rui Martins;+351 982825262
Rui Ferreira;+39 431185209
Ricardo Mendes;+44 013761237
Ricardo Ferreira;+41 765122215
Rui Alves;+49 367653623
Ricardo Pereira;+44 956731115
Ricardo Silva;+44 142773005
Ricardo Pereira;+33 952060719
Ricardo Santos;+49 402307243
Rui Gonçalves;+33 009373347
Ricardo Fernandes;+43 964137139
Rui Mendes;+33 268984741
Ricardo Mendes;+41 683044416
Ricardo Fernandes;+44 069938661
Ricardo Ferreira;+39 641604525
Rui Silva;+49 084836678
Ricardo Gomes;+49 907390858
Rui Gomes;+44 564591536
Ricardo Ferreira;+33 091840345
Ricardo Gomes;+49 927377029
Ricardo Alves;+43 777689566
Ricardo Silva;+49 359614295
Ricardo Alves;+351 336184140
Ricardo Fernandes;+44 856942070
Rui Alves;+32 355629066
Ricardo Gomes;+32 022011853
Ricardo Pereira;+43 785152116
Rui Pereira;+43 626470551
Rui Martins;+49 111675854
Ricardo Santos;+33 103365849
Ricardo Ferreira;+44 834209730
Ricardo Gomes;+44 737993134
Ricardo Ferreira;+351 780093112
Rui Gonçalves;+33 664622293
Ricardo Ferreira;+33 481355450
Ricardo Silva;+39 077746162
Rui Santos;+43 069786506
Ricardo Gomes;+351 097982925
Rui Silva;+351 691845690
Ricardo Fernandes;+49 507972953
Rui Fernandes;+41 628706332
Rui Pereira;+33 992721564
Rui Mendes;+44 410963203
Ricardo Santos;+351 444104458
Ricardo Fernandes;+351 655250063
Ricardo Mendes;+32 665859937
Rui Santos;+44 488999657
Ricardo Mendes;+39 661493600
Ricardo Ferreira;+39 975419925
Ricardo Gomes;+44 080374837
Rui Gonçalves;+351 380483862
Ricardo Alves;+33 874054011
Ricardo Martins;+32 862177258
Ricardo Santos;+33 052923625
Ricardo Martins;+43 445502712
Rui Fernandes;+43 565496958
Rui Mendes;+351 363274797
Ricardo Ferreira;+39 757035084
Rui Mendes;+41 964341205
Ricardo Gonçalves;+32 968815537
Ricardo Alves;+33 926735003
Rui Fernandes;+33 014204416
Rui Pereira;+43 492642589
Ricardo Ferreira;+32 880701309
Ricardo Martins;+351 320187901
Ricardo Santos;+39 828578267
Rui Ferreira;+351 682862244
Rui Mendes;+32 768811856
Rui Ferreira;+351 855540995
Ricardo Alves;+44 492170101
Rui Silva;+44 261655953
Ricardo Fernandes;+33 857784318
Rui Fernandes;+39 836761231
Rui Ferreira;+33 758848416
Rui Mendes;+351 863342481
Ricardo Ferreira;+33 435528737
Ricardo Ferreira;+39 816536814
Ricardo Ferreira;+39 867849675
