Ana Gonçalves;+39 161797052
Ana Fernandes;+32 447147668
Ana Ferreira;+33 140069746
Ana Silva;+39 976163758
Ana Gonçalves;+41 754058053
Ana Mendes;+39 636266581
Ana Gomes;+43 983871284
Ana Martins;+41 223651395
Ana Gonçalves;+32 274426155
Ana Santos;+43 584741681
Ana Martins;+41 779817309
Ana Fernandes;+39 352630095
Ana Pereira;+49 696981438
Ana Gonçalves;+39 576486401
Ana Pereira;+43 588667790
Ana Martins;+49 023400110
Ana Alves;+351 767950807
Ana Silva;+32 852247855
Ana Martins;+49 616878900
Ana Silva;+351 087564953
Ana Pereira;+351 628748580
Ana Gonçalves;+32 601360502
Ana Fernandes;+44 127691534
Ana Santos;+351 997563864
Ana Ferreira;+32 320258263
Ana Mendes;+49 757792198
Ana Ferreira;+49 380149590
Ana Gomes;+33 850110527
Ana Gonçalves;+39 607895691
Ana Mendes;+43 706461366
Ana Martins;+44 456676522
Ana Gonçalves;+351 502910811
Ana Gomes;+43 576500772
Ana Gonçalves;+49 542616090
Ana Pereira;+39 364331917
Ana Silva;+351 308847851
Ana Alves;+33 246360257
Ana Gomes;+32 697188192
Ana Gomes;+41 848564538
Ana Santos;+43 858702046
Ana Gonçalves;+44 443216851
Ana Santos;+41 333988178
Ana Pereira;+43 026795280
Ana Fernandes;+33 938569101
Ana Silva;+41 643530297
Ana Gonçalves;+41 880667444
Ana Gomes;+41 208252555
Ana Santos;+43 083879416
Ana Gomes;+44 751915303
Ana Gonçalves;+49 941746158
Ana Pereira;+49 128404715
Ana Silva;+351 299727492
Ana Pereira;+33 698260548
Ana Santos;+41 809487578
Ana Ferreira;+39 763604771
Ana Alves;+49 697717981
Ana Pereira;+44 274605883
Ana Mendes;+351 848630408
Ana Pereira;+33 719247979
Ana Santos;+41 490399745
Ana Fernandes;+43 851896915
Ana Martins;+351 772626825
Ana Gonçalves;+49 944946109
Ana Gonçalves;+32 030801004
Ana Gomes;+33 385991051
Ana Silva;+39 969803962
Ana Silva;+49 164549630
Ana Silva;+44 223124837
Ana Fernandes;+32 072377652
Ana Pereira;+33 632930936
Ana Ferreira;+44 225018140
Ana Gomes;+44 895497035
Ana Gonçalves;+44 541270921
Ana Gonçalves;+351 722771590
Ana Gonçalves;+49 991441538
Ana Pereira;+49 871617620
Ana Alves;+39 479004110
Ana Gomes;+49 016017375
Ana Alves;+41 316119681
Ana Pereira;+43 478451558
Ana Santos;+33 149979308
Ana Pereira;+49 219043066
Ana Mendes;+44 791468460
Ana Pereira;+44 057461735
Ana Silva;+32 009794881
Ana Ferreira;+41 447570136
Ana Fernandes;+44 622306503
Ana Gomes;+41 113328925
Ana Martins;+41 905204817
Ana Gomes;+43 397772510
Ana Santos;+39 914542485
Ana Santos;+39 494236948
Ana Martins;+43 954002081
Ana Santos;+32 180657229
Ana Gonçalves;+351 921959690
Ana Santos;+44 179843091
Ana Alves;+33 133543784
Ana Mendes;+351 721199806
Ana Silva;+41 557874055
Ana Fernandes;+39 677866872
