Sofia Ferreira;+49 903969617
Sofia Martins;+33 204902868
Sofia Martins;+32 419760374
Sofia Ferreira;+39 399739341
Sofia Ferreira;+39 776698885
Sofia Gomes;+41 340867659
Sofia Ferreira;+32 975785899
Sofia Fernandes;+44 988347727
Sofia Ferreira;+39 930613981
Sofia Martins;+43 687283795
Sofia Martins;+43 771588727
Sofia Mendes;+33 963069439
Sofia Martins;+33 166567269
Sofia Mendes;+41 768075208
Sofia Gonçalves;+351 854663025
Sofia Pereira;+32 718273489
Sofia Gomes;+33 145916163
Sofia Gomes;+49 393826252
Sofia Silva;+39 860261205
Sofia Martins;+32 009110303
Sofia Mendes;+43 358929663
Sofia Martins;+43 434523874
Sofia Pereira;+43 262134259
Sofia Mendes;+32 407998550
Sofia Fernandes;+33 384176890
Sofia Mendes;+39 655417020
Sofia Pereira;+32 265211383
Sofia Silva;+32 410305691
Sofia Ferreira;+49 547723157
Sofia Santos;+49 043073467
Sofia Ferreira;+33 637036270
Sofia Gomes;+49 378030774
Sofia Pereira;+351 783088914
Sofia Fernandes;+351 618249904
Sofia Ferreira;+44 728593497
Sofia Ferreira;+351 045454656
Sofia Pereira;+351 818818750
Sofia Gonçalves;+41 812984926
Sofia Mendes;+44 629484761
Sofia Mendes;+41 806658269
Sofia Silva;+44 538625675
Sofia Mendes;+43 152362395
Sofia Silva;+49 551740004
Sofia Martins;+44 662393586
Sofia Silva;+49 622219434
Sofia Silva;+39 232959216
Sofia Gomes;+32 167833761
Sofia Silva;+32 662644758
Sofia Pereira;+44 143958613
Sofia Mendes;+44 574785726
Sofia Gomes;+49 937094496
Sofia Fernandes;+351 741844891
Sofia Fernandes;+43 247560473
Sofia Santos;+49 394171692
Sofia Fernandes;+33 860501142
Sofia Martins;+49 233845916
Sofia Gomes;+33 223300318
Sofia Gonçalves;+44 930852349
Sofia Gomes;+33 645825314
Sofia Santos;+49 768174440
Sofia Mendes;+351 623518290
Sofia Santos;+32 491737857
Sofia Alves;+43 595552067
Sofia Gonçalves;+32 247384606
Sofia Ferreira;+43 370401953
Sofia Gonçalves;+43 708497243
Sofia Martins;+39 410532864
Sofia Mendes;+49 343615353
Sofia Ferreira;+32 722719795
Sofia Pereira;+32 659764200
Sofia Silva;+39 373447729
Sofia Gonçalves;+39 440251627
Sofia Gonçalves;+43 621475872
Sofia Ferreira;+39 138583430
Sofia Gonçalves;+43 368615239
Sofia Santos;+43 201460980
Sofia Gonçalves;+39 638369395
Sofia Fernandes;+43 904308802
Sofia Silva;+49 566241554
Sofia Santos;+351 775965238
Sofia Gomes;+33 893621098
Sofia Alves;+44 663286880
Sofia Gomes;+43 092338675
Sofia Martins;+44 808452979
Sofia Mendes;+351 725785416
Sofia Silva;+49 300805818
Sofia Pereira;+32 607212665
Sofia Santos;+44 547699755
Sofia Silva;+32 786855157
Sofia Pereira;+41 696409030
Sofia Ferreira;+32 157167772
Sofia Martins;+49 891014914
Sofia Alves;+43 750518358
Sofia Fernandes;+33 662707126
Sofia Gonçalves;+43 613564992
Sofia Alves;+49 346048635
Sofia Santos;+351 265884476
Sofia Mendes;+351 523282744
Sofia Alves;+49 827631383
Sofia Silva;+41 488300454
