Ricardo Santos;+32 799624757
Rui Alves;+41 234889224
Rui Gomes;+351 770984974
Rui Gomes;+41 508344185
Ricardo Gomes;+32 163741798
Rui Gomes;+32 258471848
Rui Ferreira;+49 323937421
Ricardo Martins;+32 627556326
Rui Martins;+33 610057721
Ricardo Silva;+32 607112748
Ricardo Mendes;+351 943470984
Ricardo Martins;+44 823572543
Rui Fernandes;+49 548114654
Rui Gonçalves;+41 911525557
Rui Gonçalves;+39 580629324
Ricardo Pereira;+33 627978312
Ricardo Gomes;+32 658050123
Ricardo Gomes;+39 308928156
Ricardo Fernandes;+351 861892719
Rui Alves;+33 523709543
Ricardo Ferreira;+43 371603043
Ricardo Pereira;+44 372013956
Rui Gonçalves;+39 010877522
Rui Gonçalves;+351 465488146
Ricardo Gonçalves;+44 834935096
Rui Pereira;+41 344387661
Rui Gonçalves;+39 122521975
Rui Pereira;+43 306441124
Ricardo Mendes;+32 976984496
Rui Santos;+33 661771308
Ricardo Gomes;+44 046007233
Rui Alves;+32 026590023
Ricardo Silva;+43 747676570
Ricardo Santos;+43 046840854
Rui Fernandes;+32 940998481
Rui Gomes;+32 928901207
Ricardo Ferreira;+44 659554033
Ricardo Alves;+33 524346909
Rui Gonçalves;+33 445632526
Rui Silva;+33 800685197
Rui Gomes;+33 522111430
Rui Alves;+33 648536388
Rui Fernandes;+32 892269428
Rui Ferreira;+44 667731540
Rui Silva;+351 203534553
Ricardo Alves;+39 535427328
Ricardo Silva;+33 617675801
Rui Martins;+351 459883536
Ricardo Alves;+33 734783964
Ricardo Gonçalves;+44 692855394
Rui Fernandes;+351 690588961
Rui Gomes;+44 459342530
Ricardo Gomes;+39 700510196
Rui Fernandes;+43 829099813
Rui Gonçalves;+49 710215682
Ricardo Gonçalves;+44 549676340
Ricardo Gonçalves;+33 946755169
Ricardo Silva;+44 177591522
Rui Alves;+39 727545211
Rui Alves;+41 606630393
Rui Fernandes;+351 638712721
Ricardo Gomes;+43 928220202
Ricardo Fernandes;+39 294171974
Rui Gonçalves;+351 273047288
Ricardo Silva;+33 071197957
Rui Alves;+351 872434471
Rui Santos;+43 276644737
Rui Silva;+33 007079869
Ricardo Fernandes;+43 170378421
Rui Pereira;+39 050234361
Ricardo Gonçalves;+351 114978717
Rui Fernandes;+43 764544719
Ricardo Fernandes;+44 616566714
Ricardo Gonçalves;+32 384946754
Ricardo Santos;+43 589139431
Rui Fernandes;+351 843830884
Ricardo Gomes;+32 183889915
Rui Alves;+44 824309195
Rui Santos;+41 449241279
Ricardo Alves;+39 677640751
Ricardo Mendes;+351 843378143
Ricardo Gonçalves;+43 622461524
Rui Pereira;+41 023428028
Rui Pereira;+39 987433540
Ricardo Mendes;+351 161971137
Ricardo Gonçalves;+351 915063501
Ricardo Martins;+43 026112718
Rui Gonçalves;+33 981876480
Rui Santos;+33 979645913
Ricardo Alves;+44 319410987
Rui Gonçalves;+41 732396425
Rui Santos;+44 888736231
Ricardo Ferreira;+32 314753675
Rui Alves;+33 904602652
Ricardo Martins;+33 696762583
Ricardo Fernandes;+39 076567825
Rui Martins;+44 334179511
Ricardo Pereira;+39 583691575
Ricardo Silva;+39 899947865
Ricardo Pereira;+39 091536713
