Rui Gonçalves;+39 795848462
Ricardo Alves;+49 135428903
Rui Fernandes;+49 357430638
Rui Silva;+43 333110185
Ricardo Ferreira;+351 536197824
Rui Gomes;+32 042766639
Rui Fernandes;+41 244528656
Ricardo Santos;+43 392256153
Ricardo Mendes;+33 774523797
Ricardo Silva;+351 240315000
Ricardo Mendes;+44 933461927
Rui Pereira;+43 173579523
Rui Gonçalves;+39 426525682
Rui Ferreira;+43 297320853
Rui Fernandes;+33 036374928
Ricardo Santos;+43 845933892
Rui Martins;+44 336757274
Rui Ferreira;+32 935064426
Ricardo Silva;+39 968241563
Rui Ferreira;+43 153848315
Ricardo Santos;+43 414697478
Rui Fernandes;+41 773881963
Ricardo Martins;+44 744613306
Ricardo Fernandes;+41 154174409
Rui Pereira;+33 095996180
Rui Ferreira;+44 288078966
Rui Alves;+44 341739978
Ricardo Martins;+41 794190158
Ricardo Silva;+39 199244343
Ricardo Fernandes;+44 869774468
Rui Martins;+33 913975286
Rui Silva;+39 314696618
Ricardo Silva;+49 230381373
Rui Gonçalves;+44 609546957
Ricardo Martins;+351 351807435
Rui Pereira;+351 246230876
Rui Santos;+44 601661433
Rui Fernandes;+49 863050852
Ricardo Gonçalves;+41 648008334
Rui Santos;+49 753003645
Ricardo Gomes;+41 103427583
Ricardo Fernandes;+33 282713452
Ricardo Pereira;+39 327198525
Rui Ferreira;+49 758716421
Rui Ferreira;+32 672659883
Rui Santos;+49 427036248
Rui Gomes;+351 644013802
Rui Pereira;+33 999980642
Rui Martins;+44 510291772
Ricardo Pereira;+43 964957842
Rui Silva;+33 802386729
Ricardo Ferreira;+32 318779099
Rui Santos;+33 112427198
Ricardo Santos;+44 102222011
Rui Silva;+41 688816938
Rui Ferreira;+33 600158015
Ricardo Martins;+33 038604201
Ricardo Pereira;+351 333908261
Ricardo Mendes;+39 543489083
Ricardo Fernandes;+43 542237548
Rui Alves;+33 156997387
Rui Silva;+43 910695780
Rui Pereira;+49 000175287
Ricardo Gomes;+43 199520887
Ricardo Gomes;+351 238839881
Rui Fernandes;+39 318462180
Ricardo Santos;+49 912597436
Ricardo Gonçalves;+49 522457609
Ricardo Fernandes;+351 599136931
Rui Mendes;+351 142771126
Rui Fernandes;+49 046929927
Rui Fernandes;+41 102805773
Rui Fernandes;+351 085930715
Rui Fernandes;+33 416435054
Ricardo Gomes;+41 635155391
Rui Gonçalves;+41 575330508
Ricardo Silva;+41 584270162
Rui Gomes;+33 385562115
Rui Fernandes;+39 668187897
Ricardo Mendes;+32 356767881
Ricardo Silva;+39 450105783
Rui Fernandes;+39 217575852
Ricardo Gonçalves;+351 855794444
Rui Pereira;+39 923960911
Rui Fernandes;+351 836415960
Rui Alves;+39 952324516
Rui Silva;+49 053427987
Ricardo Gomes;+44 009375733
Ricardo Mendes;+43 247886692
Ricardo Alves;+33 101524362
Rui Ferreira;+351 524780148
Rui Alves;+49 414359936
Rui Martins;+33 867843688
Rui Santos;+351 368628545
Ricardo Silva;+43 060128590
Ricardo Martins;+44 148958987
Ricardo Gomes;+32 330445327
Ricardo Santos;+351 578724676
Ricardo Santos;+33 520438464
Rui Santos;+32 365710764
