Carlos Ferreira;+351 553988575
Carlos Pereira;+39 506689950
Catarina Mendes;+49 194064748
Catarina Santos;+43 526536693
Carlos Alves;+41 119997595
Carlos Gomes;+41 437731467
Catarina Gomes;+49 480756534
Catarina Mendes;+351 420168593
Carlos Mendes;+41 757270371
Carlos Martins;+44 487969778
Carlos Santos;+49 798892383
Carlos Alves;+39 986122776
Catarina Ferreira;+44 995564078
Carlos Gonçalves;+351 172886806
Carlos Pereira;+49 043882099
Catarina Silva;+44 166854536
Carlos Gonçalves;+32 606709090
Carlos Ferreira;+39 053751211
Catarina Fernandes;+41 537282317
Carlos Gonçalves;+44 011444949
Catarina Mendes;+43 969984265
Carlos Fernandes;+33 404624294
Carlos Mendes;+351 623011518
Carlos Gomes;+33 644614210
Carlos Silva;+43 880842736
Carlos Martins;+44 873785707
Carlos Santos;+33 475287545
Catarina Silva;+39 111279492
Carlos Martins;+32 329480707
Carlos Santos;+43 145366230
Catarina Fernandes;+49 586789767
Catarina Silva;+33 708451776
Carlos Ferreira;+351 050332955
Catarina Pereira;+351 675982005
Carlos Pereira;+41 595487419
Carlos Santos;+33 065626669
Carlos Silva;+49 621159362
Catarina Gomes;+41 357693679
Catarina Alves;+32 058910312
Catarina Fernandes;+43 479490126
Carlos Gomes;+41 193870388
Catarina Silva;+39 536824258
Carlos Gomes;+351 916293616
Carlos Pereira;+32 219152142
Catarina Pereira;+49 706624138
Catarina Gomes;+49 333908069
Catarina Pereira;+43 825772112
Carlos Gomes;+351 642297083
Catarina Fernandes;+351 792756438
Catarina Gomes;+39 552370979
Carlos Santos;+351 734478695
Carlos Pereira;+44 673719283
Catarina Fernandes;+39 950824925
Carlos Alves;+33 331409278
Catarina Silva;+44 575090093
Catarina Fernandes;+43 256403517
Carlos Pereira;+39 495220098
Catarina Gonçalves;+43 454766186
Catarina Silva;+351 522216139
Catarina Alves;+351 586779954
Catarina Alves;+44 369362465
Carlos Mendes;+44 195613907
Catarina Santos;+43 812353619
Catarina Mendes;+351 084044482
Carlos Ferreira;+39 433934617
Catarina Alves;+33 885154959
Catarina Martins;+49 761685845
Carlos Santos;+32 766477945
Carlos Gonçalves;+44 465388384
Carlos Mendes;+41 571424090
Catarina Gonçalves;+32 497870139
Catarina Gonçalves;+39 787511259
Catarina Santos;+44 783604044
Carlos Pereira;+351 592392837
Catarina Pereira;+33 756092693
Catarina Fernandes;+39 804704641
Carlos Alves;+44 704995250
Catarina Alves;+32 368573105
Carlos Fernandes;+351 077601469
Carlos Mendes;+44 081999438
Catarina Gomes;+351 439082966
Carlos Martins;+44 145574166
Carlos Ferreira;+44 316511935
Catarina Gomes;+32 751876000
Catarina Silva;+351 526539634
Catarina Martins;+39 699049302
Carlos Pereira;+32 530914174
Catarina Fernandes;+351 311417041
Catarina Santos;+49 113021935
Carlos Santos;+33 275270698
Catarina Gonçalves;+44 630881154
Carlos Martins;+39 361047075
Carlos Silva;+43 992880227
Catarina Martins;+39 588146709
Carlos Pereira;+49 556750640
Catarina Fernandes;+43 035591896
Carlos Martins;+44 430800811
Carlos Martins;+43 936628482
Carlos Gomes;+351 018118415
Catarina Mendes;+41 583422045
