Catarina Ferreira;+39 457385411
Carlos Silva;+33 844296739
Carlos Fernandes;+32 255531990
Catarina Fernandes;+44 763144722
Carlos Pereira;+351 511779874
Carlos Mendes;+33 123323965
Catarina Mendes;+32 219410988
Carlos Alves;+39 884658967
Catarina Martins;+39 098845574
Carlos Gomes;+49 219068341
Carlos Mendes;+351 692841097
Carlos Martins;+44 970250653
Catarina Gomes;+49 509935890
Carlos Silva;+39 905601104
Catarina Pereira;+39 336105562
Catarina Alves;+43 153706089
Catarina Gomes;+351 805887808
Catarina Gonçalves;+351 863970107
Catarina Gonçalves;+33 643060066
Carlos Alves;+33 827067672
Carlos Gomes;+43 817386698
Catarina Santos;+39 138944467
Carlos Gonçalves;+43 149565057
Carlos Fernandes;+351 742805485
Catarina Alves;+44 803703146
Carlos Pereira;+351 530985963
Catarina Fernandes;+44 898790505
Catarina Mendes;+39 698153737
Carlos Alves;+44 386888043
Carlos Gomes;+49 423236977
Carlos Gonçalves;+44 834552025
Catarina Pereira;+41 814345608
Carlos Gomes;+41 909414245
Carlos Pereira;+43 908300920
Catarina Martins;+41 086854092
Carlos Pereira;+44 588126929
Catarina Alves;+41 864599459
Carlos Fernandes;+351 953636546
Carlos Fernandes;+32 907389035
Catarina Gonçalves;+41 427469027
Catarina Alves;+49 482260336
Carlos Fernandes;+49 444938240
Catarina Silva;+39 704715884
Catarina Pereira;+41 648013777
Carlos Pereira;+32 051569971
Carlos Ferreira;+32 286039185
Carlos Martins;+44 033135629
Catarina Pereira;+49 273007766
Carlos Alves;+44 566278759
Carlos Fernandes;+49 437939004
Catarina Ferreira;+351 727152960
Carlos Ferreira;+49 629181835
Catarina Ferreira;+33 076131926
Carlos Mendes;+41 115697350
Catarina Ferreira;+49 716769979
Carlos Martins;+32 553545285
Carlos Fernandes;+41 661844982
Carlos Gonçalves;+351 035054353
Catarina Ferreira;+32 289624437
Catarina Silva;+32 560255068
Carlos Gonçalves;+33 814635960
Catarina Ferreira;+44 729317134
Carlos Santos;+33 589189248
Carlos Santos;+49 938618166
Carlos Mendes;+39 829257318
Catarina Fernandes;+351 693317893
Catarina Alves;+43 450563250
Catarina Fernandes;+351 507845901
Carlos Alves;+49 551749280
Carlos Pereira;+32 118872634
Carlos Pereira;+32 967840017
Catarina Mendes;+44 984723203
Catarina Martins;+39 931918380
Catarina Ferreira;+49 515693412
Catarina Fernandes;+49 602869263
Carlos Mendes;+32 271806970
Catarina Santos;+44 850161862
Catarina Ferreira;+351 687485533
Carlos Gomes;+39 419266026
Carlos Pereira;+49 428328181
Catarina Fernandes;+49 506516333
Carlos Santos;+39 241582645
Catarina Gomes;+41 075175572
Carlos Gomes;+33 442914537
Catarina Fernandes;+49 999063669
Carlos Fernandes;+44 549161232
Carlos Silva;+351 165236816
Catarina Mendes;+43 527640105
Carlos Ferreira;+41 360936411
Catarina Santos;+39 370833157
Carlos Martins;+39 447719934
Catarina Martins;+32 885376679
Carlos Gonçalves;+39 311006125
Catarina Gonçalves;+49 294801529
Carlos Mendes;+44 406579464
Catarina Mendes;+41 311365365
Carlos Alves;+39 255057920
Carlos Santos;+39 961577494
Carlos Gomes;+49 923098419
Carlos Ferreira;+44 540498070
