Ana Santos;+44 182407098
Ana Gonçalves;+33 631059408
Ana Pereira;+39 462865068
Ana Fernandes;+39 290695262
Ana Silva;+43 476603865
Ana Pereira;+41 127015933
Ana Pereira;+49 709659443
Ana Alves;+39 658651871
Ana Gonçalves;+44 868059008
Ana Alves;+351 298718354
Ana Santos;+351 976337164
Ana Santos;+41 623952297
Ana Fernandes;+43 923857586
Ana Fernandes;+351 032417372
Ana Gonçalves;+49 236443424
Ana Mendes;+49 353927058
Ana Santos;+43 320504287
Ana Alves;+32 221620616
Ana Santos;+33 460998328
Ana Mendes;+33 091951224
Ana Pereira;+41 877789749
Ana Gomes;+32 294029402
Ana Ferreira;+33 781367421
Ana Alves;+49 526518939
Ana Fernandes;+32 189248217
Ana Gomes;+49 900857563
Ana Mendes;+39 935147064
Ana Pereira;+44 134758189
Ana Gonçalves;+32 278920919
Ana Mendes;+33 685281921
Ana Alves;+41 504064811
Ana Gomes;+351 963585955
Ana Pereira;+49 373372841
Ana Alves;+33 042636064
Ana Silva;+43 247483659
Ana Silva;+32 847097460
Ana Gomes;+44 483020789
Ana Ferreira;+33 763051337
Ana Alves;+49 505355630
Ana Silva;+44 997099935
Ana Mendes;+351 276157490
Ana Santos;+32 581942150
Ana Gonçalves;+49 395724866
Ana Pereira;+39 765796805
Ana Fernandes;+41 134926847
Ana Mendes;+33 599235859
Ana Ferreira;+44 217464744
Ana Alves;+44 522127513
Ana Gomes;+351 935583086
Ana Alves;+351 725983149
Ana Ferreira;+33 178601644
Ana Gomes;+49 541216115
Ana Alves;+351 990150599
Ana Alves;+32 664892229
Ana Santos;+39 820638540
Ana Ferreira;+41 390390050
Ana Mendes;+351 488607135
Ana Gomes;+49 831508140
Ana Santos;+32 496370114
Ana Mendes;+41 555363380
Ana Gonçalves;+33 773205945
Ana Pereira;+351 058020008
Ana Alves;+43 538719080
Ana Silva;+351 569528998
Ana Silva;+32 949484357
Ana Pereira;+39 845625009
Ana Fernandes;+39 455348137
Ana Mendes;+351 879085199
Ana Mendes;+32 353975143
Ana Mendes;+351 002354863
Ana Ferreira;+32 858523733
Ana Martins;+32 860994286
Ana Santos;+49 281887465
Ana Pereira;+351 811399800
Ana Alves;+44 578319303
Ana Mendes;+43 139767716
Ana Pereira;+32 476492767
Ana Alves;+49 679119068
Ana Gonçalves;+351 885232835
Ana Mendes;+33 804642988
Ana Ferreira;+39 684873632
Ana Pereira;+351 187848498
Ana Fernandes;+44 722391497
Ana Santos;+351 812620906
Ana Ferreira;+351 333317604
Ana Ferreira;+49 781026156
Ana Fernandes;+49 271962790
Ana Gomes;+43 771853083
Ana Alves;+32 674099091
Ana Mendes;+49 665448932
Ana Fernandes;+351 247617742
Ana Gonçalves;+49 346262944
Ana Ferreira;+351 028999365
Ana Pereira;+39 473664348
Ana Santos;+43 863262873
Ana Pereira;+41 062233690
Ana Gomes;+49 951612034
Ana Pereira;+39 397873694
Ana Silva;+351 407646853
Ana Fernandes;+43 739802025
