Sofia Silva;+41 644704817
Sofia Martins;+44 645426234
Sofia Martins;+351 339882907
Sofia Mendes;+33 348539031
Sofia Pereira;+351 466521344
Sofia Gonçalves;+33 421401452
Sofia Gomes;+32 776783910
Sofia Silva;+44 969798979
Sofia Pereira;+43 111474241
Sofia Martins;+41 008996398
Sofia Gomes;+32 094176927
Sofia Mendes;+49 263621039
Sofia Santos;+39 350081404
Sofia Mendes;+49 614639978
Sofia Martins;+351 311526182
Sofia Ferreira;+44 877589802
Sofia Alves;+32 563662187
Sofia Pereira;+49 547178727
Sofia Mendes;+32 566860871
Sofia Gomes;+49 823995347
Sofia Ferreira;+49 778879382
Sofia Pereira;+351 299611052
Sofia Mendes;+41 989914106
Sofia Martins;+33 428606844
Sofia Gomes;+41 205003057
Sofia Fernandes;+32 182800676
Sofia Mendes;+32 182116837
Sofia Pereira;+33 000720175
Sofia Mendes;+41 147905056
Sofia Mendes;+43 343375606
Sofia Santos;+33 957813035
Sofia Gomes;+33 190891209
Sofia Martins;+351 880965017
Sofia Gomes;+43 475150937
Sofia Mendes;+49 795918743
Sofia Fernandes;+32 401504639
Sofia Pereira;+351 950881652
Sofia Ferreira;+44 043087038
Sofia Fernandes;+44 484309702
Sofia Gonçalves;+41 193771389
Sofia Gonçalves;+41 841259519
Sofia Martins;+41 984464857
Sofia Fernandes;+32 840084583
Sofia Gonçalves;+351 043642079
Sofia Alves;+39 095006589
Sofia Ferreira;+33 211719942
Sofia Gonçalves;+33 894287673
Sofia Mendes;+49 831048945
Sofia Santos;+39 556552492
Sofia Gomes;+33 806939350
Sofia Gonçalves;+49 877871775
Sofia Pereira;+44 077803036
Sofia Martins;+351 692095137
Sofia Mendes;+351 031543767
Sofia Mendes;+41 687988187
Sofia Martins;+43 009935045
Sofia Silva;+351 341558150
Sofia Alves;+43 077982618
Sofia Silva;+44 384197324
Sofia Ferreira;+39 159290261
Sofia Alves;+41 105226886
Sofia Gonçalves;+351 598011707
Sofia Gomes;+32 426668422
Sofia Alves;+41 440705666
Sofia Gomes;+33 006513540
Sofia Pereira;+49 636662933
Sofia Mendes;+39 303736403
Sofia Alves;+43 552425861
Sofia Martins;+39 371603670
Sofia Santos;+32 428706558
Sofia Ferreira;+32 800078897
Sofia Santos;+39 374081544
Sofia Ferreira;+44 968756617
Sofia Pereira;+44 106016224
Sofia Pereira;+41 963355055
Sofia Fernandes;+39 383548679
Sofia Martins;+49 682764738
Sofia Ferreira;+44 159584477
Sofia Silva;+43 223612829
Sofia Martins;+33 465226322
Sofia Gomes;+41 953540698
Sofia Gomes;+351 596769950
Sofia Mendes;+33 609931036
Sofia Martins;+41 270977913
Sofia Pereira;+32 419069348
Sofia Martins;+32 232916987
Sofia Silva;+49 821058559
Sofia Gonçalves;+43 658509064
Sofia Ferreira;+49 589392522
Sofia Fernandes;+33 799450160
Sofia Gonçalves;+351 213851856
Sofia Fernandes;+351 311435702
Sofia Gonçalves;+33 191902842
Sofia Mendes;+351 624858467
Sofia Pereira;+351 591645994
Sofia Martins;+44 198930360
Sofia Alves;+41 642724809
Sofia Alves;+33 716251771
Sofia Alves;+49 765046806
Sofia Pereira;+49 858567410
