Ricardo Pereira;+44 589715509
Ricardo Gonçalves;+39 119287058
Rui Alves;+44 437822737
Ricardo Gonçalves;+33 387470187
Rui Martins;+44 865505786
Rui Fernandes;+33 243535786
Rui Santos;+41 791822861
Ricardo Alves;+351 264799367
Rui Gonçalves;+41 220760834
Rui Alves;+44 152452410
Ricardo Ferreira;+49 200632341
Rui Santos;+41 218301099
Ricardo Fernandes;+33 159446897
Ricardo Gomes;+41 854179345
Ricardo Pereira;+351 802892220
Rui Mendes;+351 140970254
Ricardo Pereira;+44 670641495
Rui Alves;+41 927258318
Rui Mendes;+39 331218717
Rui Gonçalves;+39 149988395
Ricardo Gomes;+49 133033859
Rui Fernandes;+39 036977807
Rui Santos;+39 646931821
Rui Ferreira;+41 265379249
Rui Gomes;+32 759937620
Rui Gomes;+43 696992225
Ricardo Gomes;+351 300684664
Ricardo Alves;+33 363919793
Rui Gomes;+43 083654172
Rui Pereira;+39 499448066
Rui Silva;+32 229849646
Rui Santos;+44 761807079
Rui Pereira;+39 800505413
Ricardo Alves;+39 370572982
Rui Alves;+39 100820843
Rui Ferreira;+39 429892784
Ricardo Gonçalves;+43 596888435
Rui Santos;+44 393901361
Ricardo Mendes;+39 994224048
Rui Pereira;+41 129901549
Ricardo Martins;+44 964425731
Rui Gomes;+44 157166892
Ricardo Pereira;+44 966670920
Rui Pereira;+32 590791235
Rui Santos;+33 583985261
Ricardo Gomes;+44 197870292
Ricardo Santos;+32 630230092
Ricardo Fernandes;+44 995276942
Rui Fernandes;+41 303398999
Rui Martins;+41 926236735
Ricardo Mendes;+41 321466046
Ricardo Martins;+351 026421498
Rui Silva;+43 116574062
Rui Pereira;+41 899993104
Rui Silva;+41 151614306
Ricardo Santos;+49 649104083
Rui Fernandes;+39 345451106
Rui Fernandes;+41 679974521
Rui Mendes;+43 463735026
Ricardo Gonçalves;+44 507689378
Rui Mendes;+41 871810151
Ricardo Martins;+351 791430620
Ricardo Alves;+39 706703556
Ricardo Ferreira;+351 459969217
Ricardo Pereira;+39 267357007
Ricardo Alves;+351 831861030
Rui Santos;+33 194855046
Rui Pereira;+351 086840546
Rui Santos;+32 028496743
Rui Silva;+43 879170699
Rui Silva;+33 611070055
Ricardo Ferreira;+44 303086614
Rui Alves;+32 577540395
Ricardo Mendes;+41 514614419
Ricardo Ferreira;+39 247531651
Rui Santos;+43 899814859
Rui Ferreira;+43 341390570
Rui Gomes;+44 959249498
Rui Pereira;+39 512805431
Ricardo Silva;+39 947770767
Rui Gomes;+41 016445322
Ricardo Silva;+39 942729197
Rui Gonçalves;+44 417453898
Rui Gomes;+41 215020602
Rui Fernandes;+39 994121746
Ricardo Silva;+33 487755800
Ricardo Gomes;+351 188807249
Rui Martins;+44 418743855
Rui Mendes;+49 376993754
Ricardo Silva;+49 733832974
Ricardo Ferreira;+43 773593513
Ricardo Martins;+32 884902616
Rui Ferreira;+49 571327684
Ricardo Alves;+49 631662043
Rui Santos;+41 890499462
Rui Mendes;+32 166968670
Ricardo Gomes;+33 531792699
Rui Fernandes;+351 973602529
Ricardo Mendes;+43 859857065
Rui Fernandes;+43 340214294
