Carlos Silva;+32 274086788
Catarina Silva;+32 292113071
Catarina Alves;+351 783011103
Catarina Gonçalves;+32 774797853
Catarina Ferreira;+43 559083178
Carlos Ferreira;+351 169172156
Catarina Fernandes;+33 109190176
Carlos Mendes;+32 583125290
Catarina Gonçalves;+39 080156073
Carlos Mendes;+351 863461965
Catarina Gomes;+351 716404665
Carlos Mendes;+351 984397722
Carlos Pereira;+49 454317119
Catarina Mendes;+33 547094343
Carlos Fernandes;+351 715290364
Catarina Pereira;+49 312711703
Carlos Mendes;+33 174962310
Catarina Martins;+39 868450037
Carlos Martins;+39 154483279
Catarina Ferreira;+32 677121671
Carlos Ferreira;+32 668116011
Carlos Santos;+41 836648169
Carlos Santos;+33 271386505
Carlos Fernandes;+33 643365210
Catarina Silva;+33 600316913
Carlos Santos;+32 982267695
Catarina Gonçalves;+32 014928834
Carlos Martins;+33 058337781
Carlos Martins;+49 380211680
Carlos Pereira;+33 162891786
Carlos Pereira;+43 543157731
Carlos Gonçalves;+39 678596845
Catarina Gomes;+49 094442332
Catarina Silva;+351 492145415
Catarina Gomes;+33 171876602
Carlos Santos;+32 925141341
Catarina Martins;+39 116889216
Carlos Pereira;+32 472812590
Carlos Ferreira;+33 249235800
Carlos Gomes;+351 874209630
Carlos Gonçalves;+33 499718978
Catarina Ferreira;+39 793150946
Catarina Mendes;+351 334311448
Carlos Santos;+43 680567931
Catarina Fernandes;+44 320208360
Carlos Fernandes;+49 441134549
Catarina Gomes;+49 482254001
Catarina Mendes;+351 095779223
Carlos Mendes;+351 820716716
Carlos Silva;+49 872034605
Catarina Silva;+33 116311240
Carlos Santos;+39 858338995
Catarina Gonçalves;+351 714613409
Carlos Gonçalves;+49 155640747
Catarina Mendes;+41 559701035
Catarina Santos;+41 827105981
Carlos Gomes;+41 274858515
Catarina Alves;+33 624018508
Catarina Alves;+43 070909516
Carlos Gonçalves;+49 002145841
Catarina Silva;+32 801848481
Carlos Gomes;+32 801462258
Carlos Ferreira;+33 209199823
Carlos Santos;+351 678663007
Catarina Fernandes;+41 586294969
Carlos Martins;+32 333551605
Carlos Gonçalves;+44 528917076
Carlos Pereira;+49 694854477
Catarina Gomes;+351 023661258
Catarina Mendes;+33 619616544
Catarina Alves;+41 235520270
Carlos Ferreira;+41 273069682
Carlos Silva;+43 142100483
Catarina Alves;+33 422257264
Catarina Mendes;+32 082998651
Carlos Gomes;+49 401754666
Catarina Ferreira;+33 667312114
Carlos Martins;+41 314111382
Catarina Ferreira;+39 861760027
Catarina Gomes;+41 753945687
Catarina Mendes;+43 460310499
Catarina Mendes;+32 425492459
Catarina Alves;+33 886887287
Catarina Mendes;+33 313358084
Catarina Ferreira;+41 209098253
Catarina Santos;+49 440338217
Catarina Gomes;+32 295995783
Catarina Alves;+351 182391258
Catarina Santos;+32 817658981
Catarina Mendes;+33 487523443
Catarina Gonçalves;+44 461559419
Catarina Pereira;+43 200052070
Catarina Ferreira;+41 529330638
Catarina Santos;+33 251455212
Catarina Mendes;+44 965369265
Catarina Pereira;+39 828611557
Catarina Pereira;+351 850568820
Carlos Pereira;+43 076451028
Catarina Ferreira;+32 809992608
Catarina Gonçalves;+43 426423826
