Rui Pereira;+32 566641090
Ricardo Gonçalves;+39 220977402
Rui Alves;+39 751288465
Ricardo Gomes;+33 400359761
Rui Ferreira;+39 075143417
Ricardo Mendes;+33 944117242
Rui Martins;+39 926268091
Rui Silva;+32 464081632
Rui Gonçalves;+49 656281961
Ricardo Ferreira;+33 465204332
Ricardo Ferreira;+351 269949488
Rui Martins;+39 311905615
Ricardo Martins;+39 038475273
Rui Pereira;+44 695784308
Rui Mendes;+351 497455192
Ricardo Martins;+41 908211014
Ricardo Ferreira;+41 160464286
Ricardo Silva;+32 696902467
Rui Martins;+44 283226095
Rui Ferreira;+32 822784546
Rui Alves;+49 096449781
Ricardo Gonçalves;+49 962824469
Ricardo Gonçalves;+33 039403852
Rui Ferreira;+44 083421867
Rui Silva;+39 739945748
Ricardo Santos;+49 555758716
Ricardo Ferreira;+33 070211326
Ricardo Pereira;+39 180138504
Rui Alves;+49 354617827
Ricardo Ferreira;+49 175812800
Rui Santos;+39 748879357
Ricardo Ferreira;+43 548433565
Rui Alves;+43 261655771
Rui Alves;+49 887063042
Ricardo Fernandes;+39 429409752
Ricardo Alves;+32 769270318
Rui Gonçalves;+351 477046874
Rui Pereira;+49 385723744
Rui Gonçalves;+49 327202506
Rui Ferreira;+32 496116806
Rui Mendes;+43 199708003
Ricardo Silva;+32 161452062
Ricardo Gonçalves;+32 058015868
Ricardo Santos;+33 518503693
Rui Silva;+41 722807345
Rui Santos;+39 941843967
Rui Pereira;+351 562577585
Ricardo Martins;+41 099641200
Rui Pereira;+39 354769368
Ricardo Martins;+44 940983499
Rui Martins;+49 888106975
Rui Ferreira;+33 033562984
Ricardo Alves;+43 737932835
Ricardo Mendes;+33 866998705
Rui Pereira;+32 088481695
Ricardo Gonçalves;+43 149255191
Ricardo Alves;+49 374172526
Ricardo Fernandes;+351 141301872
Rui Alves;+33 132354406
Rui Fernandes;+39 189510364
Ricardo Santos;+33 195572261
Rui Ferreira;+39 250667303
Rui Pereira;+39 382403801
Rui Alves;+43 103018163
Ricardo Martins;+33 136896158
Rui Martins;+32 677171258
Ricardo Gomes;+351 120309230
Rui Gomes;+44 400246400
Ricardo Alves;+49 542650102
Rui Santos;+33 552090432
Ricardo Fernandes;+33 601004501
Rui Silva;+49 647871840
Rui Ferreira;+39 605384257
Rui Alves;+32 380183698
Rui Fernandes;+33 035266666
Rui Gonçalves;+43 144148361
Ricardo Silva;+43 756656860
Ricardo Fernandes;+33 664928764
Ricardo Gonçalves;+44 895720146
Rui Gonçalves;+33 823795704
Rui Pereira;+43 893973790
Rui Fernandes;+43 250914612
Ricardo Gonçalves;+41 116645191
Ricardo Gonçalves;+44 498209229
Ricardo Santos;+44 771642713
Rui Ferreira;+41 033745649
Rui Martins;+43 862053191
Ricardo Pereira;+39 588488458
Ricardo Silva;+32 559961224
Ricardo Martins;+351 278902656
Rui Santos;+33 526406097
Ricardo Fernandes;+44 645982351
Ricardo Fernandes;+44 681791045
Ricardo Mendes;+43 099615802
Rui Fernandes;+351 740732075
Rui Martins;+43 002635110
Ricardo Ferreira;+49 370514274
Ricardo Ferreira;+32 197248427
Ricardo Gonçalves;+39 635887949
Rui Pereira;+49 252361140
