Ricardo Mendes;+33 136816201
Rui Gonçalves;+49 815467912
Rui Ferreira;+41 807940370
Ricardo Martins;+351 495816039
Rui Fernandes;+49 861993672
Ricardo Martins;+32 747854270
Rui Ferreira;+39 831051471
Rui Pereira;+39 285791092
Rui Ferreira;+43 735372137
Rui Pereira;+43 704215467
Ricardo Martins;+49 075063290
Rui Pereira;+32 767867922
Ricardo Gonçalves;+351 832864725
Rui Alves;+39 339826599
Rui Fernandes;+49 866997721
Ricardo Mendes;+43 255487877
Rui Silva;+32 170654956
Ricardo Silva;+39 304222528
Rui Alves;+43 327392767
Ricardo Pereira;+44 114829452
Rui Martins;+49 338660509
Ricardo Fernandes;+41 359969977
Rui Ferreira;+33 880583044
Rui Alves;+44 558838066
Ricardo Pereira;+39 779706152
Ricardo Ferreira;+43 415017269
Ricardo Silva;+32 031940011
Ricardo Alves;+43 965358206
Ricardo Alves;+351 500646765
Ricardo Santos;+44 462635028
Rui Alves;+41 357544626
Rui Gonçalves;+33 844179217
Rui Gomes;+44 040384339
Rui Fernandes;+43 660774510
Rui Martins;+41 435285730
Rui Gonçalves;+44 151705705
Rui Mendes;+43 962290319
Rui Alves;+39 700778715
Ricardo Gonçalves;+44 864511379
Rui Martins;+44 180206257
Ricardo Fernandes;+33 261227720
Ricardo Martins;+33 485333254
Ricardo Ferreira;+32 187724990
Rui Pereira;+351 709678669
Ricardo Silva;+39 505694374
Rui Martins;+43 882364149
Rui Pereira;+32 779920955
Ricardo Gonçalves;+32 179414678
Rui Silva;+351 578183824
Ricardo Mendes;+33 983464011
Ricardo Alves;+33 600553418
Rui Santos;+33 753631580
Ricardo Mendes;+33 198792127
Rui Pereira;+44 780282715
Ricardo Gonçalves;+32 115076204
Ricardo Santos;+32 043443038
Ricardo Ferreira;+49 869075548
Ricardo Santos;+39 511719809
Rui Gonçalves;+41 045801938
Rui Pereira;+32 216010600
Rui Mendes;+43 204091098
Rui Ferreira;+32 026267036
Ricardo Ferreira;+43 181215899
Rui Martins;+39 450732016
Rui Mendes;+39 916666638
Rui Silva;+44 040216337
Ricardo Gomes;+32 257579873
Rui Mendes;+351 958562979
Rui Silva;+32 284833849
Ricardo Mendes;+44 111608395
Ricardo Martins;+39 590483170
Rui Mendes;+49 297973681
Ricardo Mendes;+41 980090796
Rui Pereira;+351 206206372
Rui Alves;+32 995215121
Rui Fernandes;+49 095574997
Ricardo Mendes;+33 194646399
Ricardo Martins;+39 241348647
Rui Pereira;+351 700316119
Rui Alves;+41 423021280
Ricardo Pereira;+351 563995734
Rui Ferreira;+43 149146979
Ricardo Martins;+43 511345642
Ricardo Santos;+39 659122249
Rui Gomes;+44 228172395
Rui Martins;+44 289074326
Ricardo Fernandes;+351 040300579
Rui Ferreira;+43 988413152
Rui Pereira;+33 531118352
Rui Martins;+43 264571148
Ricardo Silva;+32 799804838
Ricardo Gomes;+351 742440549
Rui Fernandes;+39 578757926
Rui Silva;+32 061786671
Ricardo Martins;+33 581196320
Ricardo Alves;+41 173787893
Rui Gonçalves;+32 670566295
Rui Fernandes;+351 808694944
Ricardo Santos;+39 476024652
Ricardo Santos;+33 524969753
