Ana Mendes;+44 879430332
Ana Gonçalves;+41 706208838
Ana Pereira;+32 835669000
Ana Silva;+33 790489451
Ana Fernandes;+39 903307116
Ana Mendes;+49 226620994
Ana Pereira;+43 641246879
Ana Gomes;+351 216861387
Ana Santos;+351 859837512
Ana Martins;+41 614530069
Ana Gonçalves;+41 310279766
Ana Silva;+351 362127501
Ana Gomes;+39 464836967
Ana Martins;+39 072892090
Ana Gomes;+43 150299061
Ana Ferreira;+32 351146199
Ana Ferreira;+32 610954523
Ana Pereira;+39 606769359
Ana Martins;+49 216297288
Ana Gomes;+351 546579274
Ana Gonçalves;+39 824568723
Ana Mendes;+49 694989033
Ana Pereira;+351 109106308
Ana Ferreira;+39 022828922
Ana Ferreira;+351 180283587
Ana Fernandes;+33 967837135
Ana Martins;+43 507437439
Ana Santos;+43 649752420
Ana Santos;+39 857207397
Ana Mendes;+43 865947107
Ana Ferreira;+43 362180572
Ana Alves;+44 884136470
Ana Gonçalves;+41 372162921
Ana Martins;+351 723950521
Ana Martins;+32 890489219
Ana Santos;+351 689688534
Ana Fernandes;+32 998189389
Ana Martins;+41 667786043
Ana Silva;+351 488300786
Ana Mendes;+39 645938841
Ana Gonçalves;+44 328491279
Ana Santos;+351 039320315
Ana Pereira;+49 282196589
Ana Silva;+39 615095138
Ana Silva;+39 933957056
Ana Mendes;+32 359486921
Ana Santos;+32 677317038
Ana Santos;+44 268724083
Ana Silva;+49 126566046
Ana Gonçalves;+43 686685812
Ana Ferreira;+44 911975933
Ana Silva;+41 139131058
Ana Gonçalves;+39 537699513
Ana Silva;+39 951683914
Ana Alves;+32 540626001
Ana Gomes;+39 066510532
Ana Gomes;+351 113389318
Ana Alves;+33 211691708
Ana Gonçalves;+41 201485410
Ana Mendes;+41 251286471
Ana Martins;+41 220469749
Ana Gonçalves;+41 804735416
Ana Alves;+33 119834913
Ana Santos;+44 846379345
Ana Pereira;+41 825005714
Ana Gomes;+351 368024903
Ana Silva;+49 180181724
Ana Fernandes;+32 197237643
Ana Silva;+33 053990417
Ana Pereira;+49 330330925
Ana Gomes;+44 879234543
Ana Pereira;+32 492440432
Ana Pereira;+49 554108121
Ana Pereira;+32 155988125
Ana Fernandes;+44 043229602
Ana Martins;+32 204321863
Ana Ferreira;+33 067969174
Ana Silva;+49 868545932
Ana Gomes;+49 947735217
Ana Gomes;+49 037954108
Ana Silva;+39 206127013
Ana Santos;+44 809876434
Ana Ferreira;+49 224577118
Ana Gomes;+44 848584418
Ana Ferreira;+39 413936413
Ana Silva;+33 222204850
Ana Mendes;+39 674121237
Ana Pereira;+44 302481083
Ana Fernandes;+32 154974572
Ana Mendes;+41 351473507
Ana Gonçalves;+49 642183701
Ana Silva;+32 571692554
Ana Silva;+32 578299073
Ana Santos;+41 639732116
Ana Silva;+33 578457881
Ana Pereira;+43 150968237
Ana Fernandes;+49 163282839
Ana Gomes;+49 976552284
Ana Martins;+39 945624094
Ana Fernandes;+39 720699981
