Sofia Ferreira;+41 169077445
Sofia Fernandes;+41 096032298
Sofia Pereira;+41 257034819
Sofia Santos;+39 363961480
Sofia Alves;+33 706299095
Sofia Alves;+41 383661005
Sofia Santos;+33 380018425
Sofia Mendes;+32 345558462
Sofia Santos;+49 225917995
Sofia Ferreira;+33 781976936
Sofia Gomes;+49 503053106
Sofia Fernandes;+44 675378425
Sofia Fernandes;+43 472351834
Sofia Gomes;+39 018550263
Sofia Gomes;+49 056750049
Sofia Gomes;+32 311814289
Sofia Ferreira;+49 361951035
Sofia Mendes;+41 634073215
Sofia Fernandes;+44 417995465
Sofia Fernandes;+32 444589780
Sofia Ferreira;+41 041354693
Sofia Fernandes;+44 730074139
Sofia Gonçalves;+39 971133921
Sofia Gonçalves;+44 670673691
Sofia Gonçalves;+33 056435966
Sofia Alves;+33 743052051
Sofia Silva;+49 610244206
Sofia Ferreira;+43 032538548
Sofia Gomes;+43 794487931
Sofia Alves;+39 945659945
Sofia Alves;+44 770420281
Sofia Martins;+41 992525197
Sofia Ferreira;+351 907938095
Sofia Gomes;+49 767825919
Sofia Santos;+41 274928984
Sofia Fernandes;+39 137304355
Sofia Fernandes;+32 947063554
Sofia Silva;+32 626153298
Sofia Santos;+41 911829480
Sofia Alves;+43 502195052
Sofia Mendes;+49 779915728
Sofia Fernandes;+39 291237966
Sofia Martins;+39 848942236
Sofia Alves;+43 496564692
Sofia Alves;+351 849306323
Sofia Pereira;+44 988062556
Sofia Ferreira;+41 831165884
Sofia Martins;+44 699971019
Sofia Gonçalves;+41 873301595
Sofia Martins;+39 479939378
Sofia Alves;+44 662792806
Sofia Silva;+49 273266068
Sofia Gonçalves;+44 600895848
Sofia Martins;+32 756297380
Sofia Mendes;+351 322787106
Sofia Alves;+41 380887158
Sofia Fernandes;+41 111085815
Sofia Santos;+41 758673688
Sofia Gomes;+33 264884406
Sofia Gonçalves;+44 207960732
Sofia Alves;+44 862820386
Sofia Mendes;+41 575858031
Sofia Gonçalves;+33 943648450
Sofia Mendes;+351 643418716
Sofia Ferreira;+32 119457154
Sofia Alves;+33 578366694
Sofia Santos;+351 649730671
Sofia Silva;+43 613457127
Sofia Pereira;+44 216525389
Sofia Santos;+43 815254660
Sofia Alves;+32 815458527
Sofia Mendes;+44 443323138
Sofia Alves;+33 395538013
Sofia Pereira;+351 240732638
Sofia Fernandes;+33 352085857
Sofia Silva;+49 253512013
Sofia Pereira;+44 278145074
Sofia Gomes;+43 947683636
Sofia Ferreira;+41 984801424
Sofia Pereira;+41 980371771
Sofia Mendes;+33 422137540
Sofia Pereira;+43 884646378
Sofia Pereira;+39 506675576
Sofia Fernandes;+41 151193719
Sofia Santos;+43 450427429
Sofia Gomes;+49 829908367
Sofia Martins;+44 330706608
Sofia Mendes;+43 616403213
Sofia Silva;+32 555563122
Sofia Gomes;+39 053654243
Sofia Mendes;+41 940471021
Sofia Santos;+33 916597788
Sofia Ferreira;+44 190008873
Sofia Santos;+41 356016797
Sofia Mendes;+39 573724160
Sofia Santos;+33 477024128
Sofia Gonçalves;+39 728385488
Sofia Santos;+32 202290339
Sofia Gomes;+41 581695419
Sofia Mendes;+33 635257940
