Ricardo Martins;+33 581780962
Ricardo Pereira;+33 689674296
Ricardo Silva;+351 793894498
Rui Santos;+44 244940255
Ricardo Gomes;+43 539257665
Ricardo Mendes;+32 988245643
Ricardo Gonçalves;+44 127332225
Rui Martins;+33 802154354
Rui Ferreira;+351 193364296
Ricardo Silva;+32 181426130
Ricardo Santos;+49 008747572
Rui Santos;+351 351370780
Ricardo Alves;+41 837293043
Ricardo Gomes;+44 745543676
Ricardo Pereira;+43 000556724
Rui Gonçalves;+43 591577581
Rui Ferreira;+33 718251946
Ricardo Ferreira;+43 227543945
Rui Silva;+39 922386179
Rui Gomes;+49 870450363
Rui Mendes;+33 137007768
Ricardo Ferreira;+49 313433842
Ricardo Pereira;+43 129435830
Ricardo Martins;+43 338193640
Rui Gonçalves;+32 043486923
Rui Silva;+41 641643939
Rui Alves;+33 117073629
Ricardo Ferreira;+41 244113802
Ricardo Gonçalves;+49 688901550
Rui Gonçalves;+33 803894099
Rui Fernandes;+49 699313336
Rui Mendes;+41 309423855
Rui Santos;+351 306474617
Ricardo Gonçalves;+44 576709183
Rui Gonçalves;+49 323659881
Ricardo Pereira;+39 378594367
Rui Mendes;+43 511634929
Ricardo Santos;+41 588038963
Rui Martins;+49 761992651
Ricardo Gonçalves;+351 245494181
Rui Pereira;+41 152164081
Rui Santos;+49 820309173
Rui Martins;+39 781927750
Ricardo Pereira;+44 539355073
Rui Mendes;+39 375660254
Ricardo Pereira;+43 753562398
Ricardo Alves;+39 185366347
Ricardo Santos;+33 848536508
Ricardo Alves;+49 554071485
Rui Gomes;+44 878080815
Ricardo Gonçalves;+41 099922911
Rui Silva;+41 587843458
Rui Santos;+44 949061866
Rui Alves;+49 384293520
Rui Martins;+41 655189654
Rui Martins;+41 885343891
Rui Santos;+41 432359393
Rui Pereira;+351 595856954
Ricardo Gonçalves;+43 312775738
Rui Pereira;+41 706701300
Ricardo Gomes;+33 531022386
Rui Mendes;+43 708497657
Rui Pereira;+32 777316420
Rui Santos;+41 860365637
Ricardo Alves;+351 129140616
Rui Pereira;+33 369046921
Rui Mendes;+49 590006248
Rui Alves;+44 615481880
Ricardo Silva;+351 680969830
Ricardo Fernandes;+351 754829380
Rui Mendes;+41 993793129
Rui Mendes;+41 696424068
Rui Santos;+41 685143630
Rui Fernandes;+351 913534803
Rui Pereira;+43 924525521
Ricardo Pereira;+41 116752767
Rui Fernandes;+43 180067390
Ricardo Alves;+351 356589684
Ricardo Gonçalves;+32 164028353
Ricardo Gonçalves;+41 768309192
Rui Ferreira;+49 452453501
Rui Mendes;+351 333111303
Rui Ferreira;+43 010147666
Rui Martins;+44 456036485
Rui Mendes;+41 792410783
Rui Silva;+49 816612566
Rui Pereira;+351 917499083
Ricardo Fernandes;+33 661029966
Rui Santos;+33 495171476
Rui Pereira;+351 779936569
Rui Pereira;+44 761797057
Rui Gonçalves;+39 085306325
Rui Fernandes;+32 240083335
Rui Mendes;+43 685672591
Rui Santos;+44 450020001
Rui Pereira;+39 305190449
Rui Ferreira;+33 439469681
Ricardo Pereira;+41 883010831
Ricardo Mendes;+32 201811911
Ricardo Mendes;+43 574457007
