Carlos Santos;+351 928988352
Catarina Santos;+32 375928407
Catarina Silva;+43 360416619
Carlos Santos;+351 483205268
Catarina Alves;+33 428874810
Catarina Gomes;+33 384560255
Carlos Gomes;+41 374646762
Catarina Pereira;+33 750196914
Carlos Fernandes;+351 858655028
Carlos Martins;+33 384178190
Carlos Fernandes;+41 169516530
Carlos Gomes;+33 796366164
Carlos Gomes;+49 830058252
Catarina Fernandes;+32 743956441
Carlos Martins;+39 524510858
Carlos Pereira;+41 300349215
Carlos Gomes;+39 447247163
Catarina Fernandes;+32 037210162
Carlos Ferreira;+32 974221028
Carlos Silva;+39 094650174
Catarina Alves;+33 976707795
Carlos Mendes;+39 964327821
Carlos Mendes;+33 850028082
Carlos Silva;+49 395707142
Carlos Fernandes;+43 913351382
Carlos Ferreira;+41 083046641
Carlos Fernandes;+49 223824288
Carlos Fernandes;+32 995761868
Catarina Ferreira;+39 470250824
Carlos Mendes;+32 934985289
Catarina Santos;+41 079649276
Catarina Fernandes;+351 275558921
Catarina Gomes;+49 291874232
Catarina Mendes;+39 091629440
Carlos Santos;+351 817349208
Catarina Alves;+41 204745284
Catarina Santos;+41 454476312
Catarina Mendes;+49 620139492
Catarina Mendes;+49 028046307
Catarina Santos;+351 379985882
Carlos Pereira;+49 576041568
Catarina Fernandes;+44 327660630
Catarina Martins;+351 444464115
Catarina Pereira;+32 880953036
Carlos Alves;+43 505005496
Catarina Fernandes;+41 189923712
Catarina Fernandes;+351 116598897
Catarina Santos;+32 518713919
Carlos Gonçalves;+49 045288811
Catarina Gonçalves;+43 354821259
Carlos Santos;+39 059679929
Carlos Pereira;+39 059894268
Carlos Martins;+32 316998283
Catarina Pereira;+39 908930706
Carlos Pereira;+44 391638611
Carlos Ferreira;+33 599484746
Catarina Fernandes;+33 206054892
Carlos Mendes;+33 686784476
Carlos Ferreira;+39 120262563
Carlos Silva;+44 868399404
Carlos Gonçalves;+33 450141034
Carlos Pereira;+351 387182803
Carlos Silva;+44 240303818
Catarina Gonçalves;+49 793920875
Carlos Gomes;+39 289883617
Catarina Fernandes;+44 994819128
Carlos Martins;+351 362448105
Carlos Mendes;+44 131926066
Carlos Silva;+44 225618444
Carlos Ferreira;+49 172915552
Carlos Santos;+43 311355217
Catarina Mendes;+41 349788386
Catarina Martins;+32 165289620
Carlos Alves;+44 366068509
Catarina Gomes;+39 243130920
Catarina Mendes;+351 129723888
Catarina Santos;+39 286350276
Carlos Pereira;+43 142461580
Catarina Santos;+32 480397386
Catarina Santos;+39 186465888
Carlos Mendes;+49 233994403
Catarina Alves;+39 295001653
Catarina Alves;+351 567265756
Carlos Santos;+351 229065246
Carlos Silva;+351 620549219
Carlos Mendes;+44 417246907
Catarina Ferreira;+49 698523486
Catarina Mendes;+32 452663004
Carlos Pereira;+32 594756983
Catarina Pereira;+32 518448953
Catarina Mendes;+33 240446250
Catarina Silva;+351 890283769
Carlos Martins;+33 267473272
Catarina Mendes;+351 358984187
Carlos Fernandes;+351 370774220
Carlos Alves;+49 788392830
Carlos Santos;+44 947117611
Catarina Silva;+39 556668438
Catarina Fernandes;+32 779389701
Carlos Gonçalves;+32 206506267
