Ana Martins;+43 788495803
Ana Mendes;+33 381753372
Ana Pereira;+41 174702739
Ana Mendes;+43 536889800
Ana Mendes;+44 772148712
Ana Ferreira;+41 374312941
Ana Ferreira;+41 274504206
Ana Ferreira;+33 735363017
Ana Fernandes;+44 252157938
Ana Silva;+44 453544290
Ana Ferreira;+41 436499998
Ana Fernandes;+32 456180494
Ana Gomes;+41 319014124
Ana Silva;+49 555458856
Ana Santos;+351 035346172
Ana Ferreira;+39 879146404
Ana Ferreira;+43 318916337
Ana Gonçalves;+33 369639873
Ana Gomes;+33 244306023
Ana Martins;+33 297122559
Ana Silva;+33 415437029
Ana Mendes;+39 411092887
Ana Gomes;+39 677160589
Ana Fernandes;+44 126583943
Ana Santos;+49 496092692
Ana Silva;+351 496049242
Ana Fernandes;+43 937675508
Ana Martins;+32 319099333
Ana Santos;+43 246956239
Ana Mendes;+43 762083336
Ana Gonçalves;+41 208606296
Ana Gonçalves;+33 717720591
Ana Gomes;+351 983202405
Ana Mendes;+33 416870673
Ana Gomes;+351 417172976
Ana Alves;+33 858295927
Ana Silva;+351 717529319
Ana Gonçalves;+49 589236220
Ana Ferreira;+32 478695544
Ana Fernandes;+44 582949257
Ana Fernandes;+39 115489074
Ana Santos;+43 064530443
Ana Ferreira;+33 735006226
Ana Gonçalves;+32 775770947
Ana Gomes;+351 827923463
Ana Pereira;+49 176933373
Ana Gomes;+351 133025392
Ana Ferreira;+43 261989997
Ana Fernandes;+33 417787062
Ana Alves;+351 520125237
Ana Fernandes;+39 902823631
Ana Silva;+49 716260970
Ana Gonçalves;+33 235397409
Ana Pereira;+49 178978858
Ana Silva;+33 042037435
Ana Gonçalves;+49 288199274
Ana Gomes;+44 332945723
Ana Martins;+44 369725466
Ana Ferreira;+32 237984587
Ana Silva;+49 589221044
Ana Martins;+39 394139330
Ana Pereira;+43 128185768
Ana Fernandes;+43 503824278
Ana Santos;+351 437249483
Ana Gomes;+39 113416971
Ana Santos;+41 791749566
Ana Silva;+44 512542704
Ana Pereira;+33 499402311
Ana Fernandes;+44 369127879
Ana Pereira;+39 607832425
Ana Pereira;+43 557612440
Ana Mendes;+49 772069567
Ana Gonçalves;+32 010268030
Ana Gomes;+33 167337406
Ana Ferreira;+32 598856909
Ana Silva;+41 438724107
Ana Ferreira;+39 036140405
Ana Gomes;+49 861214484
Ana Santos;+41 397987363
Ana Alves;+49 558996707
Ana Ferreira;+49 927274188
Ana Fernandes;+32 521961298
Ana Alves;+32 948231189
Ana Martins;+351 237682203
Ana Mendes;+44 503576583
Ana Pereira;+49 672240230
Ana Gonçalves;+33 204552170
Ana Ferreira;+43 368559307
Ana Santos;+351 195716365
Ana Gomes;+32 975517107
Ana Martins;+43 461523011
Ana Gomes;+43 362606707
Ana Mendes;+351 573391350
Ana Santos;+44 480387269
Ana Fernandes;+49 801581769
Ana Mendes;+351 234210949
Ana Santos;+49 412769039
Ana Pereira;+41 327568242
Ana Gonçalves;+351 457723387
Ana Gomes;+32 272259327
