Carlos Fernandes;+351 181975257
Catarina Mendes;+49 621381272
Catarina Alves;+49 762179944
Carlos Santos;+41 606465374
Carlos Gonçalves;+44 245712158
Carlos Martins;+33 061922834
Catarina Martins;+43 106929535
Catarina Fernandes;+39 454932679
Carlos Silva;+39 207299244
Carlos Santos;+49 681400935
Carlos Silva;+32 653225034
Carlos Mendes;+39 637415644
Catarina Gonçalves;+39 801587636
Carlos Fernandes;+39 933331321
Carlos Fernandes;+351 090867986
Carlos Pereira;+44 558733366
Catarina Ferreira;+33 537479847
Catarina Fernandes;+39 512035516
Catarina Fernandes;+49 074919218
Catarina Fernandes;+41 978257062
Catarina Gonçalves;+44 853400661
Catarina Mendes;+39 633891855
Catarina Pereira;+351 346405885
Carlos Santos;+44 317010982
Carlos Martins;+41 950862892
Carlos Mendes;+39 784403360
Catarina Alves;+351 520554165
Catarina Martins;+43 542634480
Carlos Ferreira;+351 418415522
Catarina Silva;+33 033723950
Carlos Alves;+43 747205591
Carlos Pereira;+41 420977258
Carlos Gonçalves;+41 169062861
Carlos Gonçalves;+41 397517093
Carlos Pereira;+32 463124097
Catarina Santos;+49 777384733
Catarina Ferreira;+49 512818951
Catarina Martins;+43 032580281
Catarina Gonçalves;+351 117646354
Carlos Santos;+33 154460382
Carlos Pereira;+32 690498048
Catarina Martins;+351 580857878
Carlos Mendes;+351 249671539
Carlos Alves;+43 864262057
Catarina Fernandes;+39 047777003
Carlos Pereira;+33 425812991
Carlos Silva;+33 302434989
Carlos Pereira;+39 356855148
Catarina Fernandes;+41 232106645
Catarina Silva;+351 208390226
Catarina Ferreira;+41 026224520
Catarina Mendes;+49 003244999
Catarina Fernandes;+39 387939685
Carlos Pereira;+32 996668659
Catarina Fernandes;+49 577814237
Catarina Gonçalves;+32 583074190
Carlos Martins;+49 353648448
Catarina Fernandes;+43 445511906
Catarina Pereira;+33 345426487
Carlos Martins;+41 381650834
Carlos Fernandes;+351 388681236
Catarina Silva;+33 851601801
Catarina Fernandes;+32 085102398
Catarina Gonçalves;+32 107536226
Catarina Alves;+32 134441677
Catarina Ferreira;+39 096185032
Carlos Santos;+41 572403164
Catarina Martins;+44 596396788
Catarina Mendes;+351 062173524
Carlos Gomes;+33 914115168
Catarina Alves;+33 031133752
Carlos Gonçalves;+39 100529685
Catarina Santos;+33 336516472
Catarina Gomes;+43 764754193
Carlos Fernandes;+43 586877561
Catarina Gonçalves;+44 977312650
Carlos Mendes;+41 068128092
Catarina Pereira;+43 820368290
Catarina Silva;+39 313843991
Carlos Alves;+41 633122090
Catarina Santos;+39 795580345
Carlos Ferreira;+39 579317626
Carlos Pereira;+33 242405548
Carlos Ferreira;+41 012405266
Catarina Gonçalves;+44 282549873
Catarina Alves;+39 356151111
Catarina Pereira;+33 133049771
Catarina Alves;+44 249551434
Catarina Martins;+41 093300481
Catarina Gomes;+41 472591096
Carlos Ferreira;+44 350123886
Carlos Mendes;+33 904370575
Carlos Martins;+351 366791250
Catarina Pereira;+41 431418955
Carlos Pereira;+43 924407632
Carlos Ferreira;+33 072824081
Catarina Fernandes;+39 167253181
Carlos Santos;+44 250245856
Catarina Gonçalves;+43 635733142
Catarina Gomes;+49 460506388
