Catarina Martins;+32 875168748
Carlos Santos;+32 109182071
Catarina Fernandes;+41 872479173
Carlos Gomes;+33 653049952
Catarina Gomes;+351 321834540
Catarina Martins;+32 476037787
Carlos Santos;+49 123483346
Carlos Mendes;+43 149498375
Carlos Gomes;+351 734164953
Catarina Ferreira;+43 291299988
Carlos Silva;+39 354527536
Catarina Alves;+41 183078856
Catarina Silva;+49 104156633
Carlos Santos;+32 031204292
Carlos Gonçalves;+33 938649267
Catarina Pereira;+49 090402990
Carlos Silva;+41 727443992
Carlos Gonçalves;+44 521041765
Carlos Fernandes;+49 577368779
Catarina Pereira;+33 598247253
Carlos Alves;+44 519282954
Catarina Gonçalves;+33 713509229
Catarina Santos;+32 775019433
Carlos Pereira;+41 484116847
Catarina Gomes;+49 329950915
Catarina Fernandes;+33 967360202
Carlos Gomes;+39 518629911
Carlos Martins;+41 136067493
Carlos Santos;+39 470850409
Catarina Silva;+351 063953563
Carlos Fernandes;+43 130925537
Carlos Ferreira;+49 037816779
Catarina Santos;+32 135365317
Carlos Santos;+44 291957270
Catarina Mendes;+33 195313044
Carlos Fernandes;+41 773412239
Catarina Gonçalves;+43 260302693
Catarina Ferreira;+44 343200962
Carlos Gomes;+33 727938811
Catarina Silva;+351 152618960
Catarina Gonçalves;+39 029322403
Carlos Gonçalves;+49 207107345
Carlos Alves;+43 154649582
Carlos Ferreira;+43 077695292
Catarina Gonçalves;+351 977036422
Catarina Silva;+32 083705090
Carlos Alves;+43 329857234
Catarina Gonçalves;+43 206608491
Catarina Ferreira;+49 744978889
Carlos Martins;+32 536785011
Carlos Santos;+41 979764316
Carlos Martins;+43 743583881
Carlos Mendes;+33 223068875
Catarina Pereira;+41 285068079
Catarina Santos;+41 772739883
Carlos Ferreira;+32 790984854
Catarina Martins;+32 721840502
Catarina Mendes;+49 008176271
Catarina Ferreira;+32 260242995
Carlos Pereira;+33 279990973
Catarina Fernandes;+49 447083671
Carlos Gomes;+49 695250383
Carlos Silva;+43 650159693
Catarina Ferreira;+32 948514742
Catarina Santos;+351 232192585
Catarina Gonçalves;+33 897027542
Carlos Silva;+33 484168468
Carlos Gomes;+44 754255325
Carlos Alves;+32 892059844
Catarina Alves;+44 711583392
Carlos Santos;+39 240442158
Catarina Gonçalves;+41 910043208
Carlos Gonçalves;+33 984035209
Carlos Silva;+44 122444601
Catarina Gomes;+43 472854605
Catarina Fernandes;+49 817086897
Carlos Santos;+49 659755366
Catarina Alves;+32 892418824
Catarina Gonçalves;+41 012822422
Catarina Gonçalves;+33 056244996
Carlos Santos;+33 946206961
Catarina Alves;+49 977037766
Catarina Ferreira;+33 954158194
Carlos Gonçalves;+33 943946667
Carlos Alves;+49 592409782
Carlos Santos;+32 519005775
Catarina Fernandes;+32 313779391
Carlos Pereira;+41 606267622
Carlos Fernandes;+44 280721844
Catarina Ferreira;+351 604867024
Catarina Martins;+351 417444271
Catarina Martins;+41 740675034
Catarina Martins;+32 724554400
Carlos Gonçalves;+44 876570366
Catarina Silva;+32 440212279
Catarina Mendes;+43 084617481
Catarina Santos;+49 699744900
Catarina Alves;+44 930999933
Catarina Martins;+33 521147540
Catarina Gomes;+33 492872583
