Carlos Gonçalves;+41 050014577
Catarina Gomes;+33 173206080
Catarina Pereira;+41 584540566
Carlos Martins;+39 366255986
Catarina Alves;+43 100081245
Carlos Ferreira;+39 868706075
Catarina Martins;+39 385226049
Carlos Gomes;+351 877648831
Catarina Pereira;+41 441993918
Catarina Ferreira;+41 103294163
Catarina Gomes;+41 576178727
Catarina Gomes;+43 687959872
Catarina Fernandes;+351 456532047
Catarina Silva;+44 465988082
Carlos Pereira;+32 664051399
Carlos Fernandes;+44 234068300
Carlos Pereira;+44 413286250
Carlos Gomes;+351 597853188
Carlos Alves;+32 968987578
Carlos Mendes;+33 156760117
Carlos Santos;+39 409136412
Catarina Silva;+49 030037711
Carlos Gonçalves;+33 102587277
Carlos Gonçalves;+39 582651849
Catarina Ferreira;+33 733822233
Catarina Fernandes;+32 631449258
Catarina Pereira;+351 397711741
Catarina Martins;+49 813038372
Carlos Silva;+49 277062821
Carlos Santos;+39 079983766
Catarina Mendes;+33 974668109
Catarina Gomes;+43 961663339
Carlos Ferreira;+41 792958030
Catarina Gomes;+44 831046737
Catarina Pereira;+33 618779851
Carlos Silva;+351 221267244
Catarina Martins;+41 317119977
Carlos Fernandes;+43 273998402
Catarina Martins;+43 377502655
Carlos Ferreira;+351 685662765
Carlos Pereira;+43 188724915
Catarina Alves;+39 699633491
Catarina Pereira;+43 608367704
Carlos Pereira;+41 104916784
Carlos Santos;+32 423401645
Catarina Gonçalves;+32 822575848
Catarina Santos;+44 565270281
Catarina Alves;+39 922026753
Catarina Santos;+41 098271150
Catarina Silva;+33 649141091
Carlos Gonçalves;+351 679508890
Carlos Ferreira;+49 113028768
Catarina Pereira;+39 847360562
Carlos Gomes;+49 252855161
Catarina Pereira;+351 776039245
Carlos Gomes;+41 381915431
Carlos Pereira;+39 191464306
Catarina Silva;+39 180835273
Carlos Santos;+41 975557278
Catarina Silva;+43 174286331
Carlos Fernandes;+44 857115111
Catarina Ferreira;+41 904633596
Carlos Mendes;+33 740336227
Carlos Gomes;+49 881966173
Carlos Silva;+32 310830271
Catarina Silva;+32 254916120
Carlos Alves;+32 457545826
Carlos Fernandes;+44 450407228
Catarina Silva;+43 554174571
Catarina Silva;+41 794761134
Carlos Pereira;+39 530743036
Catarina Alves;+32 829334686
Catarina Gomes;+351 869079743
Carlos Silva;+43 934642511
Carlos Ferreira;+32 400383335
Carlos Silva;+49 045832388
Carlos Mendes;+49 074657599
Catarina Ferreira;+32 863061178
Carlos Mendes;+44 497077677
Carlos Gonçalves;+32 119286784
Carlos Alves;+41 106005848
Catarina Silva;+43 761435883
Catarina Silva;+32 793887751
Catarina Silva;+39 848653961
Catarina Mendes;+41 431054318
Catarina Fernandes;+44 241647933
Carlos Fernandes;+32 833663516
Carlos Pereira;+39 287121009
Catarina Gomes;+32 024555504
Catarina Pereira;+43 307078301
Carlos Silva;+49 623668693
Carlos Santos;+351 898720262
Carlos Martins;+49 512556171
Catarina Alves;+32 359609612
Carlos Gomes;+33 533568020
Catarina Mendes;+41 519605048
Carlos Martins;+32 052938253
Carlos Silva;+32 985067593
Catarina Pereira;+39 636427791
Catarina Ferreira;+32 044939879
