Sofia Alves;+351 379311118
Sofia Gomes;+351 808403899
Sofia Ferreira;+41 247350682
Sofia Mendes;+44 185143459
Sofia Silva;+39 132558355
Sofia Silva;+33 691253472
Sofia Gonçalves;+49 958776259
Sofia Santos;+351 119443469
Sofia Fernandes;+43 323687541
Sofia Pereira;+44 876045000
Sofia Mendes;+33 282379059
Sofia Fernandes;+43 801579121
Sofia Pereira;+49 615209502
Sofia Mendes;+351 631420592
Sofia Gomes;+43 881443205
Sofia Mendes;+44 037163516
Sofia Martins;+33 252214177
Sofia Pereira;+43 348100967
Sofia Gomes;+39 384779957
Sofia Pereira;+351 616744989
Sofia Gonçalves;+41 167731993
Sofia Ferreira;+44 239735050
Sofia Alves;+41 388740331
Sofia Silva;+39 898998453
Sofia Alves;+41 219263806
Sofia Martins;+49 576697587
Sofia Alves;+43 198406385
Sofia Pereira;+43 391998625
Sofia Mendes;+351 768270994
Sofia Ferreira;+44 493959714
Sofia Ferreira;+43 474953039
Sofia Mendes;+32 198724127
Sofia Gomes;+33 036871051
Sofia Ferreira;+41 683708041
Sofia Silva;+32 422376013
Sofia Pereira;+33 388787157
Sofia Ferreira;+41 803607755
Sofia Ferreira;+41 817912888
Sofia Gomes;+44 292366343
Sofia Mendes;+43 387280261
Sofia Santos;+351 311910010
Sofia Martins;+33 486943361
Sofia Martins;+44 672169065
Sofia Fernandes;+43 379952967
Sofia Pereira;+44 745272696
Sofia Martins;+32 715379179
Sofia Santos;+49 683463013
Sofia Gonçalves;+33 303374785
Sofia Alves;+44 145509544
Sofia Alves;+351 775231599
Sofia Fernandes;+32 135476087
Sofia Ferreira;+43 247248906
Sofia Gonçalves;+33 826182156
Sofia Gonçalves;+351 477890554
Sofia Gomes;+41 683137314
Sofia Fernandes;+43 985816439
Sofia Santos;+41 433339395
Sofia Gomes;+43 371917259
Sofia Alves;+39 064566377
Sofia Fernandes;+43 871740911
Sofia Santos;+44 415079792
Sofia Fernandes;+43 741363869
Sofia Martins;+41 845770590
Sofia Alves;+43 089109866
Sofia Alves;+351 303113903
Sofia Santos;+32 498570776
Sofia Pereira;+32 357429240
Sofia Pereira;+33 947989535
Sofia Santos;+41 800330846
Sofia Santos;+44 654205823
Sofia Fernandes;+44 731348915
Sofia Silva;+44 775050632
Sofia Pereira;+32 482521722
Sofia Alves;+44 697373530
Sofia Gonçalves;+43 519068005
Sofia Martins;+41 390854013
Sofia Gomes;+33 768740051
Sofia Mendes;+43 974776882
Sofia Martins;+49 275263970
Sofia Martins;+49 496711895
Sofia Fernandes;+43 483327477
Sofia Santos;+39 538313414
Sofia Ferreira;+32 040262263
Sofia Ferreira;+43 773776135
Sofia Santos;+49 099120038
Sofia Ferreira;+41 276800478
Sofia Gomes;+351 707798479
Sofia Gomes;+32 971432796
Sofia Pereira;+33 598586267
Sofia Pereira;+39 943530005
Sofia Santos;+41 924652283
Sofia Fernandes;+44 130125857
Sofia Martins;+41 908540010
Sofia Martins;+39 525684738
Sofia Alves;+351 042419910
Sofia Alves;+44 546866510
Sofia Ferreira;+43 269998899
Sofia Ferreira;+44 102080613
Sofia Gomes;+33 265555149
Sofia Fernandes;+33 033053074
