Sofia Ferreira;+44 496020293
Sofia Mendes;+43 575929916
Sofia Mendes;+43 153227935
Sofia Mendes;+44 673733297
Sofia Gomes;+351 315373857
Sofia Gonçalves;+32 068069012
Sofia Martins;+33 503502439
Sofia Gonçalves;+33 685013342
Sofia Fernandes;+32 944690722
Sofia Mendes;+41 257621152
Sofia Santos;+43 662560095
Sofia Martins;+49 100536887
Sofia Gomes;+44 612202551
Sofia Martins;+41 541614850
Sofia Silva;+32 527214796
Sofia Mendes;+351 904727641
Sofia Martins;+49 129465092
Sofia Martins;+41 607214896
Sofia Pereira;+33 158732308
Sofia Gomes;+41 094837495
Sofia Fernandes;+43 736513073
Sofia Pereira;+39 577304887
Sofia Martins;+33 090123059
Sofia Gonçalves;+49 826692256
Sofia Gonçalves;+41 356618500
Sofia Fernandes;+41 396448168
Sofia Gomes;+43 076103574
Sofia Alves;+43 725992885
Sofia Mendes;+33 177042551
Sofia Silva;+44 671843328
Sofia Gonçalves;+39 016357068
Sofia Fernandes;+351 959920668
Sofia Gonçalves;+33 862309915
Sofia Gonçalves;+33 717869890
Sofia Alves;+33 772493256
Sofia Martins;+41 294262049
Sofia Santos;+49 807019966
Sofia Alves;+43 355489091
Sofia Gonçalves;+41 217021911
Sofia Ferreira;+33 901784391
Sofia Ferreira;+32 054593595
Sofia Martins;+44 467028829
Sofia Gonçalves;+49 701342689
Sofia Gonçalves;+43 209379003
Sofia Mendes;+351 283374377
Sofia Pereira;+44 371689358
Sofia Gonçalves;+44 011676072
Sofia Santos;+32 926539865
Sofia Santos;+49 594507241
Sofia Mendes;+32 361898406
Sofia Pereira;+33 018515252
Sofia Silva;+39 585093871
Sofia Fernandes;+351 157828506
Sofia Alves;+41 469308623
Sofia Silva;+33 166651751
Sofia Gonçalves;+33 112634606
Sofia Pereira;+49 519732492
Sofia Silva;+44 054308588
Sofia Silva;+33 464667955
Sofia Gomes;+39 041241936
Sofia Pereira;+39 490920799
Sofia Martins;+44 981481793
Sofia Martins;+49 816553819
Sofia Fernandes;+41 778547595
Sofia Silva;+33 090319103
Sofia Santos;+43 489535018
Sofia Martins;+33 600618416
Sofia Gonçalves;+43 300149447
Sofia Gonçalves;+41 248370989
Sofia Alves;+49 445840910
Sofia Alves;+44 800122440
Sofia Gomes;+49 804074090
Sofia Gonçalves;+41 692285777
Sofia Silva;+351 034382068
Sofia Alves;+33 375859264
Sofia Mendes;+44 578556280
Sofia Santos;+49 729922493
Sofia Alves;+32 906414093
Sofia Silva;+43 615817089
Sofia Ferreira;+32 334414384
Sofia Pereira;+351 965294143
Sofia Pereira;+49 211234232
Sofia Pereira;+44 957007429
Sofia Fernandes;+33 096246467
Sofia Silva;+33 962048084
Sofia Pereira;+43 027408979
Sofia Mendes;+49 613842114
Sofia Fernandes;+33 168149906
Sofia Gonçalves;+43 825042180
Sofia Mendes;+43 345272243
Sofia Martins;+43 442089601
Sofia Ferreira;+41 495415438
Sofia Alves;+351 222120597
Sofia Pereira;+44 181615392
Sofia Mendes;+39 131588382
Sofia Martins;+44 710196204
Sofia Ferreira;+43 559682523
Sofia Pereira;+41 034231038
Sofia Gonçalves;+43 010444980
Sofia Santos;+33 446413551
