Carlos Ferreira;+351 766763305
Catarina Santos;+33 627761906
Catarina Silva;+43 007087592
Catarina Silva;+32 341996654
Catarina Santos;+39 922309533
Catarina Pereira;+43 803978709
Carlos Silva;+351 781285846
Carlos Santos;+351 223972326
Catarina Santos;+41 933831057
Catarina Gomes;+43 144707296
Catarina Gonçalves;+32 642385403
Catarina Alves;+44 491191992
Carlos Ferreira;+41 417839103
Catarina Fernandes;+33 192757714
Carlos Gonçalves;+44 974905976
Catarina Alves;+49 273792469
Carlos Silva;+32 590553354
Catarina Silva;+43 801202242
Catarina Gonçalves;+351 528279637
Catarina Ferreira;+351 453699948
Carlos Alves;+41 564700503
Catarina Alves;+49 792685453
Catarina Gonçalves;+351 567162333
Catarina Silva;+39 910113635
Catarina Mendes;+33 524339490
Catarina Mendes;+39 206476924
Catarina Mendes;+32 274116848
Carlos Martins;+32 125264205
Carlos Pereira;+39 815566210
Catarina Gonçalves;+39 948752917
Carlos Martins;+39 867582876
Carlos Gomes;+32 787670063
Catarina Silva;+49 996566675
Carlos Mendes;+32 101090298
Catarina Pereira;+33 039327234
Carlos Mendes;+44 855145858
Catarina Silva;+41 819969247
Catarina Gonçalves;+33 122667285
Carlos Mendes;+49 141621163
Catarina Fernandes;+41 873374158
Carlos Alves;+32 150107328
Catarina Gomes;+32 683033705
Carlos Silva;+39 418961329
Carlos Gomes;+351 620788179
Catarina Alves;+351 964221560
Carlos Santos;+43 074799831
Catarina Silva;+39 176378864
Catarina Pereira;+44 184285765
Catarina Martins;+43 666240131
Carlos Gomes;+32 785253626
Catarina Martins;+41 459547148
Catarina Gomes;+43 716752250
Carlos Mendes;+32 294996275
Catarina Mendes;+41 881321562
Catarina Martins;+39 530874608
Carlos Ferreira;+43 010429130
Carlos Alves;+33 169986152
Catarina Gonçalves;+49 251994305
Carlos Martins;+41 529637131
Carlos Silva;+49 455375031
Carlos Fernandes;+41 582554200
Carlos Mendes;+49 067702324
Catarina Silva;+351 668669715
Catarina Gomes;+43 506271396
Catarina Santos;+41 905351776
Carlos Santos;+43 342511700
Catarina Alves;+33 547593808
Carlos Ferreira;+49 878077293
Carlos Ferreira;+351 520606745
Catarina Martins;+44 941696656
Carlos Martins;+43 984156890
Carlos Silva;+43 637767322
Carlos Pereira;+41 619017343
Carlos Mendes;+39 652312585
Catarina Gonçalves;+351 550142188
Carlos Ferreira;+49 569985316
Catarina Silva;+33 131037921
Carlos Mendes;+41 065049258
Carlos Gonçalves;+32 748095867
Catarina Pereira;+43 947250379
Catarina Silva;+41 873216636
Catarina Silva;+44 954672948
Carlos Fernandes;+49 034114472
Carlos Santos;+44 935160248
Carlos Gonçalves;+49 273179330
Catarina Mendes;+44 666578048
Carlos Fernandes;+41 159173424
Carlos Silva;+43 451154945
Catarina Pereira;+49 535158248
Carlos Mendes;+39 838602220
Carlos Santos;+44 906226879
Catarina Santos;+41 519255344
Catarina Gomes;+49 579429277
Catarina Gomes;+49 952899525
Catarina Ferreira;+33 555166624
Catarina Pereira;+39 786728382
Carlos Martins;+41 927024554
Catarina Alves;+43 998625224
Catarina Silva;+41 567962636
Catarina Gomes;+43 963851589
