Ricardo Mendes;+44 293227616
Ricardo Fernandes;+43 542570566
Ricardo Pereira;+351 063976386
Ricardo Santos;+33 642305669
Ricardo Santos;+43 273023749
Rui Gomes;+44 351438655
Ricardo Martins;+33 312665457
Ricardo Santos;+39 561297884
Ricardo Gonçalves;+33 534130468
Ricardo Gomes;+44 011881145
Ricardo Pereira;+43 158030552
Rui Silva;+41 207196446
Rui Gomes;+49 322384899
Rui Fernandes;+33 783518790
Ricardo Ferreira;+41 575742300
Ricardo Santos;+43 070117669
Rui Alves;+43 582211092
Ricardo Fernandes;+44 199297375
Ricardo Fernandes;+43 216670672
Rui Ferreira;+33 653867040
Rui Pereira;+44 555337468
Ricardo Santos;+33 462201681
Rui Pereira;+351 433361141
Rui Gonçalves;+33 159656045
Ricardo Santos;+351 681689291
Rui Fernandes;+351 807408319
Rui Gonçalves;+351 124962223
Ricardo Martins;+43 458100357
Ricardo Ferreira;+43 625385841
Rui Fernandes;+351 891590512
Rui Silva;+41 230979383
Rui Santos;+49 878972865
Rui Mendes;+33 637703488
Ricardo Santos;+32 430856679
Rui Fernandes;+49 510055687
Ricardo Silva;+43 095635143
Ricardo Gonçalves;+41 568325342
Ricardo Martins;+43 154615815
Ricardo Silva;+43 196145607
Ricardo Ferreira;+32 914051499
Ricardo Silva;+43 480648662
Ricardo Ferreira;+32 333993201
Rui Martins;+44 021078599
Rui Santos;+32 876536223
Ricardo Mendes;+44 505510543
Rui Fernandes;+44 706354384
Rui Gonçalves;+39 964464721
Rui Ferreira;+39 294314157
Ricardo Pereira;+32 401949956
Ricardo Gonçalves;+33 513123415
Ricardo Pereira;+32 110454412
Rui Ferreira;+351 225736244
Ricardo Silva;+351 940140636
Ricardo Martins;+44 685797706
Rui Fernandes;+32 377973488
Ricardo Alves;+32 951756751
Rui Martins;+351 029101784
Ricardo Santos;+33 936708945
Rui Mendes;+49 810125204
Ricardo Martins;+43 292095520
Ricardo Santos;+43 998422314
Rui Martins;+33 716957081
Ricardo Santos;+39 469831086
Ricardo Fernandes;+44 728776719
Ricardo Silva;+33 781874436
Rui Fernandes;+49 852988522
Rui Alves;+39 460180383
Rui Alves;+43 873320515
Ricardo Fernandes;+39 402274725
Ricardo Martins;+43 787385181
Rui Gomes;+41 989381186
Rui Martins;+33 257221610
Ricardo Mendes;+43 353665060
Ricardo Silva;+39 138935933
Rui Mendes;+32 334061097
Rui Gomes;+43 863253069
Rui Santos;+33 530332357
Ricardo Fernandes;+33 717671578
Rui Silva;+351 986968007
Ricardo Gonçalves;+43 143574666
Rui Santos;+41 860225981
Rui Gomes;+41 227733808
Rui Fernandes;+32 560653152
Ricardo Martins;+49 448899054
Ricardo Gomes;+33 722652529
Ricardo Gonçalves;+44 204971726
Rui Silva;+43 466508687
Rui Martins;+49 396061761
Rui Silva;+49 625815214
Rui Silva;+32 410189253
Ricardo Mendes;+43 651327085
Rui Martins;+33 778538621
Rui Martins;+32 789595791
Ricardo Gonçalves;+33 233800375
Ricardo Alves;+43 106812033
Rui Alves;+49 808094963
Ricardo Mendes;+33 153855904
Ricardo Pereira;+32 386145374
Ricardo Gonçalves;+351 445496372
Rui Gomes;+44 029836767
