Sofia Mendes;+41 089184335
Sofia Silva;+43 865139150
Sofia Santos;+33 731394321
Sofia Gomes;+33 644155686
Sofia Gomes;+39 843372990
Sofia Gonçalves;+41 715485711
Sofia Mendes;+44 656206568
Sofia Alves;+39 116164635
Sofia Pereira;+43 142353274
Sofia Gonçalves;+351 449368191
Sofia Martins;+351 779470200
Sofia Silva;+33 273910630
Sofia Martins;+32 816052852
Sofia Fernandes;+32 428216127
Sofia Martins;+44 256963619
Sofia Pereira;+351 828258989
Sofia Silva;+33 882719582
Sofia Alves;+33 492384158
Sofia Martins;+32 565921094
Sofia Santos;+43 721145908
Sofia Pereira;+32 615896920
Sofia Pereira;+33 518674013
Sofia Gomes;+33 173090898
Sofia Fernandes;+49 551756912
Sofia Martins;+43 384954845
Sofia Martins;+33 791713094
Sofia Santos;+32 395075959
Sofia Gomes;+43 600985449
Sofia Mendes;+43 806019774
Sofia Fernandes;+32 561490795
Sofia Martins;+49 794281727
Sofia Martins;+49 731088407
Sofia Gonçalves;+43 255952971
Sofia Ferreira;+33 343629801
Sofia Gonçalves;+32 161516619
Sofia Gomes;+43 460640734
Sofia Santos;+43 525093172
Sofia Mendes;+41 318026975
Sofia Ferreira;+41 541305929
Sofia Silva;+41 171081583
Sofia Gonçalves;+44 349442036
Sofia Pereira;+351 388258340
Sofia Ferreira;+39 345371302
Sofia Mendes;+39 852278884
Sofia Alves;+32 647475729
Sofia Mendes;+33 324867465
Sofia Fernandes;+41 980822293
Sofia Pereira;+32 034746978
Sofia Martins;+49 562753141
Sofia Ferreira;+49 848352579
Sofia Silva;+351 824291984
Sofia Ferreira;+39 678650689
Sofia Pereira;+49 419697567
Sofia Ferreira;+39 882060307
Sofia Pereira;+44 039380266
Sofia Ferreira;+43 354438655
Sofia Gonçalves;+32 995931213
Sofia Mendes;+49 838431344
Sofia Martins;+44 720961061
Sofia Santos;+43 748862567
Sofia Silva;+39 191340050
Sofia Martins;+44 667108283
Sofia Gonçalves;+44 930643976
Sofia Pereira;+49 375116143
Sofia Alves;+44 592745693
Sofia Gomes;+43 687087654
Sofia Martins;+351 875420474
Sofia Martins;+41 090459731
Sofia Martins;+43 048783160
Sofia Martins;+44 295770375
Sofia Martins;+49 243292181
Sofia Martins;+39 308167006
Sofia Santos;+44 998471745
Sofia Gonçalves;+351 274861782
Sofia Mendes;+32 768146362
Sofia Pereira;+32 342365488
Sofia Santos;+44 784282737
Sofia Santos;+351 323677801
Sofia Santos;+43 796562496
Sofia Martins;+33 707964303
Sofia Fernandes;+39 048816705
Sofia Santos;+32 301252957
Sofia Santos;+33 156737307
Sofia Martins;+39 978504379
Sofia Martins;+43 043429674
Sofia Ferreira;+44 917610799
Sofia Santos;+33 335834114
Sofia Gonçalves;+39 870201813
Sofia Gomes;+49 463416260
Sofia Gonçalves;+41 005679254
Sofia Silva;+41 778831006
Sofia Alves;+49 915885984
Sofia Gonçalves;+351 307379177
Sofia Ferreira;+41 907372980
Sofia Pereira;+32 756584057
Sofia Alves;+33 944593836
Sofia Mendes;+33 622889963
Sofia Silva;+33 462718085
Sofia Santos;+351 008799910
Sofia Mendes;+41 757750516
