Ricardo Gonçalves;+32 080786511
Ricardo Ferreira;+49 216030447
Rui Alves;+33 085263533
Ricardo Alves;+351 591008304
Rui Ferreira;+49 405328572
Ricardo Gomes;+43 805107418
Rui Mendes;+43 355684111
Ricardo Gonçalves;+351 275838328
Rui Alves;+41 389203031
Ricardo Fernandes;+33 476232003
Rui Mendes;+33 306194683
Rui Mendes;+39 680821976
Rui Gonçalves;+39 739101300
Rui Martins;+43 350318432
Ricardo Mendes;+49 345227662
Rui Gomes;+41 685881359
Ricardo Ferreira;+41 604173477
Ricardo Alves;+49 965307774
Ricardo Santos;+33 628255125
Ricardo Gonçalves;+39 128504229
Ricardo Mendes;+44 561451847
Rui Ferreira;+32 466199789
Ricardo Mendes;+49 905804246
Rui Gomes;+49 126108577
Rui Gonçalves;+32 474858707
Ricardo Alves;+351 559943066
Ricardo Fernandes;+49 331694335
Ricardo Santos;+39 707108412
Ricardo Fernandes;+351 089354219
Ricardo Gonçalves;+49 797911918
Rui Martins;+33 211486198
Rui Fernandes;+41 886929152
Ricardo Mendes;+43 007156258
Ricardo Santos;+39 151467805
Ricardo Pereira;+351 152461202
Ricardo Gonçalves;+351 538864437
Rui Santos;+43 637979818
Ricardo Silva;+351 133137651
Rui Gomes;+33 242345436
Ricardo Gonçalves;+39 627307776
Ricardo Mendes;+33 159838288
Rui Martins;+39 814068341
Ricardo Pereira;+49 902633627
Ricardo Ferreira;+44 549160099
Ricardo Ferreira;+39 416943250
Ricardo Martins;+44 534505273
Rui Pereira;+44 285898114
Ricardo Gonçalves;+41 141737467
Ricardo Gomes;+33 225708485
Rui Alves;+41 386218889
Ricardo Santos;+39 741064216
Rui Gomes;+32 276483228
Rui Gonçalves;+33 963100293
Ricardo Gonçalves;+49 550102769
Ricardo Martins;+41 035567402
Rui Alves;+33 335713206
Rui Santos;+43 090966068
Rui Ferreira;+49 626129546
Rui Ferreira;+32 092758311
Ricardo Gomes;+33 213680453
Ricardo Ferreira;+32 338595745
Rui Martins;+32 973247832
Rui Fernandes;+43 169430227
Rui Pereira;+44 965850406
Ricardo Mendes;+44 502938949
Ricardo Gonçalves;+44 800026964
Rui Silva;+49 776185949
Rui Alves;+44 079967146
Rui Ferreira;+351 762151120
Rui Ferreira;+351 218571754
Ricardo Gonçalves;+32 495409432
Rui Ferreira;+43 581173547
Ricardo Silva;+41 971550666
Ricardo Ferreira;+39 347262580
Ricardo Ferreira;+49 780136745
Ricardo Gomes;+41 571797232
Ricardo Gonçalves;+33 757344621
Ricardo Alves;+41 385330285
Ricardo Santos;+32 664189368
Rui Santos;+33 207043658
Ricardo Ferreira;+32 421711660
Rui Gomes;+44 745885172
Ricardo Gomes;+43 085669646
Rui Gonçalves;+44 856323078
Rui Ferreira;+41 748670226
Rui Gomes;+43 928030074
Ricardo Ferreira;+49 169351461
Ricardo Pereira;+351 006927912
Ricardo Mendes;+49 038365499
Rui Gomes;+351 539219413
Rui Alves;+351 169965300
Rui Santos;+32 016113948
Rui Gomes;+351 056830838
Rui Santos;+44 424274348
Ricardo Gonçalves;+43 362806476
Ricardo Ferreira;+39 120483237
Ricardo Gomes;+49 867248100
Rui Pereira;+39 581803223
Rui Pereira;+43 835564459
Rui Fernandes;+351 778455482
