Ana Gomes;+49 770738767
Ana Pereira;+43 925288449
Ana Ferreira;+32 780565148
Ana Gonçalves;+39 395615989
Ana Pereira;+33 390613359
Ana Fernandes;+43 620149697
Ana Pereira;+49 583568564
Ana Gomes;+33 534788092
Ana Mendes;+39 788535840
Ana Santos;+39 188277339
Ana Fernandes;+49 451353706
Ana Silva;+41 202669961
Ana Pereira;+33 022564162
Ana Martins;+44 233108542
Ana Silva;+44 390745990
Ana Gomes;+33 238955911
Ana Gomes;+49 927507619
Ana Silva;+32 412117425
Ana Gonçalves;+32 230841609
Ana Fernandes;+41 945792344
Ana Fernandes;+351 182154064
Ana Pereira;+351 255069299
Ana Ferreira;+49 830926332
Ana Silva;+33 338154691
Ana Ferreira;+351 820918986
Ana Martins;+49 822800411
Ana Ferreira;+351 807005534
Ana Pereira;+49 810348328
Ana Alves;+33 500737745
Ana Alves;+41 281076718
Ana Ferreira;+41 693258650
Ana Pereira;+39 627146383
Ana Mendes;+32 689264970
Ana Alves;+351 853305135
Ana Santos;+351 379135538
Ana Gomes;+41 728503391
Ana Santos;+43 003733255
Ana Alves;+39 395436457
Ana Martins;+32 657488157
Ana Martins;+351 622645451
Ana Alves;+351 195166600
Ana Gomes;+39 912911011
Ana Silva;+39 089847973
Ana Gonçalves;+32 468225036
Ana Mendes;+32 881538257
Ana Pereira;+43 246112396
Ana Gonçalves;+33 485622964
Ana Fernandes;+49 679643223
Ana Gomes;+351 748161538
Ana Santos;+41 132305652
Ana Ferreira;+43 316510756
Ana Ferreira;+49 922353116
Ana Gonçalves;+32 157889332
Ana Alves;+351 206476497
Ana Gomes;+43 685826498
Ana Pereira;+49 834142337
Ana Alves;+39 792896294
Ana Gonçalves;+33 086503728
Ana Mendes;+39 083697710
Ana Ferreira;+351 281358862
Ana Gomes;+39 322948159
Ana Ferreira;+33 337190671
Ana Fernandes;+49 492245601
Ana Martins;+43 100070116
Ana Silva;+32 565584330
Ana Gomes;+39 114783070
Ana Silva;+44 841003833
Ana Martins;+49 846655044
Ana Mendes;+43 708104045
Ana Fernandes;+39 472659263
Ana Santos;+33 267893111
Ana Gomes;+41 076026075
Ana Silva;+43 673348562
Ana Gomes;+41 370060372
Ana Ferreira;+49 112997445
Ana Santos;+351 243872415
Ana Ferreira;+32 677968220
Ana Martins;+33 125147703
Ana Pereira;+32 010000261
Ana Martins;+39 896485080
Ana Gomes;+39 565913359
Ana Ferreira;+49 426398899
Ana Alves;+351 877666276
Ana Ferreira;+39 493316192
Ana Mendes;+39 360483728
Ana Ferreira;+33 502156696
Ana Santos;+351 223343871
Ana Gomes;+351 830652595
Ana Martins;+39 451791791
Ana Silva;+33 006546465
Ana Mendes;+32 569310083
Ana Martins;+49 435151200
Ana Santos;+44 801779147
Ana Mendes;+32 241849616
Ana Alves;+44 779135325
Ana Fernandes;+44 915409431
Ana Santos;+41 124565455
Ana Mendes;+351 950965219
Ana Fernandes;+49 398999717
Ana Alves;+351 044652883
