Carlos Mendes;+351 820214858
Carlos Silva;+41 808835721
Catarina Gonçalves;+49 506696539
Catarina Pereira;+49 184811491
Catarina Fernandes;+32 222924139
Carlos Gomes;+49 922491945
Carlos Mendes;+33 105556212
Carlos Silva;+33 147183612
Catarina Ferreira;+41 495100298
Catarina Silva;+49 034889078
Carlos Mendes;+44 074076484
Catarina Martins;+32 876496543
Catarina Gomes;+39 341334445
Carlos Gomes;+43 539027048
Catarina Mendes;+44 652627170
Catarina Gonçalves;+41 331619890
Catarina Mendes;+49 881448861
Catarina Silva;+44 702100332
Catarina Santos;+32 967061217
Catarina Gomes;+32 290606981
Catarina Ferreira;+43 853216771
Catarina Ferreira;+33 702820463
Catarina Ferreira;+33 763206298
Carlos Mendes;+39 135681623
Carlos Ferreira;+39 695088149
Catarina Mendes;+49 242724078
Catarina Fernandes;+49 444156190
Catarina Mendes;+43 361700429
Catarina Gonçalves;+43 006582665
Carlos Gomes;+43 322487314
Carlos Martins;+43 593825682
Carlos Silva;+351 724497487
Catarina Ferreira;+33 871914864
Catarina Alves;+351 424908511
Carlos Silva;+44 580459713
Carlos Alves;+351 297391867
Catarina Gomes;+33 756381241
Carlos Gomes;+32 077197310
Catarina Gomes;+351 937196422
Carlos Fernandes;+41 716605328
Carlos Martins;+39 535093365
Catarina Martins;+41 466762050
Catarina Martins;+43 409191669
Catarina Ferreira;+41 412721506
Catarina Silva;+32 334231803
Catarina Ferreira;+43 088296656
Carlos Martins;+44 553589213
Carlos Gomes;+44 762549847
Carlos Ferreira;+41 155680941
Carlos Fernandes;+43 325199637
Catarina Ferreira;+33 573772095
Catarina Silva;+41 108447280
Catarina Pereira;+39 956693258
Carlos Gonçalves;+33 125677652
Carlos Martins;+41 432293596
Carlos Gonçalves;+39 990112056
Catarina Gomes;+41 834944910
Catarina Martins;+49 416375453
Catarina Santos;+44 650881073
Carlos Santos;+39 039894428
Carlos Silva;+39 954751030
Catarina Santos;+44 024370928
Catarina Mendes;+39 089801105
Carlos Gonçalves;+32 674309458
Carlos Martins;+41 936884012
Catarina Santos;+33 352021391
Carlos Mendes;+33 794315776
Carlos Martins;+43 249343143
Catarina Fernandes;+49 769335757
Carlos Gonçalves;+43 959576496
Catarina Mendes;+41 400835978
Catarina Mendes;+44 490418096
Carlos Mendes;+33 882746131
Carlos Fernandes;+43 160209638
Carlos Mendes;+32 262859074
Carlos Mendes;+39 592288710
Carlos Martins;+32 792154815
Carlos Gonçalves;+32 969469819
Carlos Gomes;+39 510343990
Carlos Gomes;+351 524284280
Catarina Gomes;+351 651775132
Catarina Silva;+39 494385682
Carlos Fernandes;+33 774321096
Carlos Martins;+33 668141153
Carlos Gonçalves;+49 087984297
Carlos Gomes;+44 806604679
Catarina Alves;+49 220422622
Catarina Silva;+41 356826875
Catarina Alves;+39 092219652
Carlos Pereira;+32 705837812
Carlos Pereira;+32 924065709
Carlos Santos;+41 128403952
Catarina Silva;+49 583167514
Catarina Mendes;+44 637307303
Catarina Pereira;+41 480688591
Carlos Silva;+39 954300146
Carlos Martins;+39 108194332
Carlos Pereira;+351 394381948
Carlos Pereira;+49 761312303
Carlos Mendes;+32 385462751
