Ana Gonçalves;+33 362643994
Ana Gonçalves;+39 630585315
Ana Ferreira;+32 469174138
Ana Martins;+49 996574987
Ana Ferreira;+44 113294729
Ana Gomes;+33 522111046
Ana Alves;+33 315321164
Ana Martins;+43 330870044
Ana Pereira;+41 636572942
Ana Gomes;+41 596583093
Ana Santos;+44 807382197
Ana Silva;+351 935192549
Ana Ferreira;+32 029938677
Ana Alves;+39 749912572
Ana Martins;+33 385704405
Ana Gomes;+33 641334070
Ana Alves;+49 218178775
Ana Fernandes;+32 418999735
Ana Alves;+44 380892342
Ana Mendes;+44 939928568
Ana Fernandes;+49 731426040
Ana Fernandes;+41 018701754
Ana Martins;+44 922710532
Ana Silva;+41 701791581
Ana Fernandes;+44 202041623
Ana Martins;+351 347612954
Ana Santos;+33 940974967
Ana Ferreira;+44 901726240
Ana Alves;+44 456233441
Ana Santos;+41 634519810
Ana Pereira;+44 393369018
Ana Mendes;+43 071799142
Ana Santos;+49 187693816
Ana Gomes;+49 463228270
Ana Santos;+44 555881565
Ana Alves;+32 243924599
Ana Santos;+39 114899389
Ana Gomes;+41 469995336
Ana Mendes;+351 345444223
Ana Pereira;+33 450250200
Ana Gonçalves;+49 415492576
Ana Ferreira;+44 168949169
Ana Gomes;+32 912120739
Ana Pereira;+351 606804142
Ana Mendes;+44 829847609
Ana Gomes;+44 681522816
Ana Santos;+39 501499372
Ana Alves;+32 595170306
Ana Gonçalves;+351 412254300
Ana Gomes;+33 516698331
Ana Fernandes;+351 296636615
Ana Martins;+49 861270551
Ana Gonçalves;+43 002828657
Ana Fernandes;+44 363975131
Ana Pereira;+41 558295755
Ana Gonçalves;+49 696297831
Ana Gonçalves;+32 790078596
Ana Alves;+41 122168960
Ana Fernandes;+39 840592597
Ana Gomes;+44 277733481
Ana Gonçalves;+44 967107544
Ana Gomes;+351 907460642
Ana Santos;+39 359673255
Ana Mendes;+39 147453002
Ana Silva;+351 481705466
Ana Gomes;+32 965853771
Ana Mendes;+41 598637020
Ana Alves;+39 279467120
Ana Fernandes;+33 396440514
Ana Gomes;+44 000005673
Ana Alves;+44 941075502
Ana Gomes;+49 142644114
Ana Silva;+33 218372323
Ana Ferreira;+351 532806009
Ana Fernandes;+41 930998372
Ana Mendes;+44 166000898
Ana Mendes;+351 164321743
Ana Mendes;+351 083952402
Ana Gomes;+33 941676678
Ana Silva;+43 714452183
Ana Mendes;+32 574031217
Ana Alves;+32 217612444
Ana Pereira;+41 548766956
Ana Mendes;+41 332657522
Ana Santos;+33 388708891
Ana Pereira;+44 137800295
Ana Gomes;+33 248816114
Ana Silva;+32 011830645
Ana Ferreira;+44 593415027
Ana Martins;+43 191314842
Ana Santos;+44 528452407
Ana Ferreira;+33 766269996
Ana Pereira;+33 358545480
Ana Gonçalves;+351 145587711
Ana Alves;+41 594234448
Ana Fernandes;+41 942279600
Ana Mendes;+44 957637754
Ana Mendes;+351 229788374
Ana Ferreira;+49 922561845
Ana Santos;+43 943252365
