Sofia Pereira;+33 594222948
Sofia Gomes;+33 843275045
Sofia Fernandes;+32 508381762
Sofia Silva;+49 945241532
Sofia Silva;+49 881086785
Sofia Pereira;+49 940049432
Sofia Fernandes;+44 702158599
Sofia Gomes;+44 163579198
Sofia Gonçalves;+33 087597889
Sofia Santos;+33 380393618
Sofia Fernandes;+32 412005704
Sofia Gonçalves;+39 968363747
Sofia Martins;+43 348501078
Sofia Pereira;+44 966421075
Sofia Fernandes;+39 675147257
Sofia Alves;+33 105331379
Sofia Silva;+33 230225049
Sofia Mendes;+39 239939969
Sofia Santos;+41 926503143
Sofia Gonçalves;+44 756770216
Sofia Gomes;+44 552664751
Sofia Ferreira;+49 359886133
Sofia Ferreira;+43 183869772
Sofia Fernandes;+43 458660197
Sofia Santos;+43 740321822
Sofia Mendes;+49 312246124
Sofia Gomes;+44 744816774
Sofia Ferreira;+43 657806370
Sofia Pereira;+41 867985985
Sofia Pereira;+43 907939078
Sofia Martins;+49 991292048
Sofia Ferreira;+49 883514153
Sofia Santos;+43 010312587
Sofia Mendes;+32 163655299
Sofia Fernandes;+44 916161881
Sofia Martins;+32 149413854
Sofia Silva;+351 196192817
Sofia Mendes;+351 462164593
Sofia Santos;+43 486679620
Sofia Ferreira;+351 898664328
Sofia Alves;+41 202412905
Sofia Gomes;+39 916475643
Sofia Gomes;+44 107019934
Sofia Silva;+41 698150711
Sofia Silva;+44 168587440
Sofia Fernandes;+43 946747323
Sofia Martins;+49 341691924
Sofia Fernandes;+351 286654698
Sofia Alves;+44 663452385
Sofia Gonçalves;+39 404445401
Sofia Gomes;+33 316123787
Sofia Fernandes;+49 935588624
Sofia Ferreira;+351 227547742
Sofia Santos;+49 910602536
Sofia Alves;+39 049585301
Sofia Santos;+41 865173498
Sofia Fernandes;+351 190916292
Sofia Mendes;+351 454280785
Sofia Ferreira;+44 276989698
Sofia Pereira;+49 643207586
Sofia Santos;+41 925387637
Sofia Silva;+43 664779098
Sofia Gomes;+351 762450855
Sofia Martins;+32 791671606
Sofia Fernandes;+41 436185287
Sofia Gonçalves;+44 620090525
Sofia Gonçalves;+44 000436349
Sofia Silva;+41 221440246
Sofia Martins;+41 722774707
Sofia Fernandes;+43 857583413
Sofia Mendes;+43 740350411
Sofia Alves;+44 286746033
Sofia Gonçalves;+33 756418233
Sofia Santos;+49 774187054
Sofia Silva;+33 721496402
Sofia Gonçalves;+32 517494785
Sofia Ferreira;+43 799999174
Sofia Alves;+351 602165133
Sofia Silva;+39 687201402
Sofia Silva;+41 240578404
Sofia Pereira;+41 403525758
Sofia Santos;+44 765618024
Sofia Pereira;+39 993501437
Sofia Santos;+44 650652963
Sofia Pereira;+39 457161949
Sofia Ferreira;+43 807911837
Sofia Martins;+44 091145705
Sofia Gonçalves;+39 168503220
Sofia Silva;+32 126834076
Sofia Gomes;+33 290489200
Sofia Silva;+351 931984510
Sofia Gomes;+49 432375451
Sofia Mendes;+351 928265006
Sofia Alves;+49 453561168
Sofia Alves;+49 072062165
Sofia Alves;+32 954282050
Sofia Gonçalves;+44 181919908
Sofia Mendes;+33 254511031
Sofia Gomes;+351 474556772
Sofia Ferreira;+44 629687570
