Sofia Pereira;+49 603110215
Sofia Silva;+351 712338152
Sofia Ferreira;+39 828897559
Sofia Gomes;+32 279481150
Sofia Alves;+33 650480867
Sofia Mendes;+33 535198608
Sofia Gomes;+32 430154040
Sofia Martins;+39 895609670
Sofia Martins;+351 292452363
Sofia Gomes;+33 118093966
Sofia Silva;+32 386656296
Sofia Silva;+43 506488665
Sofia Martins;+44 500605034
Sofia Silva;+351 879330135
Sofia Silva;+43 159988806
Sofia Gonçalves;+351 741985793
Sofia Gonçalves;+49 624228982
Sofia Ferreira;+49 722607219
Sofia Santos;+41 545617957
Sofia Santos;+32 325488580
Sofia Gonçalves;+43 588049707
Sofia Gomes;+39 651424291
Sofia Ferreira;+32 524354171
Sofia Gonçalves;+49 811116433
Sofia Santos;+351 324877302
Sofia Alves;+39 559545890
Sofia Gonçalves;+44 389824304
Sofia Alves;+351 934183222
Sofia Martins;+351 657428282
Sofia Pereira;+33 166762032
Sofia Pereira;+43 137218379
Sofia Fernandes;+351 311406095
Sofia Martins;+49 032242431
Sofia Gomes;+351 332075341
Sofia Ferreira;+33 268842324
Sofia Silva;+351 300159956
Sofia Pereira;+351 323688492
Sofia Alves;+49 086865960
Sofia Santos;+43 520449473
Sofia Mendes;+32 475825512
Sofia Martins;+33 266262005
Sofia Gonçalves;+351 982228024
Sofia Gonçalves;+33 082175134
Sofia Ferreira;+33 234703452
Sofia Pereira;+33 286420472
Sofia Santos;+41 891381008
Sofia Mendes;+33 525189452
Sofia Ferreira;+41 478415977
Sofia Santos;+43 254559453
Sofia Mendes;+39 771686245
Sofia Martins;+39 790052009
Sofia Fernandes;+41 824070989
Sofia Mendes;+41 628880117
Sofia Pereira;+44 433892482
Sofia Alves;+33 764470018
Sofia Pereira;+41 412217174
Sofia Pereira;+41 886167458
Sofia Fernandes;+43 308202284
Sofia Gonçalves;+49 462041281
Sofia Silva;+49 160267968
Sofia Alves;+32 282859875
Sofia Martins;+43 390241200
Sofia Alves;+39 704794510
Sofia Silva;+41 978229231
Sofia Ferreira;+33 535379054
Sofia Gonçalves;+32 790204422
Sofia Fernandes;+32 645019554
Sofia Silva;+49 425028670
Sofia Gomes;+39 019854756
Sofia Alves;+39 549475714
Sofia Gomes;+44 055416549
Sofia Silva;+41 639213665
Sofia Gomes;+41 204482904
Sofia Gonçalves;+351 824001511
Sofia Mendes;+43 680388299
Sofia Martins;+44 881321646
Sofia Martins;+41 267270504
Sofia Mendes;+33 360582386
Sofia Silva;+43 411227430
Sofia Alves;+32 766112920
Sofia Santos;+39 875692442
Sofia Silva;+39 379538664
Sofia Fernandes;+41 266938450
Sofia Mendes;+41 517188785
Sofia Ferreira;+33 373453478
Sofia Silva;+32 422619414
Sofia Santos;+41 159835040
Sofia Alves;+49 760191314
Sofia Mendes;+33 972884862
Sofia Mendes;+351 094302270
Sofia Gomes;+32 563144147
Sofia Gonçalves;+49 502844192
Sofia Mendes;+351 036662224
Sofia Gomes;+44 423114981
Sofia Silva;+39 589279707
Sofia Mendes;+41 209741818
Sofia Mendes;+49 688238868
Sofia Ferreira;+32 890226029
Sofia Silva;+39 889942663
Sofia Alves;+32 506751848
