Ana Martins;+32 718607971
Ana Pereira;+32 339955644
Ana Alves;+39 064924732
Ana Gonçalves;+41 413028942
Ana Mendes;+41 532710991
Ana Gomes;+49 747985564
Ana Martins;+49 413463893
Ana Gomes;+351 866189581
Ana Pereira;+39 759472009
Ana Gonçalves;+44 377691051
Ana Alves;+44 315630672
Ana Silva;+43 934046636
Ana Fernandes;+32 101553677
Ana Silva;+39 579125040
Ana Gomes;+33 908370053
Ana Santos;+351 894376005
Ana Alves;+32 866846942
Ana Mendes;+39 811888092
Ana Fernandes;+33 800458827
Ana Pereira;+44 377663129
Ana Mendes;+43 280985893
Ana Alves;+41 368938455
Ana Gonçalves;+44 582528897
Ana Pereira;+351 888036241
Ana Alves;+41 997542125
Ana Mendes;+41 382905699
Ana Martins;+32 845080073
Ana Mendes;+351 255047621
Ana Pereira;+39 921719897
Ana Fernandes;+49 356520885
Ana Fernandes;+39 681397878
Ana Ferreira;+41 271944689
Ana Pereira;+44 920008215
Ana Gomes;+32 652875242
Ana Gonçalves;+44 408261210
Ana Alves;+44 668640573
Ana Santos;+33 693906947
Ana Silva;+351 255556926
Ana Silva;+351 289686179
Ana Alves;+33 701987972
Ana Mendes;+49 248111867
Ana Martins;+32 036305152
Ana Pereira;+33 929755530
Ana Silva;+44 295894816
Ana Santos;+43 844852518
Ana Mendes;+43 446681923
Ana Alves;+351 809724970
Ana Gonçalves;+41 726116403
Ana Gonçalves;+49 727199178
Ana Ferreira;+32 792844663
Ana Pereira;+41 075275399
Ana Alves;+32 248965233
Ana Gonçalves;+49 993180089
Ana Fernandes;+43 354645456
Ana Pereira;+43 622469501
Ana Fernandes;+43 563216301
Ana Gomes;+49 824296165
Ana Mendes;+49 266228204
Ana Fernandes;+44 364628360
Ana Mendes;+32 116856550
Ana Alves;+32 022340587
Ana Gonçalves;+49 219075481
Ana Fernandes;+43 747594170
Ana Mendes;+33 486950872
Ana Silva;+33 329356404
Ana Silva;+44 157501847
Ana Santos;+41 811666764
Ana Mendes;+44 825679716
Ana Fernandes;+43 372887372
Ana Pereira;+32 593201297
Ana Ferreira;+39 222257073
Ana Alves;+351 873352082
Ana Santos;+351 160494938
Ana Silva;+44 965014728
Ana Mendes;+33 471496685
Ana Santos;+32 424471155
Ana Ferreira;+39 716061003
Ana Alves;+32 091371947
Ana Santos;+351 994028909
Ana Alves;+351 863768863
Ana Gonçalves;+351 699855099
Ana Ferreira;+49 422979810
Ana Fernandes;+44 034800687
Ana Ferreira;+44 448374349
Ana Silva;+41 582832242
Ana Santos;+32 129196132
Ana Mendes;+44 043365388
Ana Ferreira;+39 507710024
Ana Mendes;+43 965210760
Ana Ferreira;+351 986488023
Ana Ferreira;+43 643677489
Ana Silva;+33 836404262
Ana Martins;+33 979437555
Ana Gomes;+39 589227630
Ana Gomes;+39 335161956
Ana Pereira;+32 135987261
Ana Mendes;+41 969049492
Ana Gomes;+41 628646977
Ana Martins;+41 655788206
Ana Gonçalves;+43 332935512
