Catarina Gonçalves;+49 331739079
Catarina Gonçalves;+39 621539633
Carlos Martins;+43 286097737
Carlos Mendes;+32 639297814
Catarina Ferreira;+43 408859359
Carlos Fernandes;+33 644524504
Catarina Mendes;+49 365723586
Carlos Ferreira;+33 888635110
Catarina Fernandes;+32 521014030
Catarina Silva;+32 079379750
Carlos Silva;+41 651661547
Catarina Silva;+49 370777569
Catarina Santos;+43 825959208
Carlos Alves;+39 586623087
Catarina Mendes;+43 091307528
Carlos Alves;+32 820912082
Catarina Santos;+41 580284789
Carlos Alves;+32 961331987
Carlos Silva;+33 180990578
Catarina Santos;+32 812015022
Carlos Fernandes;+351 369352012
Carlos Fernandes;+32 003799171
Catarina Fernandes;+351 778818714
Carlos Gonçalves;+41 512713185
Catarina Martins;+39 780147014
Catarina Alves;+32 550582063
Catarina Gonçalves;+351 233367750
Carlos Pereira;+39 508882298
Catarina Fernandes;+32 503525191
Catarina Fernandes;+32 027199435
Carlos Santos;+44 882126705
Carlos Ferreira;+33 297102729
Carlos Gomes;+49 550559202
Carlos Silva;+41 637688516
Carlos Ferreira;+43 559618238
Catarina Silva;+39 292897716
Catarina Ferreira;+33 758680487
Catarina Mendes;+32 248029330
Catarina Silva;+49 307293779
Carlos Ferreira;+49 669042685
Catarina Silva;+39 136695830
Carlos Santos;+41 100307835
Catarina Gomes;+44 093038245
Catarina Gomes;+43 003144534
Catarina Pereira;+33 527710757
Carlos Alves;+41 762720022
Carlos Fernandes;+43 778019304
Carlos Santos;+43 207329419
Carlos Mendes;+49 702768536
Carlos Ferreira;+39 259688244
Catarina Martins;+39 488129766
Carlos Fernandes;+33 628009797
Catarina Fernandes;+44 959473172
Carlos Mendes;+41 555621877
Carlos Pereira;+351 421910919
Carlos Pereira;+32 082325588
Carlos Gonçalves;+49 168649657
Carlos Gonçalves;+43 707497503
Catarina Silva;+33 433098772
Catarina Santos;+33 385521859
Carlos Gomes;+39 445957416
Catarina Alves;+49 444157031
Carlos Ferreira;+49 906787129
Carlos Alves;+351 193894358
Catarina Martins;+49 411353098
Catarina Silva;+33 581494207
Carlos Pereira;+41 871868600
Carlos Fernandes;+43 535483877
Catarina Alves;+351 723913055
Carlos Mendes;+49 484456658
Catarina Pereira;+33 138555614
Catarina Pereira;+33 304876691
Carlos Gonçalves;+351 848711158
Carlos Pereira;+41 445982079
Catarina Ferreira;+49 688575631
Carlos Pereira;+49 349847430
Carlos Gonçalves;+33 498869654
Carlos Alves;+39 718214512
Carlos Alves;+44 801743091
Catarina Alves;+43 626908012
Catarina Mendes;+44 004267620
Catarina Mendes;+33 700146343
Carlos Pereira;+32 119232245
Carlos Ferreira;+33 462358722
Catarina Gonçalves;+33 529291380
Carlos Gonçalves;+43 478871362
Catarina Alves;+33 443300504
Carlos Ferreira;+49 741268132
Catarina Alves;+32 036438002
Carlos Alves;+33 046409397
Catarina Gomes;+41 785225859
Carlos Fernandes;+44 151142057
Carlos Silva;+41 257460295
Carlos Fernandes;+32 975984699
Catarina Santos;+32 869743249
Catarina Santos;+43 963047746
Carlos Alves;+41 025029716
Catarina Pereira;+49 723000195
Carlos Fernandes;+351 500388195
Catarina Martins;+44 797116855
