Catarina Alves;+41 171154100
Carlos Gonçalves;+41 432560590
Catarina Gomes;+49 264715059
Carlos Pereira;+43 378392047
Carlos Pereira;+39 393897422
Carlos Martins;+49 576524908
Carlos Ferreira;+43 369051926
Carlos Ferreira;+39 928179253
Carlos Martins;+39 053759958
Catarina Martins;+49 009224685
Catarina Gomes;+44 730531424
Catarina Gomes;+351 879964248
Carlos Alves;+32 039047491
Catarina Pereira;+32 920923987
Catarina Silva;+43 417444976
Carlos Mendes;+49 200662855
Catarina Ferreira;+49 536546096
Catarina Pereira;+39 221113032
Carlos Silva;+44 826657120
Catarina Alves;+41 237351160
Carlos Fernandes;+41 115373867
Carlos Silva;+49 566552562
Catarina Ferreira;+44 905721916
Carlos Alves;+33 933981050
Catarina Mendes;+43 616401534
Carlos Pereira;+39 621401114
Carlos Silva;+41 004571485
Carlos Silva;+39 133256815
Carlos Ferreira;+49 799433757
Catarina Santos;+41 608561249
Carlos Pereira;+33 961674549
Carlos Silva;+33 775656511
Catarina Gomes;+43 504536341
Catarina Ferreira;+49 190043818
Carlos Gomes;+32 426449085
Catarina Silva;+33 700137170
Carlos Mendes;+32 581660966
Carlos Alves;+351 601125659
Carlos Fernandes;+351 296568534
Catarina Ferreira;+32 931375147
Catarina Gonçalves;+41 439613129
Carlos Martins;+43 839066686
Carlos Santos;+43 115208982
Carlos Fernandes;+41 111967895
Carlos Silva;+32 994308829
Carlos Mendes;+44 286309366
Catarina Santos;+33 018229690
Carlos Mendes;+39 504754627
Catarina Fernandes;+33 693539355
Carlos Alves;+44 649267615
Catarina Ferreira;+33 296302893
Catarina Martins;+44 797430937
Catarina Mendes;+33 175377400
Catarina Mendes;+351 301745351
Catarina Alves;+32 834503834
Carlos Ferreira;+39 964737907
Carlos Silva;+33 419062981
Carlos Fernandes;+33 413849489
Catarina Mendes;+39 876117569
Carlos Silva;+39 300985800
Carlos Pereira;+32 305997467
Catarina Santos;+351 685287674
Catarina Martins;+43 612537456
Catarina Ferreira;+43 367960970
Carlos Ferreira;+41 649196115
Carlos Martins;+44 607881686
Carlos Gomes;+43 636359208
Carlos Ferreira;+33 515254279
Carlos Gomes;+49 532242516
Catarina Mendes;+43 091277146
Carlos Ferreira;+41 205009537
Catarina Gonçalves;+49 751995095
Catarina Ferreira;+33 039545182
Carlos Mendes;+39 917902297
Catarina Ferreira;+41 444106962
Carlos Ferreira;+44 097774854
Catarina Ferreira;+351 008300391
Catarina Gomes;+32 864663842
Carlos Ferreira;+41 706837912
Catarina Silva;+39 954016887
Carlos Santos;+41 340849812
Carlos Silva;+49 218023019
Catarina Silva;+33 983490078
Catarina Martins;+41 827191383
Catarina Gomes;+41 210303706
Catarina Silva;+49 744389122
Catarina Gomes;+32 570979836
Catarina Mendes;+33 446606154
Catarina Alves;+44 964865867
Catarina Gomes;+351 347745900
Carlos Santos;+33 460860140
Catarina Silva;+44 699494809
Catarina Gomes;+32 276624528
Catarina Fernandes;+49 532681027
Carlos Martins;+32 039050591
Catarina Gomes;+32 450793240
Catarina Pereira;+32 423298968
Catarina Pereira;+32 358054899
Catarina Mendes;+43 160979862
Carlos Silva;+33 227845882
