Ana Santos;+44 755876907
Ana Gonçalves;+39 755146873
Ana Gomes;+41 658229919
Ana Martins;+39 964758380
Ana Gonçalves;+39 729188654
Ana Pereira;+351 374259623
Ana Gonçalves;+351 303086000
Ana Fernandes;+32 764206275
Ana Mendes;+41 226837960
Ana Gomes;+39 656571115
Ana Alves;+43 448475809
Ana Gomes;+33 272282880
Ana Alves;+43 900116277
Ana Gonçalves;+33 302062674
Ana Pereira;+351 766614732
Ana Ferreira;+33 430565890
Ana Mendes;+41 031073382
Ana Pereira;+49 173227935
Ana Mendes;+44 138103845
Ana Santos;+33 663676405
Ana Fernandes;+39 148793128
Ana Martins;+351 136193246
Ana Santos;+32 459803416
Ana Santos;+43 432109108
Ana Pereira;+351 935093898
Ana Fernandes;+49 534302113
Ana Mendes;+39 455633462
Ana Fernandes;+351 704171948
Ana Gomes;+41 650905603
Ana Gonçalves;+41 114631163
Ana Santos;+49 441669216
Ana Gomes;+43 311167349
Ana Fernandes;+32 668398541
Ana Santos;+32 951530737
Ana Martins;+39 563723027
Ana Santos;+41 463267681
Ana Santos;+39 321577771
Ana Gomes;+39 734305971
Ana Silva;+39 433742866
Ana Fernandes;+32 500617031
Ana Pereira;+41 802551574
Ana Fernandes;+44 376080877
Ana Silva;+43 710926586
Ana Fernandes;+44 537948231
Ana Martins;+41 930867392
Ana Santos;+43 295585256
Ana Alves;+39 484814996
Ana Martins;+39 013636182
Ana Pereira;+43 022973331
Ana Martins;+49 462946390
Ana Fernandes;+49 762477063
Ana Gonçalves;+49 740057096
Ana Martins;+41 219588299
Ana Ferreira;+351 186725665
Ana Fernandes;+351 631994545
Ana Gonçalves;+49 772853668
Ana Ferreira;+39 342947727
Ana Pereira;+41 251352043
Ana Santos;+32 519423984
Ana Alves;+32 582113915
Ana Gomes;+32 201188768
Ana Fernandes;+44 956027750
Ana Pereira;+41 586502226
Ana Pereira;+33 829318884
Ana Santos;+43 572382267
Ana Alves;+33 254691732
Ana Gomes;+43 315253377
Ana Martins;+33 523864422
Ana Santos;+32 475950640
Ana Silva;+43 922031070
Ana Gomes;+33 786296574
Ana Pereira;+351 691449890
Ana Mendes;+351 498921684
Ana Mendes;+44 093381007
Ana Fernandes;+351 608634706
Ana Martins;+32 383268175
Ana Gomes;+44 522644062
Ana Silva;+44 640910296
Ana Mendes;+351 098371092
Ana Ferreira;+43 267928586
Ana Mendes;+41 130663774
Ana Alves;+44 673880799
Ana Santos;+32 159740841
Ana Gomes;+33 540973186
Ana Gonçalves;+44 642517681
Ana Alves;+32 591856868
Ana Martins;+49 146493604
Ana Fernandes;+351 898079408
Ana Silva;+49 807786765
Ana Martins;+33 264324684
Ana Martins;+33 714134932
Ana Alves;+43 248733401
Ana Mendes;+351 337929067
Ana Martins;+351 819802673
Ana Pereira;+43 461987608
Ana Gonçalves;+32 051290939
Ana Alves;+49 161637765
Ana Gomes;+32 002627053
Ana Pereira;+44 864289074
Ana Santos;+33 488842343
