Carlos Martins;+351 403361557
Carlos Gomes;+43 733410384
Carlos Santos;+43 107301182
Catarina Gomes;+39 077568868
Catarina Gonçalves;+41 826411905
Carlos Silva;+49 226365898
Carlos Mendes;+43 547828707
Catarina Santos;+39 955554037
Catarina Gonçalves;+41 451385887
Carlos Santos;+32 362670432
Carlos Fernandes;+32 311837127
Carlos Alves;+39 238997735
Catarina Ferreira;+39 898916696
Catarina Santos;+39 080113986
Catarina Pereira;+41 215606706
Carlos Gonçalves;+43 193580589
Carlos Fernandes;+33 435609025
Carlos Mendes;+33 846842475
Carlos Santos;+49 855585750
Carlos Ferreira;+43 906886460
Carlos Santos;+39 446114383
Catarina Gonçalves;+351 209517571
Carlos Ferreira;+39 022702541
Catarina Santos;+32 934523595
Catarina Martins;+351 386557474
Catarina Gonçalves;+41 458627047
Carlos Pereira;+41 292422951
Catarina Fernandes;+32 015255052
Carlos Alves;+43 662440218
Carlos Martins;+44 659579233
Carlos Gonçalves;+33 676463652
Catarina Alves;+33 843139075
Catarina Gonçalves;+33 374677577
Catarina Silva;+43 798672872
Catarina Gonçalves;+33 829137467
Carlos Fernandes;+44 743609190
Carlos Silva;+44 769117852
Catarina Silva;+41 041906280
Catarina Santos;+41 679843601
Catarina Mendes;+41 756194356
Carlos Gomes;+41 988848126
Carlos Silva;+43 427019784
Catarina Santos;+39 086433247
Catarina Ferreira;+33 481029752
Carlos Martins;+351 289290815
Carlos Mendes;+33 804249412
Carlos Pereira;+43 503225030
Carlos Mendes;+33 606818710
Carlos Silva;+39 144906547
Catarina Martins;+41 650506654
Catarina Silva;+49 989219363
Carlos Silva;+351 901663432
Carlos Mendes;+32 087888499
Catarina Santos;+33 449967500
Carlos Martins;+33 680921743
Carlos Silva;+351 160949118
Carlos Pereira;+41 747350055
Catarina Silva;+49 972973165
Catarina Ferreira;+44 631757275
Catarina Silva;+32 912260040
Carlos Mendes;+41 880691754
Carlos Mendes;+351 352347671
Carlos Pereira;+39 500620595
Catarina Gonçalves;+44 505697122
Catarina Pereira;+33 696212610
Catarina Gomes;+44 062787200
Carlos Fernandes;+41 665307110
Carlos Pereira;+44 226879748
Carlos Martins;+39 081459664
Carlos Martins;+44 568833812
Catarina Fernandes;+32 583853253
Catarina Gonçalves;+32 922809169
Carlos Mendes;+351 251823900
Carlos Martins;+44 030212102
Carlos Alves;+41 456593759
Catarina Gonçalves;+33 178535475
Catarina Fernandes;+351 380418191
Carlos Santos;+351 856151818
Catarina Alves;+41 469780865
Carlos Santos;+32 827443392
Carlos Santos;+39 882854732
Carlos Gonçalves;+33 800734840
Catarina Fernandes;+32 356819332
Catarina Silva;+33 921746470
Carlos Gonçalves;+41 418230341
Catarina Gonçalves;+41 164192645
Catarina Alves;+43 765093066
Catarina Gonçalves;+43 305394507
Catarina Gomes;+32 586182862
Carlos Mendes;+44 420625685
Carlos Gonçalves;+41 291342531
Carlos Martins;+32 647291978
Carlos Santos;+32 369325947
Catarina Fernandes;+32 845531239
Carlos Martins;+33 337478462
Carlos Silva;+44 694916392
Carlos Pereira;+41 662996237
Catarina Fernandes;+33 737917734
Catarina Martins;+39 569687159
Carlos Mendes;+351 764100906
