Carlos Santos;+41 247885883
Catarina Santos;+49 029554922
Catarina Martins;+49 444940505
Catarina Alves;+49 664933353
Catarina Santos;+33 461810338
Carlos Pereira;+43 073931570
Carlos Mendes;+351 437181910
Carlos Alves;+41 886949390
Catarina Pereira;+41 990678982
Carlos Gomes;+33 550296377
Catarina Fernandes;+41 612038252
Carlos Gonçalves;+43 244027501
Carlos Mendes;+32 421977037
Carlos Santos;+41 286553569
Catarina Gomes;+44 907503497
Catarina Ferreira;+43 500718777
Carlos Mendes;+44 245651001
Carlos Gomes;+49 719218600
Carlos Santos;+32 376437119
Carlos Silva;+44 685034466
Carlos Mendes;+32 710914059
Catarina Gomes;+43 551105089
Catarina Gonçalves;+49 080325966
Catarina Pereira;+44 175589498
Carlos Gomes;+49 470068766
Carlos Gonçalves;+41 084141178
Carlos Silva;+39 229346150
Catarina Ferreira;+39 538347501
Carlos Santos;+32 777094923
Carlos Fernandes;+49 896356627
Carlos Mendes;+32 086683808
Catarina Ferreira;+49 379805760
Catarina Silva;+351 258890859
Catarina Silva;+33 683568966
Catarina Pereira;+33 839003008
Carlos Mendes;+43 847928517
Catarina Alves;+41 096415242
Carlos Fernandes;+32 240211075
Catarina Mendes;+39 652014903
Carlos Silva;+32 199277233
Catarina Alves;+32 585844603
Catarina Gonçalves;+41 650185195
Carlos Gonçalves;+43 396932726
Carlos Mendes;+41 283010347
Catarina Fernandes;+39 812826399
Carlos Martins;+351 188568303
Catarina Silva;+44 994602250
Carlos Gonçalves;+49 607378231
Carlos Santos;+39 251326805
Catarina Gomes;+33 950030411
Catarina Ferreira;+32 077105084
Carlos Fernandes;+39 233224842
Catarina Gonçalves;+44 299382378
Catarina Ferreira;+44 567030075
Carlos Silva;+44 995697934
Catarina Ferreira;+41 921311525
Catarina Silva;+49 056325090
Catarina Alves;+351 239383544
Catarina Gonçalves;+39 311235051
Catarina Alves;+351 841046692
Carlos Pereira;+44 488672236
Carlos Mendes;+351 915702646
Catarina Fernandes;+41 674926305
Catarina Alves;+351 395201010
Catarina Gomes;+32 266263136
Catarina Gonçalves;+351 804079283
Catarina Ferreira;+49 135960733
Carlos Pereira;+43 119043788
Carlos Pereira;+32 300183792
Catarina Alves;+32 631766730
Carlos Mendes;+43 205937098
Catarina Martins;+39 133360939
Carlos Fernandes;+49 399283098
Carlos Gonçalves;+44 886450144
Catarina Silva;+33 201985639
Carlos Silva;+49 129130790
Carlos Martins;+33 715857692
Catarina Silva;+49 367979730
Carlos Silva;+44 981806480
Catarina Santos;+351 148387006
Carlos Ferreira;+41 735518616
Carlos Fernandes;+39 170648993
Carlos Santos;+49 713388144
Carlos Ferreira;+39 522413589
Carlos Pereira;+44 892558103
Catarina Martins;+49 878795670
Catarina Silva;+43 347859314
Catarina Alves;+32 894049290
Catarina Santos;+39 615666423
Carlos Ferreira;+32 253339986
Carlos Alves;+49 201069013
Catarina Mendes;+33 780625693
Catarina Silva;+43 984181472
Catarina Ferreira;+32 094156678
Carlos Ferreira;+351 346615856
Catarina Pereira;+351 371598030
Catarina Ferreira;+351 541194262
Catarina Santos;+33 346644684
Carlos Gomes;+32 039274379
Catarina Fernandes;+44 276336423
