Rui Gomes;+43 835569883
Rui Ferreira;+43 879812566
Rui Gonçalves;+39 840896140
Ricardo Silva;+32 026661807
Rui Martins;+32 225831961
Rui Fernandes;+33 454335090
Ricardo Ferreira;+44 219815042
Rui Mendes;+351 948694734
Rui Gonçalves;+39 995300151
Ricardo Pereira;+43 612086731
Rui Martins;+41 945419267
Ricardo Gomes;+351 350121049
Rui Gomes;+41 038450951
Ricardo Fernandes;+32 470302953
Ricardo Gonçalves;+49 311497490
Ricardo Santos;+32 913749038
Rui Gonçalves;+39 836477823
Ricardo Gonçalves;+351 892813526
Ricardo Mendes;+32 974763972
Rui Pereira;+39 127489649
Ricardo Gomes;+49 214971839
Rui Gomes;+43 918891476
Rui Mendes;+44 266530587
Rui Silva;+43 914568478
Rui Gonçalves;+39 009850028
Rui Ferreira;+43 901153620
Rui Fernandes;+44 134043646
Rui Santos;+39 815843662
Rui Fernandes;+41 007911369
Ricardo Gonçalves;+41 931124482
Ricardo Mendes;+44 677033973
Rui Silva;+32 928117958
Rui Silva;+351 441527857
Ricardo Alves;+39 982550728
Ricardo Silva;+351 174665482
Ricardo Gonçalves;+39 830011664
Ricardo Alves;+32 048760784
Rui Mendes;+44 696318597
Ricardo Gomes;+351 018012324
Rui Alves;+33 826525841
Rui Alves;+39 386119285
Ricardo Gomes;+49 765962576
Rui Ferreira;+351 497894474
Ricardo Fernandes;+44 529078543
Ricardo Fernandes;+351 946094529
Ricardo Fernandes;+33 652346009
Rui Pereira;+43 021162850
Ricardo Martins;+33 780040974
Rui Santos;+43 214772048
Rui Gonçalves;+49 821053053
Ricardo Silva;+39 819105750
Ricardo Ferreira;+33 920875038
Rui Fernandes;+41 605062617
Ricardo Martins;+41 943491650
Rui Ferreira;+351 218219308
Ricardo Mendes;+351 124442570
Rui Alves;+39 963789020
Rui Gomes;+43 737809394
Ricardo Silva;+33 752454908
Rui Gomes;+351 728683593
Rui Ferreira;+41 891644409
Rui Alves;+32 262076124
Rui Gomes;+44 096397846
Rui Santos;+39 984655775
Rui Martins;+44 039144829
Rui Ferreira;+43 726558930
Rui Martins;+41 640192678
Ricardo Gonçalves;+49 830264727
Ricardo Gomes;+32 255183752
Ricardo Martins;+44 478819036
Rui Gomes;+351 041381938
Ricardo Gonçalves;+351 330818063
Ricardo Ferreira;+39 400929476
Rui Santos;+43 183954625
Ricardo Gomes;+41 895425666
Ricardo Pereira;+43 288495363
Rui Santos;+39 912564868
Ricardo Gomes;+41 085068382
Rui Gonçalves;+351 637599118
Ricardo Alves;+49 289098866
Ricardo Silva;+44 498392916
Ricardo Gonçalves;+43 856238117
Ricardo Gonçalves;+41 433190980
Rui Fernandes;+43 947494722
Rui Fernandes;+43 145519081
Rui Gomes;+49 126773932
Ricardo Gonçalves;+44 249330232
Rui Gonçalves;+49 484002770
Ricardo Mendes;+32 468428534
Rui Ferreira;+351 981476095
Rui Ferreira;+44 728580366
Ricardo Silva;+39 602467713
Ricardo Alves;+43 205059566
Rui Santos;+39 062808113
Rui Gomes;+49 861191429
Ricardo Santos;+49 924474995
Rui Gonçalves;+33 586428809
Rui Gomes;+44 359159692
Ricardo Alves;+32 624372470
Ricardo Silva;+351 302680925
