Carlos Silva;+351 301841483
Catarina Gomes;+33 451083153
Catarina Gomes;+351 018991211
Carlos Mendes;+41 130016187
Catarina Silva;+39 117110367
Carlos Martins;+32 377088695
Carlos Ferreira;+43 428562749
Catarina Santos;+43 953548405
Catarina Silva;+33 609089231
Catarina Gomes;+32 207312322
Catarina Martins;+33 854683519
Catarina Gomes;+44 769632939
Carlos Pereira;+32 910588075
Catarina Gonçalves;+43 759244998
Carlos Martins;+49 303417900
Carlos Silva;+49 904745621
Carlos Silva;+44 359167881
Catarina Martins;+44 996711538
Carlos Gomes;+33 583145482
Catarina Silva;+32 875167258
Carlos Santos;+32 573601195
Carlos Silva;+39 639823146
Carlos Pereira;+32 124039048
Carlos Ferreira;+41 622772171
Catarina Alves;+44 395463380
Catarina Ferreira;+43 783507879
Catarina Pereira;+39 056690337
Carlos Gonçalves;+43 044574073
Catarina Martins;+41 445697694
Catarina Gomes;+49 486940556
Catarina Silva;+49 448674238
Catarina Pereira;+41 748200530
Carlos Silva;+351 280778132
Catarina Fernandes;+41 354762924
Carlos Gonçalves;+32 622179461
Catarina Ferreira;+49 154220705
Catarina Santos;+41 740613565
Catarina Gonçalves;+43 054478714
Carlos Gomes;+32 853828699
Catarina Martins;+41 534046304
Carlos Santos;+44 548108716
Catarina Silva;+351 320318570
Carlos Gonçalves;+351 731938131
Catarina Fernandes;+32 277124950
Catarina Alves;+33 146290834
Carlos Gomes;+41 853196288
Carlos Santos;+43 303105926
Carlos Fernandes;+41 755313634
Catarina Alves;+41 742676367
Carlos Mendes;+49 536684700
Catarina Pereira;+49 208741610
Carlos Gonçalves;+33 373664186
Catarina Martins;+44 737867797
Catarina Martins;+33 964066755
Carlos Gomes;+43 533028788
Carlos Ferreira;+351 900239605
Catarina Silva;+49 032639673
Carlos Alves;+39 999149063
Catarina Fernandes;+41 098250589
Catarina Gonçalves;+43 198818771
Carlos Santos;+43 347924617
Carlos Santos;+41 847698037
Carlos Santos;+41 127655746
Catarina Gonçalves;+32 046111080
Carlos Santos;+39 265254729
Carlos Gonçalves;+43 660318626
Carlos Gonçalves;+33 892273029
Carlos Mendes;+43 355133354
Catarina Ferreira;+33 220939032
Catarina Martins;+49 758993368
Catarina Silva;+44 112576182
Catarina Gomes;+351 436054307
Carlos Fernandes;+39 681357275
Carlos Alves;+32 306008688
Catarina Silva;+33 412086868
Catarina Gonçalves;+39 886160641
Catarina Pereira;+33 453450673
Carlos Santos;+39 929828745
Catarina Pereira;+39 001528797
Catarina Ferreira;+43 241561742
Carlos Martins;+351 076777932
Catarina Pereira;+33 497400946
Catarina Martins;+44 222986785
Catarina Pereira;+39 367566815
Carlos Ferreira;+33 914155647
Catarina Fernandes;+41 771775530
Catarina Gonçalves;+32 332062042
Carlos Silva;+32 982407244
Carlos Alves;+43 640292648
Carlos Silva;+41 379260930
Carlos Mendes;+39 013569521
Catarina Martins;+41 929992810
Carlos Ferreira;+351 211953741
Catarina Santos;+43 906650252
Catarina Santos;+49 745339490
Carlos Pereira;+44 036260637
Catarina Ferreira;+32 167962816
Carlos Santos;+32 626921015
Carlos Fernandes;+43 067726678
Carlos Martins;+44 915405842
