Rui Martins;+39 351321928
Rui Mendes;+33 741187929
Ricardo Pereira;+41 411745219
Ricardo Pereira;+44 963599815
Ricardo Martins;+33 738750891
Rui Ferreira;+41 464432481
Ricardo Ferreira;+49 109960337
Ricardo Pereira;+32 866122227
Ricardo Ferreira;+32 772710000
Rui Fernandes;+32 551671794
Rui Santos;+33 054841129
Ricardo Martins;+49 239189223
Ricardo Alves;+32 336351317
Ricardo Alves;+39 872194763
Rui Gomes;+43 757847808
Ricardo Martins;+32 172898542
Ricardo Ferreira;+43 539940713
Rui Mendes;+44 471277337
Ricardo Silva;+43 575736286
Rui Ferreira;+32 542389893
Rui Santos;+43 367355756
Rui Gonçalves;+44 259207039
Rui Santos;+49 817599239
Rui Alves;+43 749569935
Ricardo Alves;+43 940159721
Ricardo Martins;+41 042370302
Ricardo Pereira;+33 820190383
Ricardo Martins;+33 058469737
Rui Santos;+41 197138441
Rui Silva;+49 729312009
Ricardo Gomes;+351 243425218
Ricardo Gonçalves;+43 029945388
Rui Santos;+43 868153503
Ricardo Martins;+49 629750321
Rui Fernandes;+41 464056681
Rui Mendes;+49 003661267
Ricardo Alves;+43 474544076
Ricardo Ferreira;+49 820222996
Rui Alves;+351 498737460
Rui Alves;+43 373095381
Ricardo Fernandes;+39 057322818
Ricardo Gonçalves;+351 800507298
Rui Mendes;+44 853579979
Ricardo Mendes;+39 435196076
Ricardo Gomes;+49 628562574
Rui Silva;+44 640540276
Rui Martins;+43 915412345
Rui Gonçalves;+44 742712405
Ricardo Mendes;+32 913140501
Ricardo Gonçalves;+41 933278652
Ricardo Santos;+33 420689778
Rui Mendes;+32 748355533
Rui Gomes;+32 398019502
Ricardo Ferreira;+32 204100731
Rui Silva;+351 994877375
Ricardo Gomes;+351 691280457
Rui Martins;+44 952362143
Rui Gomes;+351 717919823
Ricardo Fernandes;+33 626276041
Rui Santos;+49 259594050
Rui Fernandes;+49 962522659
Rui Pereira;+44 419616381
Rui Mendes;+44 793229391
Ricardo Martins;+32 304133188
Ricardo Alves;+44 917731021
Rui Silva;+32 372470692
Rui Pereira;+39 447839649
Rui Gonçalves;+351 626720845
Rui Silva;+49 510045441
Ricardo Martins;+351 797023625
Ricardo Santos;+43 313578246
Ricardo Pereira;+43 887935694
Ricardo Ferreira;+49 815670153
Rui Martins;+33 515456808
Rui Gonçalves;+33 993455988
Ricardo Gonçalves;+49 787262987
Ricardo Ferreira;+41 971172547
Ricardo Pereira;+351 486702436
Ricardo Martins;+33 989467055
Ricardo Alves;+49 274425343
Rui Gonçalves;+33 968891721
Rui Santos;+44 744994367
Rui Fernandes;+32 331814460
Ricardo Martins;+49 468262353
Rui Alves;+41 146878561
Ricardo Pereira;+43 199091344
Ricardo Santos;+33 410098825
Ricardo Santos;+43 142509307
Rui Fernandes;+39 894010680
Rui Pereira;+33 042382678
Rui Ferreira;+44 831885423
Rui Silva;+33 134151723
Rui Gonçalves;+41 197482331
Rui Mendes;+351 755893873
Rui Martins;+32 489421770
Rui Mendes;+39 578099064
Ricardo Silva;+43 141325463
Rui Gonçalves;+33 312658301
Rui Alves;+39 564437403
Ricardo Silva;+49 176124596
