Sofia Fernandes;+351 042558799
Sofia Fernandes;+32 105820745
Sofia Gonçalves;+49 851652499
Sofia Ferreira;+49 996363426
Sofia Pereira;+49 188506122
Sofia Silva;+44 331563680
Sofia Santos;+351 041848186
Sofia Ferreira;+43 981410656
Sofia Silva;+41 042918567
Sofia Fernandes;+33 451388994
Sofia Silva;+32 025824281
Sofia Pereira;+33 432538802
Sofia Gomes;+32 693893791
Sofia Gomes;+32 597724543
Sofia Silva;+351 538565554
Sofia Alves;+33 308726919
Sofia Mendes;+33 504434604
Sofia Gonçalves;+41 344745364
Sofia Alves;+32 732167077
Sofia Martins;+39 275139415
Sofia Silva;+351 414193506
Sofia Gonçalves;+43 860849282
Sofia Pereira;+33 302489317
Sofia Pereira;+39 191017395
Sofia Pereira;+41 201972486
Sofia Gomes;+49 975168429
Sofia Martins;+32 701973361
Sofia Santos;+43 252721820
Sofia Mendes;+32 236154947
Sofia Martins;+44 280356198
Sofia Gomes;+351 937298173
Sofia Santos;+44 867645980
Sofia Silva;+351 240359184
Sofia Gomes;+44 989477055
Sofia Ferreira;+39 716672011
Sofia Mendes;+43 005844203
Sofia Fernandes;+33 629076041
Sofia Mendes;+41 086900845
Sofia Gomes;+39 480435776
Sofia Ferreira;+351 921834923
Sofia Fernandes;+32 250274387
Sofia Santos;+33 212654941
Sofia Pereira;+43 667907428
Sofia Alves;+41 261197451
Sofia Silva;+41 406567814
Sofia Alves;+33 566433065
Sofia Santos;+32 502859363
Sofia Martins;+49 727790367
Sofia Gomes;+32 254070445
Sofia Santos;+43 405987760
Sofia Alves;+41 430764492
Sofia Silva;+39 594742911
Sofia Gonçalves;+32 499619732
Sofia Alves;+32 279847966
Sofia Gomes;+41 016233027
Sofia Mendes;+32 642066304
Sofia Martins;+43 314374251
Sofia Gomes;+32 736906349
Sofia Alves;+41 387200470
Sofia Martins;+351 879052352
Sofia Alves;+43 361395736
Sofia Gomes;+43 417390896
Sofia Santos;+41 165415687
Sofia Santos;+41 098532118
Sofia Mendes;+49 247375766
Sofia Martins;+43 239082513
Sofia Pereira;+33 532918094
Sofia Pereira;+39 186523886
Sofia Alves;+39 543133204
Sofia Pereira;+39 839307363
Sofia Martins;+39 027276163
Sofia Mendes;+49 816977416
Sofia Pereira;+43 535084878
Sofia Pereira;+44 166977587
Sofia Santos;+351 854577736
Sofia Alves;+351 432039815
Sofia Fernandes;+351 017734902
Sofia Gomes;+39 722820471
Sofia Gonçalves;+33 624081026
Sofia Silva;+33 899042929
Sofia Gomes;+41 404125828
Sofia Gonçalves;+41 796969749
Sofia Martins;+33 444600022
Sofia Ferreira;+49 780387823
Sofia Martins;+43 516162180
Sofia Gomes;+44 775772985
Sofia Gomes;+32 231487697
Sofia Gonçalves;+49 384332510
Sofia Alves;+351 981292027
Sofia Gomes;+43 827026459
Sofia Fernandes;+43 963149164
Sofia Mendes;+44 641135024
Sofia Gomes;+41 102498519
Sofia Gonçalves;+33 299302782
Sofia Santos;+39 492744302
Sofia Mendes;+44 906098041
Sofia Pereira;+44 320580831
Sofia Silva;+351 736638712
Sofia Fernandes;+43 638349552
Sofia Gomes;+39 258262069
