Sofia Martins;+44 483243215
Sofia Fernandes;+33 197164805
Sofia Mendes;+49 748099008
Sofia Martins;+49 651019231
Sofia Mendes;+43 067123939
Sofia Pereira;+33 925804961
Sofia Santos;+33 300015341
Sofia Gonçalves;+351 416517210
Sofia Gonçalves;+39 324907389
Sofia Gonçalves;+32 168857046
Sofia Silva;+351 707854065
Sofia Mendes;+39 600093692
Sofia Martins;+33 987887668
Sofia Santos;+44 291613715
Sofia Gomes;+41 830598109
Sofia Santos;+44 123120120
Sofia Gomes;+33 933788510
Sofia Silva;+49 989309060
Sofia Fernandes;+351 987827810
Sofia Ferreira;+32 250430564
Sofia Ferreira;+351 889901064
Sofia Gonçalves;+39 014019148
Sofia Ferreira;+32 338298283
Sofia Alves;+39 383319628
Sofia Santos;+49 958753423
Sofia Mendes;+351 226070015
Sofia Alves;+49 072958260
Sofia Silva;+43 662165841
Sofia Gonçalves;+39 859260823
Sofia Gomes;+43 673530975
Sofia Ferreira;+39 040632788
Sofia Alves;+33 730978128
Sofia Ferreira;+44 995549531
Sofia Alves;+351 891041381
Sofia Mendes;+43 006482915
Sofia Mendes;+41 740605870
Sofia Alves;+351 344105271
Sofia Silva;+41 011539056
Sofia Pereira;+39 929705676
Sofia Alves;+41 902199990
Sofia Silva;+33 127341225
Sofia Silva;+351 946141166
Sofia Pereira;+43 231552428
Sofia Santos;+44 857766408
Sofia Mendes;+32 054923391
Sofia Gomes;+33 981332017
Sofia Gonçalves;+41 030587785
Sofia Martins;+49 759289170
Sofia Pereira;+39 354783045
Sofia Silva;+351 300234527
Sofia Pereira;+49 364263153
Sofia Pereira;+351 948781744
Sofia Fernandes;+39 301876232
Sofia Gonçalves;+39 550047647
Sofia Santos;+41 393910171
Sofia Fernandes;+43 132371796
Sofia Fernandes;+351 256084512
Sofia Silva;+32 507023929
Sofia Gonçalves;+49 403522054
Sofia Gomes;+49 814404119
Sofia Santos;+49 112740556
Sofia Silva;+43 138603887
Sofia Alves;+32 776230420
Sofia Ferreira;+39 908120414
Sofia Alves;+44 607997075
Sofia Martins;+33 020568025
Sofia Ferreira;+44 892636425
Sofia Silva;+49 278761810
Sofia Ferreira;+49 695363589
Sofia Gomes;+33 446435015
Sofia Pereira;+43 393735592
Sofia Gomes;+44 177966018
Sofia Santos;+33 618561541
Sofia Fernandes;+49 946368989
Sofia Santos;+41 659175763
Sofia Gonçalves;+41 378088940
Sofia Fernandes;+32 823941873
Sofia Ferreira;+43 415739762
Sofia Ferreira;+43 818542401
Sofia Pereira;+33 568755886
Sofia Pereira;+43 010197590
Sofia Pereira;+44 061432569
Sofia Santos;+49 003598153
Sofia Gomes;+33 651456871
Sofia Gomes;+351 000285991
Sofia Mendes;+39 880078858
Sofia Silva;+351 539994503
Sofia Fernandes;+351 814684005
Sofia Pereira;+44 849384197
Sofia Martins;+49 397762118
Sofia Pereira;+32 427271111
Sofia Alves;+39 543459620
Sofia Ferreira;+44 598198955
Sofia Ferreira;+39 680243614
Sofia Martins;+32 723338142
Sofia Silva;+351 885687177
Sofia Pereira;+351 367251503
Sofia Santos;+43 866895491
Sofia Gomes;+33 572224798
Sofia Gomes;+39 343891862
