Ana Fernandes;+43 915909118
Ana Gonçalves;+43 521668944
Ana Gonçalves;+49 283709687
Ana Pereira;+41 324528708
Ana Gomes;+43 612856928
Ana Gomes;+41 307937776
Ana Gonçalves;+41 719215264
Ana Fernandes;+351 378731551
Ana Pereira;+41 999523156
Ana Martins;+39 713050096
Ana Fernandes;+49 270610936
Ana Mendes;+49 237467188
Ana Silva;+39 037794296
Ana Gomes;+32 559729549
Ana Martins;+41 884108105
Ana Ferreira;+43 288986893
Ana Fernandes;+351 064207223
Ana Alves;+41 605358859
Ana Martins;+41 591896291
Ana Gomes;+351 473549303
Ana Martins;+49 518968435
Ana Santos;+32 049446285
Ana Mendes;+351 009893953
Ana Ferreira;+43 178564703
Ana Gomes;+43 980675059
Ana Mendes;+41 551062047
Ana Silva;+44 658863093
Ana Pereira;+32 808877598
Ana Silva;+43 971036683
Ana Alves;+43 281741584
Ana Gomes;+351 890515197
Ana Gomes;+32 850323362
Ana Ferreira;+41 230265970
Ana Gonçalves;+43 644502692
Ana Fernandes;+44 517904058
Ana Silva;+44 052146161
Ana Fernandes;+32 587038029
Ana Ferreira;+351 755010509
Ana Fernandes;+351 633690032
Ana Silva;+32 321781817
Ana Alves;+33 286571591
Ana Gonçalves;+351 588405644
Ana Fernandes;+33 744609204
Ana Alves;+43 315843313
Ana Alves;+33 725356979
Ana Mendes;+41 866170517
Ana Martins;+39 241638840
Ana Mendes;+33 741224355
Ana Martins;+44 683147908
Ana Fernandes;+32 250940926
Ana Alves;+43 840614308
Ana Pereira;+49 740453901
Ana Martins;+44 733260092
Ana Fernandes;+49 719223405
Ana Pereira;+49 413018450
Ana Ferreira;+33 057500169
Ana Alves;+39 038074095
Ana Mendes;+32 565512785
Ana Mendes;+41 934144476
Ana Mendes;+49 700549504
Ana Silva;+41 457624089
Ana Alves;+32 749964278
Ana Gomes;+351 790331897
Ana Santos;+33 202360799
Ana Pereira;+49 371747127
Ana Mendes;+41 526309419
Ana Santos;+44 859609155
Ana Alves;+351 702305474
Ana Alves;+351 317435461
Ana Pereira;+43 426239994
Ana Fernandes;+43 572357217
Ana Martins;+39 944243912
Ana Mendes;+41 682800185
Ana Mendes;+43 062719529
Ana Ferreira;+49 587916259
Ana Martins;+43 478858364
Ana Pereira;+44 011968122
Ana Gomes;+41 092153258
Ana Alves;+49 640184702
Ana Mendes;+39 702378464
Ana Gomes;+49 428471604
Ana Mendes;+41 971492880
Ana Ferreira;+33 671672284
Ana Santos;+351 193839059
Ana Santos;+39 380052500
Ana Santos;+44 692825296
Ana Fernandes;+43 095311926
Ana Santos;+49 058625946
Ana Pereira;+33 755212905
Ana Fernandes;+32 637272999
Ana Alves;+32 013215905
Ana Ferreira;+43 609521360
Ana Gomes;+33 950542827
Ana Pereira;+43 406847076
Ana Gomes;+32 585427784
Ana Ferreira;+32 439949713
Ana Mendes;+49 725733095
Ana Santos;+44 333469883
Ana Mendes;+33 288167086
Ana Ferreira;+43 374465058
