Sofia Martins;+43 537659551
Sofia Gonçalves;+39 086304040
Sofia Ferreira;+39 462290703
Sofia Alves;+32 742881456
Sofia Ferreira;+43 252166807
Sofia Mendes;+39 538910302
Sofia Gonçalves;+43 260438461
Sofia Gomes;+39 552996232
Sofia Pereira;+43 806006862
Sofia Silva;+351 624703340
Sofia Pereira;+39 717682760
Sofia Gonçalves;+32 268017226
Sofia Silva;+49 692825669
Sofia Fernandes;+32 034082206
Sofia Ferreira;+32 079839608
Sofia Silva;+49 017519048
Sofia Silva;+41 563759447
Sofia Gomes;+33 542538595
Sofia Mendes;+43 256350587
Sofia Alves;+351 001155812
Sofia Ferreira;+44 552465644
Sofia Alves;+351 784696505
Sofia Gonçalves;+33 318862859
Sofia Ferreira;+49 570896644
Sofia Pereira;+41 456703884
Sofia Alves;+32 244838834
Sofia Martins;+33 197130978
Sofia Ferreira;+33 901831237
Sofia Martins;+49 624876134
Sofia Gomes;+41 488063634
Sofia Ferreira;+44 837748614
Sofia Mendes;+49 243326226
Sofia Silva;+39 479255357
Sofia Gomes;+32 591108420
Sofia Gonçalves;+351 848466117
Sofia Ferreira;+49 759411029
Sofia Martins;+44 025706655
Sofia Ferreira;+33 634712386
Sofia Gomes;+43 217104716
Sofia Gonçalves;+33 781191789
Sofia Gomes;+39 249666853
Sofia Martins;+43 096946634
Sofia Gonçalves;+49 386523638
Sofia Alves;+44 470483732
Sofia Silva;+39 529911944
Sofia Pereira;+43 542970393
Sofia Gomes;+351 343745976
Sofia Mendes;+49 478328930
Sofia Alves;+43 458400001
Sofia Ferreira;+351 516395380
Sofia Santos;+43 633143630
Sofia Alves;+41 930434027
Sofia Mendes;+39 908655358
Sofia Silva;+43 501176209
Sofia Silva;+351 065063409
Sofia Ferreira;+49 012163778
Sofia Alves;+41 676643973
Sofia Fernandes;+41 706703870
Sofia Pereira;+49 016993679
Sofia Pereira;+43 519396682
Sofia Alves;+351 987381705
Sofia Silva;+49 227550922
Sofia Santos;+44 967313180
Sofia Alves;+44 750818648
Sofia Fernandes;+351 754274557
Sofia Mendes;+44 232655547
Sofia Gomes;+33 819171074
Sofia Mendes;+41 288738846
Sofia Gonçalves;+44 460905958
Sofia Pereira;+49 320990951
Sofia Santos;+351 209205170
Sofia Ferreira;+43 507973062
Sofia Silva;+43 135578611
Sofia Alves;+33 541577301
Sofia Ferreira;+32 405613311
Sofia Gonçalves;+44 479064101
Sofia Santos;+351 861264078
Sofia Gonçalves;+49 368437932
Sofia Alves;+39 278967109
Sofia Ferreira;+32 468126467
Sofia Santos;+33 074721314
Sofia Mendes;+41 125200295
Sofia Pereira;+44 271392005
Sofia Alves;+49 866820095
Sofia Fernandes;+32 036768089
Sofia Fernandes;+43 536929984
Sofia Martins;+49 834349432
Sofia Gonçalves;+351 093145863
Sofia Martins;+32 561365930
Sofia Fernandes;+43 659463739
Sofia Alves;+32 073433272
Sofia Mendes;+49 085786465
Sofia Alves;+39 931395099
Sofia Mendes;+351 243848471
Sofia Gomes;+49 910601540
Sofia Ferreira;+41 452985163
Sofia Martins;+43 737127707
Sofia Alves;+351 206711258
Sofia Fernandes;+44 303990956
Sofia Pereira;+33 396731555
