Ana Fernandes;+32 474883026
Ana Ferreira;+43 370624881
Ana Mendes;+33 894786935
Ana Ferreira;+39 821563044
Ana Mendes;+39 334510071
Ana Mendes;+43 926479870
Ana Pereira;+44 902118484
Ana Pereira;+41 771795047
Ana Gonçalves;+33 380702931
Ana Santos;+33 673789257
Ana Gomes;+33 831625374
Ana Gomes;+351 838872467
Ana Mendes;+32 168075744
Ana Gomes;+33 256970218
Ana Pereira;+32 808178747
Ana Silva;+49 818293480
Ana Alves;+43 452984294
Ana Santos;+43 623102326
Ana Mendes;+41 870921533
Ana Gonçalves;+33 701974258
Ana Santos;+351 304020891
Ana Gonçalves;+49 927085762
Ana Mendes;+39 443832221
Ana Gomes;+39 129129253
Ana Fernandes;+49 279721952
Ana Alves;+44 227060484
Ana Santos;+43 697209435
Ana Mendes;+39 687641761
Ana Silva;+49 415586762
Ana Santos;+43 823988442
Ana Gomes;+43 777406675
Ana Martins;+39 780281896
Ana Alves;+32 490424887
Ana Alves;+43 626595209
Ana Martins;+32 423756401
Ana Martins;+33 003535404
Ana Gonçalves;+44 512724623
Ana Ferreira;+33 062073004
Ana Martins;+49 129945161
Ana Mendes;+39 855496778
Ana Alves;+44 911403718
Ana Martins;+44 436890489
Ana Alves;+32 277312762
Ana Fernandes;+41 914485793
Ana Alves;+49 526958921
Ana Martins;+351 668476354
Ana Ferreira;+41 513737328
Ana Fernandes;+351 242357084
Ana Santos;+41 117403328
Ana Fernandes;+32 830184576
Ana Gomes;+44 889739306
Ana Gomes;+49 547276687
Ana Alves;+44 927668245
Ana Pereira;+39 569702986
Ana Pereira;+33 270027947
Ana Ferreira;+41 383918192
Ana Alves;+44 068475336
Ana Ferreira;+41 420130927
Ana Fernandes;+351 363760037
Ana Fernandes;+43 698320003
Ana Fernandes;+41 385127951
Ana Silva;+32 913023387
Ana Mendes;+49 972927657
Ana Ferreira;+39 057098529
Ana Martins;+44 336116246
Ana Silva;+351 559195081
Ana Ferreira;+41 719964057
Ana Silva;+43 817713729
Ana Gonçalves;+33 130206875
Ana Santos;+351 028953148
Ana Mendes;+351 878569160
Ana Fernandes;+33 493793608
Ana Ferreira;+39 100487734
Ana Gonçalves;+39 805468573
Ana Fernandes;+39 946243606
Ana Alves;+43 936479915
Ana Pereira;+41 757476367
Ana Martins;+39 852609763
Ana Alves;+43 357634209
Ana Gonçalves;+32 801218926
Ana Santos;+41 809104195
Ana Fernandes;+41 153662935
Ana Silva;+351 609963844
Ana Pereira;+49 410312307
Ana Mendes;+32 188835977
Ana Gonçalves;+32 986714141
Ana Fernandes;+49 779771791
Ana Mendes;+39 789488092
Ana Gonçalves;+351 060649908
Ana Alves;+39 818150225
Ana Gomes;+32 236135843
Ana Fernandes;+32 831658004
Ana Ferreira;+43 410786478
Ana Gonçalves;+44 301331451
Ana Pereira;+41 659847732
Ana Pereira;+49 250011656
Ana Gomes;+32 835682482
Ana Martins;+33 498016597
Ana Silva;+41 514511087
Ana Silva;+33 504797760
