Sofia Mendes;+351 733855181
Sofia Gonçalves;+32 042635003
Sofia Silva;+41 911440205
Sofia Alves;+33 827230682
Sofia Pereira;+39 052634160
Sofia Alves;+32 110250508
Sofia Pereira;+33 855708677
Sofia Alves;+49 973856822
Sofia Martins;+351 174084657
Sofia Santos;+49 905341812
Sofia Mendes;+43 517553609
Sofia Santos;+43 521315019
Sofia Pereira;+351 269489359
Sofia Ferreira;+39 432652288
Sofia Santos;+49 838014646
Sofia Pereira;+351 614025107
Sofia Gomes;+32 694019482
Sofia Pereira;+49 768866278
Sofia Ferreira;+351 274314150
Sofia Alves;+39 143943761
Sofia Martins;+32 949780901
Sofia Ferreira;+39 120376734
Sofia Martins;+351 144091758
Sofia Fernandes;+33 185517679
Sofia Gonçalves;+32 312875380
Sofia Ferreira;+43 177570622
Sofia Ferreira;+43 987670613
Sofia Martins;+351 240206232
Sofia Silva;+49 076388671
Sofia Fernandes;+41 601457355
Sofia Mendes;+49 406879653
Sofia Alves;+49 795831982
Sofia Martins;+43 217028942
Sofia Alves;+43 610555701
Sofia Ferreira;+32 547299187
Sofia Mendes;+351 341095777
Sofia Gonçalves;+32 616639902
Sofia Gomes;+33 030248370
Sofia Gonçalves;+44 571137255
Sofia Santos;+49 968493791
Sofia Santos;+49 523354983
Sofia Martins;+32 268065181
Sofia Alves;+33 225676593
Sofia Gomes;+43 629252568
Sofia Martins;+33 543933972
Sofia Gonçalves;+39 518086059
Sofia Fernandes;+41 241354244
Sofia Santos;+351 336062442
Sofia Mendes;+351 759158666
Sofia Mendes;+41 689124117
Sofia Gonçalves;+43 185630012
Sofia Fernandes;+41 651063344
Sofia Pereira;+351 167890270
Sofia Fernandes;+41 062001212
Sofia Mendes;+49 083586218
Sofia Gomes;+41 486331357
Sofia Alves;+39 704099355
Sofia Gomes;+32 949417047
Sofia Martins;+33 717793369
Sofia Mendes;+43 599070462
Sofia Santos;+49 509541405
Sofia Martins;+351 726676555
Sofia Mendes;+41 192606740
Sofia Ferreira;+44 470838547
Sofia Pereira;+43 605294094
Sofia Gonçalves;+39 599149443
Sofia Fernandes;+43 389945889
Sofia Mendes;+32 899573679
Sofia Ferreira;+39 744756666
Sofia Pereira;+43 647610106
Sofia Gonçalves;+32 774559862
Sofia Fernandes;+41 349674858
Sofia Silva;+33 065416930
Sofia Pereira;+43 599055533
Sofia Mendes;+49 357342888
Sofia Gonçalves;+43 276852599
Sofia Mendes;+41 911483239
Sofia Fernandes;+44 036769812
Sofia Silva;+49 060171276
Sofia Santos;+32 707700326
Sofia Santos;+44 337869065
Sofia Gomes;+351 829238762
Sofia Martins;+39 854999087
Sofia Ferreira;+351 984344946
Sofia Fernandes;+32 671456005
Sofia Pereira;+49 851850837
Sofia Alves;+32 078387592
Sofia Pereira;+32 984869399
Sofia Silva;+43 313178662
Sofia Santos;+33 766475474
Sofia Mendes;+41 603897912
Sofia Fernandes;+33 354362986
Sofia Ferreira;+41 149434093
Sofia Pereira;+44 995586624
Sofia Fernandes;+43 348242733
Sofia Alves;+43 162581032
Sofia Ferreira;+33 311807344
Sofia Fernandes;+49 849424305
Sofia Fernandes;+32 598209077
Sofia Mendes;+33 464079798
