Ana Santos;+41 261601175
Ana Pereira;+49 112928327
Ana Mendes;+351 944652062
Ana Martins;+33 727695224
Ana Alves;+33 486395548
Ana Santos;+41 932803765
Ana Silva;+49 862638031
Ana Santos;+43 626194232
Ana Gonçalves;+49 244960082
Ana Silva;+49 830286959
Ana Pereira;+43 024436758
Ana Alves;+43 124185065
Ana Fernandes;+39 433124458
Ana Alves;+44 513532911
Ana Pereira;+44 169860901
Ana Pereira;+32 860124570
Ana Mendes;+33 422931272
Ana Mendes;+49 918629623
Ana Santos;+49 314838873
Ana Martins;+41 708964788
Ana Alves;+33 577861224
Ana Alves;+49 870087488
Ana Silva;+41 662553402
Ana Martins;+43 757609453
Ana Pereira;+39 714544102
Ana Silva;+351 225137289
Ana Mendes;+39 162980102
Ana Gonçalves;+32 551815706
Ana Gonçalves;+33 131714112
Ana Mendes;+44 065259086
Ana Silva;+33 539180918
Ana Silva;+32 349054008
Ana Alves;+44 073122206
Ana Santos;+44 293601454
Ana Ferreira;+49 528777028
Ana Alves;+351 835411337
Ana Silva;+351 048201627
Ana Santos;+32 168724111
Ana Alves;+49 260020429
Ana Martins;+33 782257391
Ana Silva;+49 219711336
Ana Fernandes;+32 925293313
Ana Martins;+33 455914573
Ana Alves;+43 712498420
Ana Silva;+33 480220644
Ana Gonçalves;+33 247199492
Ana Pereira;+49 854786042
Ana Gonçalves;+41 303557143
Ana Silva;+49 405032761
Ana Pereira;+41 422209225
Ana Mendes;+44 428293646
Ana Ferreira;+32 202575948
Ana Mendes;+44 785976634
Ana Pereira;+44 533654778
Ana Gonçalves;+39 470731209
Ana Gomes;+32 082496635
Ana Pereira;+39 445327437
Ana Pereira;+41 201541755
Ana Pereira;+41 924531161
Ana Santos;+351 195075292
Ana Fernandes;+44 977344270
Ana Ferreira;+39 290074412
Ana Silva;+32 199562600
Ana Gomes;+49 233345759
Ana Gomes;+44 782766131
Ana Martins;+41 987797552
Ana Gonçalves;+49 673031472
Ana Ferreira;+49 840960713
Ana Gomes;+39 401479056
Ana Fernandes;+39 465913575
Ana Fernandes;+33 515500609
Ana Pereira;+49 964536404
Ana Alves;+43 203359895
Ana Alves;+32 600825935
Ana Gomes;+44 584402231
Ana Alves;+49 390541358
Ana Martins;+49 946279380
Ana Martins;+49 599110338
Ana Pereira;+39 439119681
Ana Mendes;+32 590147826
Ana Santos;+39 619427410
Ana Gomes;+44 449321245
Ana Silva;+41 448404178
Ana Gonçalves;+351 577190114
Ana Silva;+33 885846594
Ana Mendes;+49 963063040
Ana Silva;+39 642846400
Ana Fernandes;+32 307833399
Ana Gonçalves;+41 144021291
Ana Santos;+351 746033461
Ana Silva;+41 233647248
Ana Pereira;+351 967800452
Ana Gonçalves;+39 633049121
Ana Gonçalves;+33 831823867
Ana Fernandes;+41 007433329
Ana Mendes;+49 357432144
Ana Mendes;+49 854420019
Ana Santos;+351 104338205
Ana Martins;+39 193809410
Ana Pereira;+43 140844139
