Carlos Ferreira;+44 135847825
Catarina Santos;+49 599613539
Carlos Mendes;+44 827103212
Catarina Pereira;+43 059289329
Catarina Fernandes;+351 140335983
Catarina Alves;+39 991811160
Carlos Martins;+32 830763240
Catarina Alves;+44 605144107
Carlos Fernandes;+41 393825704
Catarina Gonçalves;+44 527759899
Carlos Fernandes;+49 562123737
Carlos Alves;+32 333934397
Catarina Mendes;+41 701563917
Catarina Ferreira;+44 395712906
Carlos Mendes;+351 418173771
Carlos Martins;+39 543131127
Carlos Gonçalves;+32 589377626
Catarina Mendes;+49 229493287
Catarina Santos;+44 549971753
Catarina Fernandes;+39 009762865
Carlos Pereira;+43 736637978
Carlos Silva;+41 662521654
Catarina Pereira;+44 604637164
Carlos Gonçalves;+43 860804846
Catarina Silva;+32 322605890
Carlos Fernandes;+39 800771635
Carlos Gomes;+351 423650347
Catarina Ferreira;+351 262851625
Carlos Martins;+43 117345234
Catarina Pereira;+44 766470915
Catarina Martins;+32 442321284
Carlos Alves;+43 499887997
Catarina Gomes;+41 190175169
Carlos Ferreira;+351 890405126
Carlos Silva;+39 869004682
Catarina Pereira;+32 849573522
Carlos Silva;+33 850821214
Catarina Mendes;+351 332323254
Catarina Fernandes;+351 332355577
Carlos Mendes;+49 054431061
Catarina Ferreira;+351 687313855
Catarina Martins;+49 669724999
Carlos Santos;+32 297825381
Catarina Alves;+33 545736500
Carlos Silva;+49 100807757
Carlos Mendes;+39 696716552
Carlos Gonçalves;+39 543173159
Catarina Alves;+351 250119138
Catarina Silva;+49 125323061
Carlos Mendes;+32 180328075
Catarina Gomes;+32 311015398
Carlos Gonçalves;+44 337059435
Carlos Alves;+41 578742674
Catarina Ferreira;+39 932732523
Catarina Mendes;+49 048877229
Carlos Fernandes;+32 100470046
Carlos Alves;+49 685195552
Carlos Silva;+33 555465402
Carlos Alves;+32 669611997
Carlos Pereira;+33 476849117
Catarina Gomes;+41 158247287
Catarina Fernandes;+41 608204611
Carlos Mendes;+43 136840703
Carlos Alves;+43 909450041
Catarina Ferreira;+351 554547674
Catarina Silva;+41 540962814
Carlos Gonçalves;+43 985331174
Carlos Alves;+43 855219912
Carlos Pereira;+351 752866305
Carlos Gomes;+39 498668198
Carlos Alves;+49 485971260
Catarina Silva;+33 376133315
Carlos Martins;+44 271167810
Carlos Santos;+33 842769688
Carlos Fernandes;+351 194042986
Catarina Silva;+351 823047994
Carlos Gonçalves;+39 516159039
Catarina Mendes;+351 110101262
Catarina Mendes;+39 802559968
Carlos Santos;+41 262770609
Carlos Ferreira;+43 801207768
Carlos Gomes;+33 904521086
Catarina Mendes;+351 587842067
Carlos Silva;+43 386051197
Catarina Fernandes;+43 033140719
Catarina Santos;+41 082758163
Carlos Fernandes;+43 396186994
Catarina Fernandes;+32 577921905
Catarina Silva;+351 558546198
Carlos Ferreira;+43 480620038
Catarina Pereira;+39 541056972
Carlos Pereira;+33 068075976
Catarina Martins;+33 852996567
Catarina Mendes;+44 897841979
Carlos Pereira;+33 640417319
Catarina Silva;+32 610675511
Catarina Alves;+351 748214128
Carlos Ferreira;+351 366405364
Catarina Ferreira;+351 055209368
Catarina Gonçalves;+44 346702845
