Ricardo Gomes;+351 339445745
Rui Gonçalves;+32 388889928
Ricardo Gomes;+41 683573522
Ricardo Gonçalves;+39 641899590
Rui Martins;+41 869648004
Rui Silva;+351 070691206
Rui Silva;+351 509022635
Rui Gomes;+351 473530650
Ricardo Ferreira;+44 685460909
Ricardo Alves;+39 656279428
Rui Pereira;+43 911438908
Ricardo Pereira;+44 691014090
Ricardo Silva;+351 066438408
Ricardo Alves;+41 859497975
Ricardo Alves;+39 154953301
Rui Gomes;+43 773380542
Rui Pereira;+49 825601130
Ricardo Pereira;+33 280379549
Rui Alves;+41 502325319
Rui Silva;+32 765630196
Rui Pereira;+41 473014776
Ricardo Fernandes;+33 349148198
Ricardo Pereira;+351 349381648
Rui Martins;+49 839208494
Ricardo Mendes;+41 310792788
Rui Alves;+351 072821530
Ricardo Fernandes;+43 458948432
Rui Alves;+43 378006914
Ricardo Martins;+39 136305958
Ricardo Gonçalves;+41 235701728
Rui Pereira;+32 262912639
Ricardo Silva;+32 295443735
Rui Mendes;+43 571893413
Ricardo Mendes;+32 568266222
Rui Martins;+43 561770202
Rui Martins;+49 707831722
Ricardo Santos;+44 473417769
Ricardo Alves;+32 576514075
Rui Santos;+351 486306751
Ricardo Ferreira;+49 132767493
Ricardo Fernandes;+32 279852847
Ricardo Pereira;+44 692598223
Rui Alves;+49 717192843
Rui Gonçalves;+351 528231484
Rui Santos;+351 255029549
Rui Pereira;+39 924861670
Ricardo Pereira;+44 052499969
Ricardo Gomes;+44 747398807
Ricardo Mendes;+33 461768283
Ricardo Fernandes;+32 887839590
Ricardo Fernandes;+49 940168058
Ricardo Martins;+32 532383992
Rui Silva;+49 887859475
Rui Ferreira;+49 596663532
Rui Santos;+41 642244926
Rui Mendes;+41 109730370
Rui Ferreira;+43 719420239
Ricardo Ferreira;+351 443146480
Ricardo Gonçalves;+43 723867587
Ricardo Gonçalves;+351 909595162
Ricardo Alves;+44 807626379
Rui Silva;+33 853796116
Rui Gomes;+44 492365177
Ricardo Fernandes;+351 475500262
Rui Santos;+351 593565620
Rui Santos;+39 683440951
Rui Silva;+39 843103201
Ricardo Gonçalves;+33 853882534
Ricardo Santos;+43 572980267
Ricardo Fernandes;+32 152040434
Rui Silva;+49 038689816
Rui Alves;+41 732696772
Rui Ferreira;+43 009206013
Rui Pereira;+41 445442097
Rui Alves;+351 414222028
Ricardo Mendes;+351 694795666
Rui Silva;+39 929933329
Ricardo Ferreira;+43 105895696
Ricardo Ferreira;+351 101268915
Ricardo Pereira;+49 974362928
Ricardo Fernandes;+49 817043522
Ricardo Santos;+32 578691752
Rui Gomes;+41 945044496
Ricardo Silva;+41 250340804
Ricardo Mendes;+33 255395355
Rui Ferreira;+32 951778546
Ricardo Santos;+33 639517801
Ricardo Ferreira;+33 424694556
Ricardo Mendes;+39 466883238
Rui Pereira;+32 304130104
Ricardo Mendes;+44 137566648
Ricardo Ferreira;+33 653684073
Ricardo Gonçalves;+41 746053287
Ricardo Santos;+49 226791167
Ricardo Martins;+49 257925071
Rui Gonçalves;+32 819751989
Rui Martins;+43 742317169
Rui Alves;+43 118506159
Ricardo Gonçalves;+33 381102685
Rui Martins;+32 763460592
