Rui Mendes;+41 808347544
Ricardo Fernandes;+41 896524233
Ricardo Pereira;+33 938603856
Ricardo Alves;+32 276998488
Ricardo Alves;+39 906094826
Rui Santos;+43 494063104
Rui Alves;+49 691026771
Rui Fernandes;+32 636016187
Rui Santos;+39 275378575
Ricardo Gonçalves;+351 270693499
Ricardo Fernandes;+41 070779361
Ricardo Gomes;+39 996122742
Rui Pereira;+41 692777699
Ricardo Gomes;+44 223763880
Rui Santos;+351 769864356
Rui Gomes;+351 783968233
Rui Silva;+33 608117734
Rui Alves;+44 301170573
Rui Santos;+32 554306718
Ricardo Martins;+49 091357577
Ricardo Silva;+49 769228070
Rui Fernandes;+44 590069659
Rui Pereira;+44 561606968
Ricardo Ferreira;+33 473976619
Rui Mendes;+32 684446482
Ricardo Ferreira;+351 174730373
Ricardo Ferreira;+351 397968465
Ricardo Gonçalves;+49 484701720
Rui Gonçalves;+44 255977897
Ricardo Martins;+44 539862427
Rui Pereira;+39 758039214
Rui Pereira;+49 421269246
Ricardo Silva;+49 965021578
Rui Silva;+33 573879875
Ricardo Gomes;+32 795913339
Rui Gomes;+44 953157844
Rui Alves;+43 402761498
Rui Gonçalves;+351 853812787
Ricardo Gonçalves;+32 786547740
Ricardo Martins;+44 519706306
Ricardo Mendes;+32 819633743
Ricardo Gomes;+351 856369382
Rui Fernandes;+32 222352006
Ricardo Mendes;+43 725659634
Rui Mendes;+39 525035779
Ricardo Santos;+351 581928435
Rui Gonçalves;+32 658321439
Ricardo Silva;+32 240231206
Rui Santos;+32 021404940
Ricardo Silva;+39 551720173
Ricardo Ferreira;+44 826636943
Rui Santos;+41 325987142
Rui Alves;+43 864632914
Rui Gomes;+33 874454351
Rui Ferreira;+32 878495740
Rui Gomes;+43 946277002
Ricardo Ferreira;+39 820983487
Rui Gonçalves;+43 090346473
Ricardo Fernandes;+39 814912962
Ricardo Fernandes;+41 376415491
Rui Mendes;+39 422575097
Ricardo Alves;+351 321411933
Rui Alves;+33 259064803
Rui Gonçalves;+44 516102727
Ricardo Fernandes;+49 941161757
Ricardo Pereira;+49 499540906
Ricardo Silva;+39 035976575
Ricardo Gonçalves;+49 035416878
Ricardo Ferreira;+33 890631180
Ricardo Santos;+41 434715062
Ricardo Gomes;+41 461844403
Rui Gonçalves;+351 212467525
Rui Silva;+351 666828841
Ricardo Ferreira;+33 893995266
Rui Silva;+32 002437445
Ricardo Silva;+39 398605030
Ricardo Gonçalves;+351 393927209
Ricardo Gonçalves;+41 314374533
Rui Silva;+49 979300791
Ricardo Mendes;+49 469804681
Rui Pereira;+32 158492573
Ricardo Fernandes;+49 096985450
Rui Pereira;+44 606335905
Ricardo Santos;+33 115691453
Rui Santos;+43 052624410
Ricardo Martins;+33 866292180
Ricardo Mendes;+32 238821587
Rui Ferreira;+32 198752690
Rui Fernandes;+44 236038389
Rui Pereira;+43 605957243
Ricardo Mendes;+49 650681654
Rui Silva;+351 051357731
Rui Fernandes;+41 729572399
Ricardo Pereira;+44 926538332
Ricardo Alves;+43 752626316
Rui Alves;+49 494405355
Ricardo Mendes;+41 337181591
Ricardo Alves;+44 550880360
Ricardo Fernandes;+32 086338851
Rui Martins;+49 644334399
