Carlos Fernandes;+32 619504188
Carlos Gomes;+44 220083862
Catarina Alves;+32 615057004
Carlos Silva;+49 773207861
Catarina Gonçalves;+351 418456232
Carlos Silva;+49 026869488
Carlos Santos;+39 185926187
Catarina Silva;+43 607898264
Catarina Silva;+43 992469387
Carlos Silva;+44 335578936
Carlos Martins;+39 669007879
Carlos Martins;+351 819247042
Catarina Gonçalves;+351 309982532
Carlos Alves;+43 291734849
Carlos Gonçalves;+43 890618465
Carlos Silva;+32 987278175
Catarina Pereira;+44 763854348
Catarina Santos;+43 463250156
Catarina Fernandes;+351 369408606
Catarina Gonçalves;+41 239971714
Carlos Santos;+41 623784927
Carlos Alves;+32 615043175
Carlos Alves;+44 965177106
Carlos Fernandes;+44 793712078
Carlos Fernandes;+43 638655398
Carlos Martins;+32 513582882
Carlos Fernandes;+43 925529075
Carlos Fernandes;+351 317036534
Catarina Ferreira;+39 988462051
Carlos Alves;+41 911033069
Catarina Pereira;+39 381106192
Carlos Pereira;+41 779407577
Catarina Gonçalves;+32 154599732
Catarina Gonçalves;+49 326511981
Catarina Mendes;+39 494082826
Catarina Fernandes;+41 849246165
Carlos Silva;+39 963206869
Carlos Silva;+32 916063060
Carlos Fernandes;+33 281152484
Catarina Mendes;+33 513213707
Catarina Alves;+41 753303849
Carlos Mendes;+41 551763785
Catarina Ferreira;+43 768030061
Carlos Silva;+44 232795803
Carlos Pereira;+49 144271095
Carlos Silva;+39 443118569
Carlos Gonçalves;+32 468945679
Catarina Fernandes;+44 122658286
Catarina Fernandes;+32 602903664
Carlos Silva;+39 491675884
Carlos Fernandes;+44 843798457
Catarina Ferreira;+49 546482389
Catarina Alves;+43 897460239
Catarina Ferreira;+41 475344761
Catarina Mendes;+39 851425087
Catarina Alves;+39 581953120
Carlos Santos;+41 132530067
Carlos Martins;+43 391762890
Carlos Gomes;+49 069582052
Catarina Pereira;+32 190321893
Carlos Pereira;+39 141254938
Catarina Fernandes;+41 022006039
Carlos Ferreira;+351 896117605
Catarina Ferreira;+41 253608890
Carlos Ferreira;+44 666872586
Carlos Ferreira;+49 604517196
Catarina Martins;+32 938841025
Catarina Gomes;+41 995034747
Catarina Ferreira;+32 855830122
Carlos Pereira;+41 603837859
Catarina Santos;+32 326299973
Carlos Ferreira;+44 932412145
Carlos Martins;+39 371633978
Catarina Alves;+44 229191745
Carlos Ferreira;+41 841243229
Carlos Silva;+49 054703445
Catarina Gomes;+49 670363169
Catarina Fernandes;+33 488770908
Carlos Gonçalves;+33 521103772
Carlos Fernandes;+33 203060981
Carlos Gomes;+39 585819222
Catarina Ferreira;+44 100074018
Catarina Gonçalves;+32 451041934
Catarina Ferreira;+32 229594483
Catarina Gomes;+44 700060045
Carlos Santos;+49 893777912
Catarina Santos;+351 748524778
Catarina Pereira;+49 371267785
Carlos Silva;+351 036246985
Carlos Gonçalves;+44 688422668
Carlos Fernandes;+41 307714535
Carlos Alves;+351 893770808
Carlos Alves;+39 484993636
Catarina Pereira;+33 805482705
Catarina Silva;+32 332158869
Carlos Martins;+41 194389235
Catarina Martins;+49 795167158
Catarina Pereira;+32 408291822
Carlos Alves;+43 826925115
Carlos Silva;+43 551729581
