Sofia Pereira;+43 107583131
Sofia Ferreira;+39 659314317
Sofia Mendes;+41 131380082
Sofia Mendes;+49 531068614
Sofia Mendes;+33 104054963
Sofia Alves;+43 139560521
Sofia Gonçalves;+351 339485320
Sofia Mendes;+43 448240094
Sofia Silva;+43 159913274
Sofia Martins;+39 180458912
Sofia Pereira;+43 110939881
Sofia Fernandes;+33 646213165
Sofia Pereira;+41 749089491
Sofia Silva;+41 002716007
Sofia Santos;+43 841775278
Sofia Martins;+49 898672508
Sofia Ferreira;+41 585721780
Sofia Santos;+32 483212130
Sofia Fernandes;+41 965619666
Sofia Fernandes;+49 957272158
Sofia Santos;+351 566344020
Sofia Fernandes;+49 502730599
Sofia Martins;+41 150247849
Sofia Santos;+41 141285575
Sofia Pereira;+41 608722179
Sofia Silva;+33 297767440
Sofia Mendes;+33 734641294
Sofia Pereira;+351 433553161
Sofia Fernandes;+49 411377889
Sofia Alves;+43 220462165
Sofia Martins;+43 421973641
Sofia Santos;+351 229643833
Sofia Fernandes;+33 158268180
Sofia Gonçalves;+41 628049221
Sofia Gonçalves;+39 410721461
Sofia Fernandes;+33 064013805
Sofia Gonçalves;+43 409355708
Sofia Ferreira;+44 130970081
Sofia Santos;+39 475196499
Sofia Santos;+32 814414077
Sofia Gomes;+39 208967976
Sofia Santos;+43 135246824
Sofia Alves;+32 499653310
Sofia Santos;+41 320233671
Sofia Gomes;+33 495431196
Sofia Silva;+43 697565738
Sofia Santos;+49 940878014
Sofia Gomes;+49 402297611
Sofia Ferreira;+41 799009252
Sofia Gonçalves;+44 680913314
Sofia Alves;+41 294553446
Sofia Ferreira;+39 138467928
Sofia Fernandes;+43 688832488
Sofia Alves;+32 332300619
Sofia Fernandes;+351 746682846
Sofia Silva;+39 426171184
Sofia Alves;+43 392120297
Sofia Ferreira;+33 614296552
Sofia Alves;+351 326793000
Sofia Alves;+49 481891002
Sofia Fernandes;+33 659022326
Sofia Mendes;+39 862889027
Sofia Martins;+41 902388927
Sofia Ferreira;+43 207067278
Sofia Ferreira;+41 034768833
Sofia Ferreira;+41 338077414
Sofia Pereira;+44 469350284
Sofia Pereira;+49 334068014
Sofia Silva;+351 654476049
Sofia Martins;+41 667169646
Sofia Fernandes;+32 021923248
Sofia Martins;+43 500890684
Sofia Pereira;+44 129512950
Sofia Mendes;+32 850645648
Sofia Mendes;+32 418789829
Sofia Mendes;+41 952472345
Sofia Ferreira;+43 810151315
Sofia Pereira;+41 583573471
Sofia Silva;+39 315663851
Sofia Silva;+41 963259633
Sofia Fernandes;+49 507851812
Sofia Ferreira;+351 798618699
Sofia Mendes;+41 763519565
Sofia Alves;+39 650947331
Sofia Gomes;+49 378963372
Sofia Ferreira;+33 868053334
Sofia Santos;+351 934232585
Sofia Ferreira;+351 529804446
Sofia Pereira;+33 246642447
Sofia Martins;+49 235524162
Sofia Fernandes;+33 258985808
Sofia Mendes;+44 574802082
Sofia Gomes;+43 780544643
Sofia Martins;+44 917102639
Sofia Mendes;+32 373532294
Sofia Gonçalves;+44 401025527
Sofia Alves;+49 530972906
Sofia Martins;+43 076461296
Sofia Mendes;+41 134802514
Sofia Martins;+351 271423706
