Carlos Alves;+351 479067860
Catarina Pereira;+351 926754016
Catarina Mendes;+33 393303123
Carlos Silva;+44 336675527
Carlos Silva;+49 554970248
Carlos Martins;+41 501852589
Carlos Martins;+351 075069057
Catarina Silva;+33 867295781
Carlos Gomes;+39 430142625
Catarina Santos;+32 710494541
Catarina Santos;+33 517527553
Carlos Gomes;+44 509392842
Catarina Fernandes;+39 122686865
Catarina Silva;+43 863124710
Catarina Gonçalves;+32 753495864
Catarina Gomes;+49 156816005
Carlos Silva;+33 808886769
Catarina Santos;+41 748600768
Catarina Pereira;+44 622315522
Carlos Fernandes;+32 896357936
Carlos Santos;+41 608264769
Carlos Fernandes;+33 046929046
Catarina Santos;+49 891193780
Carlos Gonçalves;+33 146250651
Carlos Fernandes;+351 132539204
Catarina Fernandes;+49 072891079
Catarina Mendes;+32 436436181
Carlos Gomes;+49 799058369
Carlos Pereira;+351 144045443
Carlos Martins;+32 137934675
Carlos Pereira;+44 783521065
Carlos Gomes;+49 323847044
Carlos Martins;+33 254945363
Carlos Fernandes;+39 078917938
Carlos Ferreira;+44 322437883
Catarina Ferreira;+39 004156240
Carlos Gonçalves;+33 997209730
Carlos Mendes;+43 297464021
Carlos Ferreira;+44 590966619
Catarina Gomes;+32 211809557
Carlos Gonçalves;+49 961778879
Catarina Ferreira;+351 800571644
Carlos Pereira;+41 753299351
Catarina Gomes;+33 499579048
Catarina Gomes;+41 553630616
Carlos Gomes;+49 272436427
Carlos Mendes;+43 159210520
Carlos Gonçalves;+44 155510124
Catarina Pereira;+33 837618787
Catarina Alves;+43 316689133
Catarina Santos;+43 621185037
Carlos Gomes;+41 842496110
Catarina Gonçalves;+351 933789510
Catarina Martins;+41 540511928
Catarina Gonçalves;+43 956530356
Catarina Pereira;+41 421834505
Carlos Mendes;+33 172205742
Catarina Santos;+49 240531694
Carlos Silva;+351 694008769
Carlos Fernandes;+33 925407531
Carlos Martins;+41 704915872
Catarina Ferreira;+41 986922658
Catarina Alves;+44 798690231
Carlos Gonçalves;+32 599602670
Catarina Silva;+49 116922082
Catarina Gomes;+39 232701730
Catarina Martins;+44 759153756
Carlos Martins;+351 512830949
Carlos Ferreira;+33 835835010
Carlos Gonçalves;+49 349459649
Catarina Gonçalves;+49 726648228
Carlos Mendes;+33 508125235
Carlos Ferreira;+44 737761123
Carlos Martins;+33 176689823
Catarina Alves;+43 841896157
Catarina Fernandes;+351 718535269
Catarina Alves;+351 713734845
Carlos Martins;+41 696851871
Catarina Fernandes;+33 535009483
Catarina Martins;+49 735879757
Catarina Ferreira;+41 701305389
Catarina Silva;+44 234471082
Catarina Mendes;+351 856179453
Catarina Alves;+39 599625393
Carlos Alves;+49 318648509
Carlos Alves;+33 605463204
Carlos Alves;+49 846753111
Carlos Gomes;+39 938993796
Catarina Alves;+351 070812073
Carlos Alves;+49 585904857
Carlos Gomes;+49 679098738
Carlos Gomes;+32 714713599
Catarina Santos;+49 303279933
Carlos Alves;+41 949836903
Carlos Gomes;+41 289395169
Catarina Alves;+32 269885220
Carlos Mendes;+39 672897898
Catarina Fernandes;+39 809664027
Catarina Gomes;+43 530272468
Catarina Ferreira;+49 155246703
