Ana Silva;+44 140264512
Ana Mendes;+33 141381355
Ana Martins;+44 732236743
Ana Ferreira;+41 056907820
Ana Gomes;+44 581831212
Ana Pereira;+43 465293346
Ana Mendes;+43 924803469
Ana Fernandes;+49 558299393
Ana Pereira;+41 784246328
Ana Silva;+33 985113014
Ana Fernandes;+43 953875435
Ana Pereira;+32 311461639
Ana Gomes;+44 233836411
Ana Gonçalves;+32 983057896
Ana Ferreira;+44 965417543
Ana Mendes;+39 697769998
Ana Martins;+43 110378093
Ana Mendes;+41 776823959
Ana Alves;+43 371379116
Ana Ferreira;+49 834593950
Ana Santos;+33 297977916
Ana Alves;+44 185706966
Ana Santos;+33 330456136
Ana Martins;+43 215424845
Ana Mendes;+32 233181676
Ana Santos;+41 101279831
Ana Gonçalves;+39 156068288
Ana Fernandes;+44 114783559
Ana Alves;+351 965799679
Ana Silva;+32 851926046
Ana Alves;+43 445364016
Ana Martins;+32 187806265
Ana Mendes;+41 750235759
Ana Martins;+44 227961533
Ana Alves;+39 779960226
Ana Mendes;+49 061069870
Ana Fernandes;+43 994813950
Ana Silva;+43 438719562
Ana Silva;+351 455210857
Ana Santos;+41 934337194
Ana Pereira;+44 083137646
Ana Fernandes;+39 438094824
Ana Gomes;+43 409661052
Ana Santos;+351 580137488
Ana Ferreira;+33 185419432
Ana Martins;+49 909696912
Ana Alves;+351 000037224
Ana Gonçalves;+39 278718137
Ana Mendes;+43 055869988
Ana Gonçalves;+351 117334028
Ana Gomes;+351 864744415
Ana Gonçalves;+39 621588643
Ana Alves;+33 216453065
Ana Pereira;+39 483589518
Ana Santos;+43 734314237
Ana Ferreira;+39 250071401
Ana Silva;+41 196748889
Ana Mendes;+33 755796874
Ana Pereira;+44 883078980
Ana Ferreira;+32 008743705
Ana Alves;+41 858530762
Ana Alves;+33 400312202
Ana Fernandes;+44 392940218
Ana Santos;+39 329134660
Ana Mendes;+32 295203953
Ana Mendes;+351 228470699
Ana Ferreira;+43 385363087
Ana Ferreira;+49 832973499
Ana Ferreira;+32 295204418
Ana Fernandes;+43 068728122
Ana Santos;+43 003813413
Ana Pereira;+41 650230457
Ana Gonçalves;+49 308276365
Ana Gonçalves;+49 642765330
Ana Gonçalves;+49 779769628
Ana Pereira;+44 958955831
Ana Silva;+33 456994371
Ana Ferreira;+32 948567848
Ana Mendes;+49 354260052
Ana Mendes;+33 913164504
Ana Pereira;+33 317090493
Ana Martins;+39 190724235
Ana Ferreira;+33 778195215
Ana Fernandes;+43 152184458
Ana Pereira;+41 565828849
Ana Pereira;+41 502201603
Ana Fernandes;+39 757699444
Ana Santos;+44 608450117
Ana Gomes;+33 743757181
Ana Fernandes;+44 080175875
Ana Mendes;+351 551481068
Ana Mendes;+32 866463572
Ana Martins;+33 102213839
Ana Pereira;+43 853107038
Ana Martins;+33 491094956
Ana Ferreira;+49 002941729
Ana Silva;+43 162996443
Ana Ferreira;+351 596299778
Ana Mendes;+41 068459015
Ana Santos;+39 608100648
