Carlos Alves;+351 507041946
Carlos Alves;+41 102944945
Catarina Fernandes;+49 489315958
Carlos Ferreira;+43 182058703
Carlos Pereira;+43 481798917
Catarina Santos;+32 163770437
Catarina Martins;+351 868210895
Catarina Gonçalves;+49 831283775
Carlos Mendes;+41 553028307
Catarina Ferreira;+41 776712997
Catarina Gomes;+44 347565690
Catarina Gomes;+351 953872999
Catarina Alves;+32 301748860
Carlos Alves;+351 998658027
Carlos Pereira;+44 985859844
Catarina Silva;+39 779445638
Carlos Gonçalves;+43 334560604
Catarina Pereira;+33 203618904
Carlos Pereira;+44 864414085
Catarina Martins;+49 158777474
Carlos Fernandes;+43 703131830
Catarina Santos;+44 631023690
Carlos Mendes;+49 117541453
Carlos Silva;+41 367692814
Carlos Silva;+39 331824930
Catarina Gomes;+41 329829453
Catarina Fernandes;+32 978670678
Catarina Gonçalves;+49 001692193
Carlos Fernandes;+32 029671118
Catarina Santos;+41 317358542
Carlos Pereira;+43 554794350
Carlos Mendes;+43 783945580
Carlos Ferreira;+32 357374549
Catarina Gonçalves;+49 867610845
Carlos Fernandes;+39 959679193
Catarina Pereira;+32 627554803
Catarina Gonçalves;+32 206592044
Carlos Ferreira;+49 825923428
Catarina Fernandes;+44 660732242
Carlos Santos;+43 447017198
Catarina Pereira;+32 062538261
Catarina Pereira;+49 094446097
Catarina Fernandes;+49 733692409
Catarina Martins;+44 379565819
Carlos Martins;+32 349881724
Catarina Santos;+41 178566812
Carlos Santos;+39 416260162
Catarina Alves;+44 428500202
Catarina Silva;+41 118978492
Catarina Mendes;+44 017344518
Carlos Santos;+49 439161427
Carlos Santos;+32 704093097
Carlos Alves;+43 048213397
Carlos Mendes;+44 733804987
Catarina Santos;+33 491370957
Carlos Silva;+41 332164700
Catarina Gonçalves;+39 241180125
Carlos Martins;+44 392650825
Carlos Pereira;+41 473416059
Catarina Pereira;+33 618081832
Catarina Silva;+33 470434373
Carlos Martins;+44 170721414
Catarina Pereira;+33 909404079
Catarina Silva;+41 029803082
Catarina Alves;+43 868720162
Carlos Ferreira;+49 335613656
Catarina Martins;+33 953536092
Carlos Gomes;+33 347430086
Carlos Pereira;+39 144852716
Carlos Santos;+44 835480257
Catarina Gomes;+43 218808299
Catarina Fernandes;+44 913570833
Catarina Fernandes;+43 718798085
Carlos Ferreira;+43 493805987
Carlos Santos;+351 801703155
Catarina Santos;+49 595110925
Carlos Gomes;+39 315169378
Catarina Pereira;+49 248371762
Carlos Martins;+351 354258570
Carlos Santos;+39 111462236
Catarina Gonçalves;+49 800409999
Catarina Pereira;+44 998871279
Catarina Santos;+39 352316897
Carlos Gomes;+41 100601231
Carlos Santos;+32 495505111
Carlos Pereira;+49 484973177
Carlos Alves;+44 774527244
Carlos Martins;+33 095783801
Catarina Santos;+44 453533815
Carlos Fernandes;+39 048398822
Catarina Santos;+39 411418991
Carlos Pereira;+44 005639416
Catarina Silva;+32 579759426
Catarina Alves;+49 065856504
Carlos Ferreira;+32 756875735
Carlos Santos;+44 288016111
Carlos Santos;+41 517656386
Carlos Martins;+43 872789575
Carlos Gomes;+33 776348485
Carlos Gonçalves;+33 486819003
