Catarina Fernandes;+32 601660716
Carlos Santos;+33 766533922
Catarina Ferreira;+32 122820003
Catarina Martins;+49 023970374
Catarina Gonçalves;+33 475463432
Carlos Pereira;+43 642313272
Catarina Fernandes;+39 010279993
Catarina Gomes;+32 528354997
Catarina Gomes;+44 734019062
Carlos Gomes;+351 835689833
Catarina Santos;+44 269999663
Catarina Gomes;+49 880145706
Catarina Alves;+44 611017147
Catarina Mendes;+43 423405726
Carlos Mendes;+49 605589894
Catarina Mendes;+41 750287736
Catarina Pereira;+41 088729950
Catarina Mendes;+32 056064001
Catarina Gomes;+43 486942865
Carlos Pereira;+49 967469909
Carlos Gomes;+32 606337298
Carlos Ferreira;+44 410337115
Carlos Pereira;+33 574264160
Catarina Mendes;+33 185317878
Carlos Alves;+49 490048311
Catarina Pereira;+49 670048880
Carlos Gonçalves;+33 301822879
Carlos Santos;+39 098598044
Carlos Pereira;+43 914217931
Carlos Fernandes;+43 159834960
Catarina Gomes;+39 884389460
Carlos Ferreira;+33 273405737
Carlos Ferreira;+33 460485702
Catarina Fernandes;+41 120876942
Carlos Mendes;+39 979573082
Catarina Alves;+351 154445689
Catarina Martins;+32 047088711
Carlos Ferreira;+49 551244334
Catarina Gonçalves;+33 700357895
Catarina Mendes;+351 791378330
Catarina Alves;+49 566333994
Carlos Martins;+32 261688086
Carlos Pereira;+32 834249425
Carlos Mendes;+43 255308947
Carlos Alves;+44 320134548
Catarina Alves;+351 653607639
Carlos Gomes;+39 885300046
Catarina Silva;+43 646747938
Catarina Santos;+49 721199364
Carlos Santos;+44 403260776
Carlos Gomes;+39 003227848
Carlos Martins;+32 188119086
Carlos Fernandes;+44 846985552
Catarina Gomes;+32 360772170
Catarina Gonçalves;+32 398324210
Carlos Silva;+33 719175157
Carlos Gonçalves;+351 378495647
Catarina Alves;+32 626819041
Carlos Silva;+41 712479551
Carlos Ferreira;+43 928468294
Carlos Martins;+33 911512663
Carlos Gomes;+43 243168615
Catarina Alves;+41 007301767
Carlos Gomes;+49 330558093
Catarina Gonçalves;+44 070641815
Carlos Silva;+44 798235093
Catarina Silva;+43 078566884
Carlos Martins;+43 853991331
Catarina Gonçalves;+33 748787184
Catarina Pereira;+49 263774366
Carlos Gomes;+32 735670170
Catarina Mendes;+41 600507776
Catarina Ferreira;+32 610438144
Catarina Martins;+39 665094053
Carlos Silva;+44 243177550
Carlos Martins;+33 542964734
Catarina Gomes;+39 105105052
Carlos Gomes;+39 306948966
Carlos Gonçalves;+41 881588588
Carlos Ferreira;+44 207968209
Carlos Fernandes;+33 087584667
Carlos Pereira;+43 638179613
Catarina Ferreira;+39 280368601
Carlos Ferreira;+43 612529022
Carlos Fernandes;+39 077918159
Carlos Santos;+351 713383863
Catarina Fernandes;+44 998076554
Catarina Martins;+43 129442183
Catarina Mendes;+49 905166383
Carlos Pereira;+41 920739896
Catarina Fernandes;+41 004549386
Carlos Ferreira;+49 910737365
Catarina Gomes;+33 880704140
Catarina Gomes;+351 704950460
Carlos Pereira;+43 207470706
Carlos Silva;+41 975006725
Carlos Mendes;+33 613187381
Catarina Alves;+351 899729577
Carlos Mendes;+33 579345095
Catarina Gonçalves;+49 272677052
