Ricardo Mendes;+33 561386480
Rui Pereira;+32 300359815
Rui Silva;+32 892898759
Rui Mendes;+32 691561774
Ricardo Alves;+32 953549754
Ricardo Gomes;+32 726585700
Rui Gomes;+33 056733925
Ricardo Silva;+49 021948271
Rui Alves;+351 364387437
Rui Silva;+32 295073665
Ricardo Mendes;+41 958657985
Rui Mendes;+49 052462594
Rui Silva;+351 723001377
Rui Gomes;+43 763838214
Ricardo Silva;+43 927033473
Rui Alves;+41 021800080
Rui Mendes;+351 852005635
Rui Pereira;+49 071231617
Ricardo Santos;+41 164030661
Rui Ferreira;+33 701604719
Rui Martins;+33 734844158
Rui Silva;+44 758429368
Ricardo Martins;+33 405027886
Rui Gonçalves;+43 223210115
Ricardo Mendes;+32 011374804
Rui Martins;+32 152752134
Rui Alves;+44 505783421
Ricardo Gomes;+32 749590732
Rui Alves;+41 357957154
Rui Santos;+49 121940164
Ricardo Silva;+351 489262995
Rui Silva;+41 745072417
Ricardo Pereira;+44 941575484
Ricardo Silva;+351 954790225
Ricardo Silva;+351 514259415
Rui Gonçalves;+41 993373254
Ricardo Gomes;+351 300153902
Rui Alves;+44 849879837
Rui Alves;+49 483478917
Rui Gonçalves;+49 730297672
Ricardo Ferreira;+33 932389882
Rui Alves;+44 614701023
Rui Gomes;+351 234204142
Rui Martins;+44 433395071
Rui Pereira;+41 228607117
Ricardo Ferreira;+351 264321165
Rui Martins;+44 800899545
Ricardo Martins;+39 074911505
Ricardo Mendes;+32 259138460
Rui Alves;+39 275562624
Rui Silva;+41 241800058
Rui Fernandes;+39 052915726
Ricardo Mendes;+49 456572553
Ricardo Martins;+44 983773183
Ricardo Alves;+39 907311971
Ricardo Gomes;+32 943463383
Rui Martins;+33 016585194
Rui Gomes;+43 282988672
Rui Santos;+33 008925695
Ricardo Gonçalves;+39 633738521
Rui Gomes;+33 995409836
Ricardo Silva;+44 710861585
Ricardo Silva;+49 755417177
Rui Gonçalves;+41 034180417
Ricardo Gonçalves;+351 060945478
Ricardo Mendes;+44 162094040
Ricardo Fernandes;+39 686663509
Ricardo Gomes;+49 596663538
Ricardo Pereira;+39 562579029
Rui Pereira;+43 225535197
Ricardo Ferreira;+33 382592425
Ricardo Santos;+351 279590880
Rui Santos;+49 339823622
Ricardo Mendes;+41 727002060
Ricardo Alves;+351 457235403
Ricardo Silva;+43 760678788
Rui Gomes;+41 173605722
Rui Gonçalves;+41 994517612
Rui Martins;+49 405832581
Rui Ferreira;+41 052104351
Ricardo Gonçalves;+39 795821021
Ricardo Silva;+41 304423822
Ricardo Martins;+32 500223555
Ricardo Pereira;+351 681588100
Ricardo Pereira;+43 246956202
Rui Santos;+39 667344986
Ricardo Pereira;+41 392949208
Ricardo Santos;+32 502687306
Rui Ferreira;+39 650539602
Rui Ferreira;+43 557665246
Rui Alves;+351 604460919
Ricardo Santos;+351 148253469
Rui Martins;+351 388371479
Rui Santos;+41 441734195
Ricardo Santos;+41 931080583
Rui Mendes;+39 461694179
Rui Silva;+41 046480043
Ricardo Fernandes;+33 300054682
Rui Mendes;+33 715680559
Ricardo Gomes;+43 232707171
