Ana Santos;+49 095417973
Ana Alves;+44 342582517
Ana Gonçalves;+43 674939190
Ana Silva;+49 813073650
Ana Gomes;+44 908804585
Ana Ferreira;+351 628805989
Ana Martins;+41 660731762
Ana Martins;+41 007590503
Ana Fernandes;+49 753611504
Ana Mendes;+43 692011722
Ana Martins;+32 825075945
Ana Mendes;+32 274275040
Ana Pereira;+39 774903309
Ana Gonçalves;+43 006608498
Ana Gonçalves;+41 390282496
Ana Gonçalves;+44 675354416
Ana Fernandes;+43 225053649
Ana Alves;+32 897028703
Ana Silva;+44 515300685
Ana Silva;+44 659235664
Ana Martins;+32 358913801
Ana Mendes;+44 833493817
Ana Ferreira;+41 111999416
Ana Alves;+43 345806049
Ana Silva;+32 699293648
Ana Pereira;+32 593628163
Ana Gonçalves;+44 576413740
Ana Martins;+351 330810467
Ana Santos;+32 214627032
Ana Pereira;+44 337034299
Ana Alves;+43 021303126
Ana Silva;+44 084363378
Ana Fernandes;+351 375079738
Ana Martins;+39 639740345
Ana Martins;+44 529940179
Ana Pereira;+49 826829682
Ana Alves;+33 077773421
Ana Silva;+44 511682533
Ana Mendes;+351 926937564
Ana Silva;+33 245989644
Ana Alves;+41 963885017
Ana Alves;+49 182567225
Ana Gonçalves;+351 910984885
Ana Fernandes;+41 131960297
Ana Alves;+49 326843946
Ana Gomes;+44 388334821
Ana Alves;+39 450331117
Ana Alves;+49 156843467
Ana Gomes;+41 640247722
Ana Martins;+39 441376997
Ana Gonçalves;+33 028935776
Ana Ferreira;+32 084520305
Ana Gonçalves;+49 288989554
Ana Santos;+351 358024502
Ana Martins;+39 093376935
Ana Gomes;+44 059787706
Ana Santos;+33 551919707
Ana Gonçalves;+43 485257006
Ana Mendes;+49 160846419
Ana Ferreira;+41 798374821
Ana Mendes;+351 764877208
Ana Gomes;+43 496533804
Ana Gomes;+41 016428084
Ana Gomes;+33 226212716
Ana Fernandes;+33 911574241
Ana Mendes;+351 186397361
Ana Santos;+32 208042244
Ana Alves;+351 592303755
Ana Mendes;+33 349093560
Ana Gonçalves;+49 075168395
Ana Gomes;+43 299341502
Ana Gonçalves;+32 248182155
Ana Mendes;+49 740164085
Ana Ferreira;+41 135283666
Ana Ferreira;+41 215053790
Ana Martins;+49 534036508
Ana Mendes;+39 015496155
Ana Mendes;+32 914036495
Ana Martins;+41 814399742
Ana Fernandes;+32 770865726
Ana Ferreira;+43 178844283
Ana Mendes;+43 115007846
Ana Silva;+351 707836710
Ana Pereira;+32 346971375
Ana Gonçalves;+39 116265638
Ana Fernandes;+351 017700385
Ana Silva;+33 055600098
Ana Santos;+44 448976388
Ana Gomes;+39 247842877
Ana Mendes;+41 566640328
Ana Mendes;+43 253320842
Ana Silva;+44 382283234
Ana Ferreira;+32 616477950
Ana Mendes;+43 181960018
Ana Pereira;+351 005659042
Ana Fernandes;+33 970342950
Ana Santos;+33 572636445
Ana Martins;+32 936638569
Ana Martins;+39 620484875
Ana Santos;+41 026500905
