Catarina Santos;+43 127169516
Carlos Gomes;+32 134907965
Catarina Mendes;+32 875898262
Catarina Silva;+44 226633650
Carlos Gonçalves;+39 649093956
Carlos Ferreira;+351 358402345
Catarina Martins;+49 107075940
Carlos Gonçalves;+43 398357330
Carlos Gonçalves;+32 765770010
Catarina Gomes;+41 936291093
Catarina Silva;+49 788272334
Carlos Alves;+49 226854224
Catarina Ferreira;+41 254229417
Carlos Gonçalves;+49 652764769
Carlos Gomes;+41 869714318
Catarina Silva;+43 267248740
Catarina Silva;+44 372044352
Catarina Gomes;+49 975945346
Carlos Martins;+43 660652229
Catarina Pereira;+49 938799450
Carlos Gonçalves;+351 601881067
Catarina Fernandes;+33 312257016
Carlos Mendes;+351 934193123
Catarina Gonçalves;+32 395067813
Carlos Alves;+32 622965923
Catarina Pereira;+44 595661285
Carlos Ferreira;+43 421114792
Carlos Ferreira;+44 129440713
Catarina Gonçalves;+43 871348879
Catarina Silva;+32 103421745
Catarina Alves;+32 281957205
Catarina Silva;+351 825478498
Carlos Silva;+44 959671996
Catarina Mendes;+41 728286197
Catarina Gonçalves;+44 998709557
Carlos Gomes;+351 384734057
Catarina Fernandes;+49 554496473
Carlos Mendes;+32 891986959
Carlos Santos;+49 070990449
Catarina Mendes;+39 953741366
Carlos Gonçalves;+49 901627357
Carlos Mendes;+351 740124025
Carlos Martins;+33 893998854
Catarina Fernandes;+351 385652567
Carlos Pereira;+351 947847518
Carlos Mendes;+43 385711935
Carlos Santos;+41 462001508
Carlos Martins;+44 422751740
Catarina Mendes;+33 602504584
Carlos Martins;+44 553687426
Catarina Pereira;+32 764330577
Carlos Ferreira;+39 118768565
Catarina Ferreira;+33 752367778
Catarina Alves;+41 614155604
Carlos Silva;+32 994076957
Catarina Gonçalves;+39 833599511
Catarina Silva;+41 800755968
Catarina Fernandes;+39 785788362
Catarina Mendes;+351 864597845
Carlos Alves;+32 950726100
Catarina Santos;+39 417458115
Catarina Gomes;+39 050095732
Carlos Martins;+32 826202277
Catarina Alves;+39 953861516
Catarina Martins;+44 526150368
Carlos Santos;+41 349486912
Carlos Santos;+39 914789424
Carlos Gonçalves;+351 534866269
Catarina Martins;+43 477453961
Catarina Gomes;+43 609426894
Catarina Pereira;+32 935710654
Carlos Martins;+44 666358213
Carlos Silva;+41 503703845
Carlos Pereira;+351 642980952
Catarina Santos;+39 292250393
Catarina Gonçalves;+33 508355473
Catarina Santos;+351 510108622
Carlos Gonçalves;+41 311387295
Catarina Pereira;+33 037847804
Catarina Santos;+39 253179243
Catarina Santos;+49 863956654
Carlos Ferreira;+49 852016312
Catarina Gonçalves;+43 897357418
Carlos Alves;+351 104718160
Carlos Pereira;+43 115620842
Catarina Pereira;+32 641286633
Carlos Martins;+39 312271438
Catarina Martins;+44 298141974
Catarina Mendes;+44 851399519
Carlos Gonçalves;+41 338664520
Carlos Santos;+33 554064615
Carlos Pereira;+33 829606670
Catarina Silva;+39 514271625
Carlos Alves;+39 996335786
Carlos Martins;+44 648946372
Carlos Santos;+351 680568265
Carlos Santos;+43 955117874
Carlos Gonçalves;+44 249972169
Catarina Santos;+49 072183691
Carlos Mendes;+32 184419160
