Catarina Silva;+44 237531908
Carlos Fernandes;+41 493499956
Carlos Martins;+49 211306191
Carlos Santos;+351 079738265
Carlos Mendes;+44 372680796
Catarina Fernandes;+43 581229980
Catarina Fernandes;+44 497773506
Catarina Ferreira;+32 629276564
Carlos Pereira;+33 872967478
Catarina Mendes;+351 091963420
Carlos Gonçalves;+32 098190113
Carlos Alves;+44 925600258
Catarina Gomes;+49 370939834
Catarina Alves;+32 550870232
Catarina Alves;+39 438107303
Catarina Ferreira;+44 738236685
Catarina Alves;+33 310016220
Catarina Alves;+32 910633813
Catarina Silva;+351 250077323
Carlos Martins;+44 294694559
Carlos Fernandes;+32 929055438
Carlos Fernandes;+43 229498385
Carlos Silva;+44 887873056
Catarina Gomes;+351 724808400
Catarina Gomes;+33 793633588
Carlos Gonçalves;+43 778765323
Carlos Alves;+44 347657901
Catarina Pereira;+32 566538272
Catarina Ferreira;+41 445966192
Catarina Gonçalves;+49 563492291
Catarina Fernandes;+43 169637117
Carlos Gonçalves;+351 134178035
Carlos Silva;+44 794760776
Carlos Gomes;+351 186036050
Carlos Ferreira;+32 592894809
Carlos Gonçalves;+33 938550409
Carlos Silva;+44 155737985
Carlos Santos;+351 274464640
Carlos Gonçalves;+32 122949264
Catarina Ferreira;+44 227655672
Catarina Fernandes;+49 838986281
Catarina Alves;+41 688623668
Catarina Martins;+49 451666077
Carlos Santos;+49 726001179
Carlos Ferreira;+33 623408588
Carlos Mendes;+32 546837372
Catarina Pereira;+41 085788951
Catarina Fernandes;+33 443846850
Carlos Gonçalves;+44 645123065
Catarina Fernandes;+43 363797234
Carlos Gonçalves;+351 397491471
Catarina Gomes;+351 034090114
Carlos Gonçalves;+41 767274502
Carlos Santos;+44 368700000
Carlos Fernandes;+32 409206249
Carlos Pereira;+43 338329801
Catarina Alves;+49 662926268
Carlos Fernandes;+41 632917242
Catarina Silva;+43 498344644
Catarina Mendes;+39 393576435
Catarina Mendes;+44 644924059
Carlos Martins;+49 314039527
Carlos Pereira;+32 116842004
Catarina Gomes;+49 040493850
Carlos Gomes;+33 262784685
Carlos Martins;+41 274203073
Catarina Alves;+43 757718112
Catarina Ferreira;+49 356384657
Catarina Ferreira;+44 712452002
Catarina Mendes;+49 025256834
Catarina Mendes;+41 844517181
Catarina Santos;+32 160137753
Catarina Martins;+351 648570091
Carlos Gomes;+41 489473109
Carlos Alves;+41 871450140
Catarina Ferreira;+33 983213376
Carlos Martins;+33 487020464
Carlos Martins;+41 617548052
Catarina Ferreira;+41 627237196
Catarina Ferreira;+32 871104803
Carlos Ferreira;+32 486929682
Catarina Mendes;+351 799730840
Catarina Gonçalves;+44 825592528
Catarina Pereira;+351 113723668
Carlos Fernandes;+32 409880135
Catarina Mendes;+49 009135942
Carlos Santos;+41 894705318
Catarina Mendes;+43 555450474
Carlos Santos;+43 736639766
Carlos Mendes;+32 289752580
Carlos Santos;+33 634182586
Carlos Gomes;+351 204187432
Catarina Mendes;+41 531150281
Carlos Silva;+39 846439496
Catarina Gomes;+39 715581994
Catarina Santos;+351 967555767
Carlos Fernandes;+39 127357508
Carlos Mendes;+43 476678058
Carlos Santos;+41 223429507
Catarina Fernandes;+43 734329489
