Ricardo Fernandes;+33 841706585
Rui Gonçalves;+43 664052125
Ricardo Santos;+41 761416763
Ricardo Martins;+32 420643177
Ricardo Mendes;+351 047571554
Ricardo Mendes;+44 055660519
Rui Gomes;+44 402064311
Rui Alves;+41 628391041
Rui Silva;+39 489317326
Ricardo Mendes;+49 830271418
Ricardo Santos;+49 081276460
Rui Santos;+49 885873684
Ricardo Martins;+44 909934718
Ricardo Ferreira;+32 073273264
Rui Gonçalves;+44 023169230
Rui Mendes;+351 308390345
Ricardo Pereira;+43 499369151
Ricardo Silva;+33 157164196
Ricardo Silva;+33 477402304
Rui Ferreira;+43 860374074
Ricardo Gomes;+39 347593386
Rui Gonçalves;+49 063378424
Rui Gonçalves;+32 992578112
Rui Ferreira;+351 366226300
Rui Fernandes;+32 288339239
Ricardo Gomes;+41 652352497
Ricardo Gonçalves;+44 366983220
Ricardo Pereira;+49 205377817
Ricardo Fernandes;+33 986229761
Ricardo Martins;+32 990574504
Rui Mendes;+41 951331390
Rui Gonçalves;+351 315481614
Ricardo Silva;+33 199116286
Rui Mendes;+43 009095484
Ricardo Gonçalves;+49 709184362
Ricardo Gonçalves;+49 379517419
Rui Santos;+43 773616584
Rui Mendes;+33 803714563
Ricardo Alves;+44 000701457
Rui Silva;+44 353434159
Ricardo Martins;+39 469111948
Ricardo Pereira;+44 180606939
Ricardo Gonçalves;+44 737289768
Ricardo Gomes;+33 834146574
Ricardo Mendes;+32 993052353
Ricardo Santos;+49 046581469
Ricardo Mendes;+49 242942153
Rui Fernandes;+33 760526118
Rui Fernandes;+49 874315730
Rui Gomes;+32 865903532
Ricardo Gomes;+39 995093318
Ricardo Mendes;+351 311518204
Rui Martins;+43 336739961
Rui Fernandes;+41 824283958
Rui Gonçalves;+39 757956614
Ricardo Santos;+44 858673294
Ricardo Pereira;+43 181152428
Ricardo Alves;+32 899669287
Ricardo Ferreira;+351 618491136
Ricardo Martins;+41 912451758
Rui Santos;+33 420029343
Rui Santos;+43 822181704
Ricardo Pereira;+41 191856029
Ricardo Martins;+33 917328233
Ricardo Fernandes;+43 981996497
Rui Pereira;+33 414015772
Rui Fernandes;+33 415274802
Rui Gonçalves;+351 531447635
Rui Santos;+41 153816757
Rui Mendes;+43 883182458
Ricardo Gonçalves;+43 145217744
Ricardo Fernandes;+33 611408652
Rui Martins;+41 330528931
Rui Fernandes;+44 932801690
Rui Martins;+43 892989988
Rui Gomes;+44 310702191
Ricardo Pereira;+44 538554359
Ricardo Gomes;+32 993443104
Ricardo Gomes;+351 360123582
Ricardo Martins;+44 628310542
Ricardo Mendes;+351 521046788
Ricardo Silva;+33 830379846
Rui Martins;+49 001587900
Ricardo Mendes;+44 936259103
Ricardo Pereira;+33 757947666
Ricardo Gomes;+351 322674054
Rui Gonçalves;+351 613556511
Rui Alves;+49 245608375
Rui Fernandes;+43 155761954
Ricardo Gomes;+32 621888575
Ricardo Alves;+41 286177645
Ricardo Santos;+49 643838600
Ricardo Mendes;+49 548571555
Ricardo Silva;+351 626145955
Rui Ferreira;+32 236865799
Ricardo Alves;+41 025340224
Rui Silva;+351 633046562
Rui Silva;+49 372889400
Ricardo Alves;+44 610025855
Ricardo Mendes;+39 346732578
