Ana Martins;+39 761152790
Ana Santos;+43 205811558
Ana Martins;+49 475493901
Ana Martins;+41 725552066
Ana Pereira;+49 093789105
Ana Alves;+43 969407332
Ana Gomes;+39 816144590
Ana Gonçalves;+49 027630022
Ana Gomes;+41 100298094
Ana Silva;+33 249420764
Ana Mendes;+44 556227564
Ana Santos;+41 714629149
Ana Pereira;+44 645177853
Ana Mendes;+44 797609850
Ana Silva;+49 900134803
Ana Fernandes;+33 797025855
Ana Gomes;+351 417648806
Ana Alves;+32 692389214
Ana Gonçalves;+44 472257847
Ana Alves;+49 707916029
Ana Silva;+32 564057742
Ana Silva;+33 071258901
Ana Fernandes;+39 785552312
Ana Gonçalves;+49 185218071
Ana Gomes;+41 344627046
Ana Mendes;+33 458690513
Ana Gomes;+39 118909884
Ana Gonçalves;+41 624030154
Ana Gomes;+39 326209648
Ana Santos;+39 260521322
Ana Ferreira;+43 259182771
Ana Fernandes;+41 583486611
Ana Gonçalves;+33 117065611
Ana Silva;+351 109574768
Ana Fernandes;+32 916903723
Ana Fernandes;+33 842668027
Ana Alves;+41 576902426
Ana Gomes;+32 105601540
Ana Pereira;+43 002467655
Ana Santos;+351 638460666
Ana Silva;+49 960182034
Ana Mendes;+32 429163330
Ana Alves;+49 598727991
Ana Santos;+33 415988319
Ana Gonçalves;+43 637358309
Ana Mendes;+32 443481306
Ana Mendes;+351 457384075
Ana Ferreira;+43 023404148
Ana Silva;+49 076856809
Ana Gonçalves;+351 394692622
Ana Mendes;+43 344146205
Ana Gomes;+32 840073191
Ana Gomes;+49 460125008
Ana Martins;+43 346165851
Ana Mendes;+44 942533964
Ana Pereira;+32 016789047
Ana Mendes;+39 921970443
Ana Ferreira;+49 074463088
Ana Pereira;+43 722553899
Ana Silva;+49 604335836
Ana Gomes;+351 684101692
Ana Gonçalves;+39 547527512
Ana Pereira;+43 736758938
Ana Mendes;+41 957042648
Ana Pereira;+43 948720381
Ana Ferreira;+49 915030576
Ana Gonçalves;+351 722181882
Ana Santos;+33 265856709
Ana Silva;+32 511196351
Ana Fernandes;+351 141209211
Ana Alves;+44 425512011
Ana Mendes;+33 887088303
Ana Fernandes;+39 786270473
Ana Gomes;+351 918493067
Ana Pereira;+351 828221017
Ana Martins;+351 046348083
Ana Santos;+44 716152628
Ana Martins;+32 269168626
Ana Fernandes;+39 357705996
Ana Silva;+351 387181602
Ana Alves;+32 902010317
Ana Pereira;+32 260672739
Ana Gomes;+33 519727037
Ana Silva;+44 883052602
Ana Pereira;+39 485370839
Ana Ferreira;+49 944300364
Ana Gonçalves;+44 901292427
Ana Gomes;+44 897019337
Ana Mendes;+49 933467519
Ana Silva;+39 427520851
Ana Pereira;+39 257931489
Ana Santos;+39 299990235
Ana Fernandes;+33 213245485
Ana Fernandes;+43 644104381
Ana Gomes;+49 159745448
Ana Pereira;+41 078309099
Ana Martins;+44 244535223
Ana Silva;+44 893026053
Ana Santos;+351 506339995
Ana Gonçalves;+43 569054851
