Sofia Mendes;+32 657143941
Sofia Fernandes;+39 573554103
Sofia Ferreira;+49 421539777
Sofia Pereira;+351 791677832
Sofia Silva;+41 269582664
Sofia Alves;+33 806573230
Sofia Gomes;+33 519419571
Sofia Gomes;+41 399234149
Sofia Pereira;+41 157920082
Sofia Gonçalves;+49 927913698
Sofia Ferreira;+49 866763196
Sofia Mendes;+43 358204847
Sofia Mendes;+44 935553220
Sofia Silva;+44 449568861
Sofia Silva;+43 234392472
Sofia Gonçalves;+351 330623143
Sofia Pereira;+41 074508093
Sofia Gonçalves;+33 716394686
Sofia Pereira;+41 258377513
Sofia Fernandes;+44 427579535
Sofia Fernandes;+44 496775687
Sofia Fernandes;+41 049462190
Sofia Santos;+49 604368652
Sofia Santos;+41 034820291
Sofia Gonçalves;+43 189904343
Sofia Fernandes;+43 007586000
Sofia Silva;+43 474835883
Sofia Ferreira;+49 518700588
Sofia Gomes;+41 159571255
Sofia Silva;+43 204432335
Sofia Pereira;+351 574788818
Sofia Pereira;+351 642413391
Sofia Martins;+351 694163185
Sofia Mendes;+43 696860717
Sofia Santos;+32 279525803
Sofia Ferreira;+44 692343518
Sofia Gomes;+44 174526474
Sofia Mendes;+32 759054221
Sofia Pereira;+351 083237465
Sofia Ferreira;+351 641448195
Sofia Mendes;+43 224404277
Sofia Martins;+351 107311737
Sofia Mendes;+351 117858518
Sofia Fernandes;+49 936252309
Sofia Santos;+32 908508759
Sofia Fernandes;+32 535183544
Sofia Martins;+351 072869980
Sofia Fernandes;+39 240995259
Sofia Gonçalves;+44 365285190
Sofia Santos;+41 246484102
Sofia Pereira;+41 710509272
Sofia Mendes;+33 560943894
Sofia Silva;+43 718538100
Sofia Martins;+43 462463237
Sofia Santos;+39 303422919
Sofia Gonçalves;+43 129124941
Sofia Alves;+43 192713200
Sofia Ferreira;+44 955793046
Sofia Silva;+33 517559862
Sofia Ferreira;+49 128483670
Sofia Alves;+43 794565385
Sofia Mendes;+351 651166604
Sofia Gomes;+41 869561001
Sofia Santos;+43 782973284
Sofia Alves;+43 331804109
Sofia Mendes;+33 735349213
Sofia Silva;+39 904446367
Sofia Gomes;+33 516894290
Sofia Santos;+41 276140644
Sofia Alves;+43 173108632
Sofia Fernandes;+39 413214450
Sofia Fernandes;+39 765957004
Sofia Gomes;+32 240886216
Sofia Silva;+44 625517323
Sofia Mendes;+43 000598095
Sofia Santos;+39 954369098
Sofia Mendes;+351 038926834
Sofia Silva;+33 877690940
Sofia Santos;+33 985865651
Sofia Santos;+49 588070327
Sofia Fernandes;+33 739871533
Sofia Gonçalves;+43 967167999
Sofia Alves;+44 713394486
Sofia Alves;+32 606645290
Sofia Mendes;+32 192176273
Sofia Pereira;+32 989877229
Sofia Silva;+49 072469641
Sofia Pereira;+41 466677567
Sofia Mendes;+39 899057969
Sofia Mendes;+44 991681774
Sofia Gomes;+39 807399767
Sofia Gonçalves;+33 279379178
Sofia Martins;+49 748023546
Sofia Pereira;+351 948100741
Sofia Gonçalves;+44 690801063
Sofia Fernandes;+49 656200377
Sofia Pereira;+33 204085496
Sofia Silva;+33 723035705
Sofia Ferreira;+33 423649629
Sofia Pereira;+39 070169023
