Sofia Ferreira;+44 238976900
Sofia Gomes;+49 731843771
Sofia Alves;+33 028974699
Sofia Mendes;+44 754139217
Sofia Silva;+49 524735704
Sofia Alves;+351 508401682
Sofia Gonçalves;+351 517326375
Sofia Alves;+49 742926284
Sofia Fernandes;+33 503327481
Sofia Ferreira;+39 476498617
Sofia Gomes;+39 911643618
Sofia Gomes;+32 922041551
Sofia Gonçalves;+33 383300790
Sofia Santos;+43 599398583
Sofia Mendes;+41 155093116
Sofia Gomes;+49 167541500
Sofia Pereira;+39 377470885
Sofia Martins;+43 691223807
Sofia Ferreira;+32 981172242
Sofia Martins;+41 107986782
Sofia Alves;+33 519669430
Sofia Ferreira;+41 428133315
Sofia Gomes;+39 842729270
Sofia Alves;+49 005333967
Sofia Martins;+43 970380905
Sofia Mendes;+32 509612034
Sofia Gonçalves;+33 868929100
Sofia Ferreira;+32 476189683
Sofia Fernandes;+33 940541375
Sofia Silva;+32 474889588
Sofia Gonçalves;+41 007811197
Sofia Fernandes;+39 230540773
Sofia Silva;+43 446428544
Sofia Gonçalves;+39 046228209
Sofia Pereira;+33 632465024
Sofia Silva;+41 028247262
Sofia Silva;+44 824979741
Sofia Ferreira;+33 347907961
Sofia Silva;+44 900527658
Sofia Ferreira;+33 409933587
Sofia Alves;+39 027417440
Sofia Alves;+33 102070166
Sofia Alves;+33 957966499
Sofia Santos;+351 824869566
Sofia Gomes;+351 760434741
Sofia Fernandes;+44 604682531
Sofia Ferreira;+43 245485808
Sofia Alves;+41 914953484
Sofia Ferreira;+39 649947989
Sofia Santos;+33 454114657
Sofia Pereira;+44 916454392
Sofia Silva;+351 915225478
Sofia Alves;+351 371125689
Sofia Santos;+43 470634892
Sofia Mendes;+351 656276382
Sofia Santos;+44 552806997
Sofia Pereira;+351 831417125
Sofia Mendes;+32 641124029
Sofia Gonçalves;+43 788499236
Sofia Mendes;+44 499008152
Sofia Martins;+43 455763441
Sofia Santos;+44 983942340
Sofia Pereira;+351 004637439
Sofia Silva;+32 818151756
Sofia Alves;+49 763375424
Sofia Ferreira;+39 591183047
Sofia Gomes;+49 826430024
Sofia Martins;+32 823249650
Sofia Gonçalves;+44 601687923
Sofia Gonçalves;+49 502817789
Sofia Fernandes;+49 220761732
Sofia Martins;+43 651212550
Sofia Santos;+49 602067723
Sofia Gomes;+44 576774636
Sofia Ferreira;+44 519059949
Sofia Gomes;+43 289179290
Sofia Martins;+44 397812614
Sofia Fernandes;+351 219028279
Sofia Santos;+33 008884561
Sofia Alves;+33 116864048
Sofia Gonçalves;+33 681625276
Sofia Fernandes;+33 156906717
Sofia Santos;+33 298756340
Sofia Pereira;+49 269976899
Sofia Ferreira;+39 770750221
Sofia Gomes;+33 032986835
Sofia Fernandes;+33 602834716
Sofia Pereira;+49 004288221
Sofia Silva;+32 212457324
Sofia Alves;+351 968052579
Sofia Silva;+44 088523464
Sofia Gomes;+44 906627688
Sofia Santos;+41 556982473
Sofia Gomes;+33 603175807
Sofia Mendes;+32 216267624
Sofia Silva;+33 544723990
Sofia Alves;+44 718494278
Sofia Fernandes;+43 378573526
Sofia Gomes;+351 574930675
Sofia Gonçalves;+33 844635566
