Rui Alves;+49 773360919
Ricardo Santos;+33 631175143
Ricardo Silva;+39 924376650
Ricardo Fernandes;+39 749550917
Rui Fernandes;+33 595484567
Ricardo Santos;+351 055695423
Ricardo Martins;+49 939260005
Rui Gonçalves;+44 094887654
Rui Santos;+43 379901766
Ricardo Pereira;+49 204317234
Rui Gomes;+49 749403641
Ricardo Ferreira;+43 302927224
Ricardo Martins;+44 370092047
Ricardo Alves;+44 634639078
Rui Silva;+43 748261272
Ricardo Fernandes;+44 478014841
Ricardo Gomes;+33 680699175
Ricardo Fernandes;+43 489792051
Ricardo Alves;+44 964977547
Rui Fernandes;+44 988052771
Ricardo Mendes;+32 213893457
Ricardo Santos;+33 762063034
Ricardo Gonçalves;+32 465922090
Rui Alves;+351 176040097
Rui Ferreira;+43 855847143
Rui Silva;+351 341353575
Rui Gomes;+32 009393523
Ricardo Alves;+33 562057631
Ricardo Mendes;+32 511620083
Ricardo Ferreira;+41 309908597
Rui Fernandes;+44 435565372
Rui Gonçalves;+32 382343440
Ricardo Pereira;+44 255448560
Rui Silva;+39 246125792
Rui Mendes;+351 120455598
Ricardo Pereira;+32 526091882
Rui Ferreira;+49 642573878
Ricardo Gomes;+44 573430589
Ricardo Silva;+33 833918684
Ricardo Martins;+351 941182758
Rui Ferreira;+49 275197413
Rui Martins;+351 902232969
Rui Martins;+39 458812660
Ricardo Santos;+39 733940746
Ricardo Martins;+33 893354842
Rui Fernandes;+41 622643905
Rui Martins;+32 901280262
Rui Fernandes;+39 879640681
Rui Gonçalves;+39 469473283
Rui Gonçalves;+49 100404739
Ricardo Fernandes;+32 660966563
Rui Martins;+33 816225547
Ricardo Alves;+49 574061947
Rui Silva;+351 585082566
Ricardo Ferreira;+33 667523651
Rui Pereira;+32 639845863
Ricardo Fernandes;+44 470910154
Ricardo Silva;+41 294673377
Ricardo Alves;+351 635297644
Ricardo Gonçalves;+39 278400573
Ricardo Gonçalves;+33 716690051
Rui Martins;+43 815491646
Rui Alves;+49 807706650
Rui Fernandes;+44 640894248
Rui Alves;+49 120027255
Ricardo Santos;+49 448715629
Ricardo Gomes;+43 079716643
Ricardo Alves;+32 394707672
Rui Gonçalves;+41 306512177
Ricardo Gomes;+39 278305557
Rui Ferreira;+351 537586285
Rui Pereira;+43 241535612
Ricardo Martins;+33 423704306
Ricardo Silva;+41 706447567
Rui Martins;+41 985267677
Ricardo Santos;+33 291117269
Ricardo Gomes;+39 970175761
Rui Mendes;+351 784799489
Rui Ferreira;+32 642169723
Ricardo Martins;+39 153280439
Ricardo Gomes;+44 309052157
Rui Gomes;+32 140210443
Ricardo Gonçalves;+351 156950538
Rui Fernandes;+39 501959723
Ricardo Santos;+32 452522141
Ricardo Martins;+49 389407947
Ricardo Pereira;+33 379132644
Ricardo Santos;+33 429475730
Rui Ferreira;+32 667578312
Rui Gonçalves;+351 927765117
Rui Mendes;+33 652249692
Ricardo Silva;+41 501884985
Ricardo Fernandes;+49 292195581
Ricardo Mendes;+44 154585704
Rui Gomes;+41 588430010
Ricardo Mendes;+33 298898847
Rui Gomes;+33 997056314
Ricardo Ferreira;+44 680772118
Ricardo Gonçalves;+32 604626023
Rui Alves;+44 695898723
