Catarina Fernandes;+43 084658019
Catarina Mendes;+43 200239969
Carlos Martins;+351 919322809
Catarina Martins;+49 336527772
Catarina Gomes;+33 487899673
Carlos Pereira;+49 966049083
Catarina Santos;+32 907620391
Catarina Fernandes;+39 932566569
Carlos Martins;+351 207295435
Catarina Ferreira;+351 686271247
Carlos Silva;+32 637968645
Catarina Pereira;+32 680071118
Carlos Alves;+44 976851231
Catarina Pereira;+41 258329305
Catarina Gonçalves;+44 973482421
Carlos Ferreira;+351 598704706
Catarina Ferreira;+32 500663512
Catarina Silva;+43 919738209
Catarina Gonçalves;+39 545960626
Catarina Ferreira;+32 978335764
Catarina Pereira;+351 317609545
Catarina Martins;+44 880336899
Catarina Silva;+44 739000541
Catarina Mendes;+44 873880407
Carlos Pereira;+39 829314690
Catarina Martins;+44 125858181
Carlos Ferreira;+39 433876019
Carlos Gomes;+49 649073472
Carlos Gonçalves;+32 130512555
Catarina Fernandes;+351 872818201
Catarina Fernandes;+49 992094678
Catarina Martins;+43 427197032
Catarina Gonçalves;+49 007220778
Carlos Mendes;+33 569804696
Catarina Santos;+49 802711924
Carlos Fernandes;+49 137509875
Catarina Silva;+33 476516236
Catarina Gomes;+43 631084323
Carlos Ferreira;+44 469784423
Carlos Gonçalves;+33 742819221
Catarina Alves;+41 692679634
Catarina Pereira;+39 713523403
Carlos Ferreira;+49 580178358
Carlos Ferreira;+41 418293970
Catarina Gomes;+41 417117342
Catarina Ferreira;+41 449632612
Carlos Ferreira;+43 248400995
Catarina Fernandes;+351 530832824
Carlos Silva;+43 316050093
Carlos Alves;+43 499587629
Catarina Silva;+43 381520306
Catarina Gonçalves;+351 276677828
Carlos Ferreira;+351 151947178
Carlos Silva;+44 448415072
Catarina Gomes;+41 227216206
Catarina Ferreira;+49 051559343
Carlos Martins;+39 996397748
Carlos Martins;+33 070832249
Carlos Fernandes;+49 651771307
Carlos Mendes;+32 059583598
Catarina Gomes;+44 816713515
Catarina Silva;+44 099517051
Catarina Santos;+49 095473033
Carlos Gonçalves;+43 907487268
Carlos Santos;+49 123763264
Catarina Silva;+44 457729217
Carlos Gomes;+49 552121728
Carlos Santos;+49 382245753
Catarina Gonçalves;+33 999958739
Catarina Martins;+44 233153403
Catarina Gomes;+43 453622675
Carlos Santos;+351 952504524
Carlos Martins;+39 226157114
Carlos Gomes;+33 891452440
Catarina Fernandes;+351 022871942
Carlos Ferreira;+43 528443528
Carlos Gomes;+44 993390562
Catarina Santos;+39 564874793
Carlos Ferreira;+351 131110957
Carlos Ferreira;+49 131615105
Catarina Mendes;+41 771335298
Catarina Gomes;+39 803259958
Carlos Alves;+39 573189577
Catarina Gonçalves;+351 848191285
Catarina Santos;+351 036752197
Catarina Pereira;+39 489509840
Carlos Ferreira;+39 927949023
Catarina Mendes;+32 062612557
Carlos Gomes;+32 975626423
Carlos Gonçalves;+33 278709141
Carlos Silva;+44 567571491
Catarina Pereira;+43 916393448
Carlos Silva;+39 102242201
Catarina Martins;+32 776763181
Catarina Mendes;+33 017972333
Catarina Silva;+49 963074450
Catarina Gomes;+33 273226685
Catarina Mendes;+44 155803041
Catarina Santos;+49 701038285
Catarina Silva;+33 509944457
