Sofia Martins;+32 287644236
Sofia Santos;+41 946270928
Sofia Silva;+43 021286250
Sofia Alves;+44 452326484
Sofia Alves;+32 993743539
Sofia Pereira;+41 302672511
Sofia Ferreira;+49 333053838
Sofia Gonçalves;+49 703078797
Sofia Santos;+351 542348331
Sofia Mendes;+49 435623205
Sofia Mendes;+39 263931171
Sofia Alves;+44 803463276
Sofia Gomes;+43 718603445
Sofia Gomes;+33 297899116
Sofia Alves;+41 531516178
Sofia Gomes;+33 925095422
Sofia Pereira;+43 736935414
Sofia Silva;+43 622811214
Sofia Ferreira;+32 260487062
Sofia Fernandes;+351 044511003
Sofia Silva;+49 614967150
Sofia Ferreira;+32 359404259
Sofia Silva;+351 519692875
Sofia Fernandes;+41 355233270
Sofia Gonçalves;+39 624345312
Sofia Ferreira;+351 083694443
Sofia Gonçalves;+49 464757827
Sofia Pereira;+39 375962584
Sofia Ferreira;+41 185589200
Sofia Silva;+39 234703075
Sofia Pereira;+41 789390799
Sofia Silva;+32 841467563
Sofia Santos;+43 118869548
Sofia Alves;+49 291802019
Sofia Pereira;+351 030875518
Sofia Gonçalves;+41 478703437
Sofia Pereira;+32 398627082
Sofia Gonçalves;+351 488428565
Sofia Fernandes;+39 505378012
Sofia Gonçalves;+351 739031199
Sofia Alves;+49 779663990
Sofia Gomes;+351 877550053
Sofia Santos;+351 033872071
Sofia Martins;+33 645124806
Sofia Alves;+43 434662605
Sofia Mendes;+49 257977274
Sofia Pereira;+39 390146746
Sofia Mendes;+43 982048964
Sofia Mendes;+351 203999496
Sofia Silva;+49 367613152
Sofia Silva;+43 529069692
Sofia Mendes;+351 331973327
Sofia Mendes;+33 951812221
Sofia Pereira;+44 421455457
Sofia Pereira;+49 518296692
Sofia Gonçalves;+32 888169570
Sofia Fernandes;+32 125647251
Sofia Mendes;+351 873933149
Sofia Gonçalves;+41 651343161
Sofia Alves;+49 323075929
Sofia Alves;+49 404771784
Sofia Mendes;+33 963992689
Sofia Alves;+351 642865220
Sofia Mendes;+39 701287919
Sofia Silva;+39 742958795
Sofia Martins;+41 447755437
Sofia Ferreira;+39 786681592
Sofia Santos;+39 234970963
Sofia Gomes;+49 654023701
Sofia Mendes;+49 569455840
Sofia Silva;+49 688947743
Sofia Gonçalves;+351 684010438
Sofia Santos;+41 798649282
Sofia Fernandes;+49 596019633
Sofia Santos;+32 955075425
Sofia Gomes;+44 212672897
Sofia Alves;+32 315666370
Sofia Fernandes;+33 759282668
Sofia Gonçalves;+33 402749349
Sofia Fernandes;+351 395554363
Sofia Gonçalves;+43 315905400
Sofia Gomes;+351 228316218
Sofia Mendes;+39 291352880
Sofia Pereira;+33 173325069
Sofia Pereira;+41 853069135
Sofia Gomes;+49 585803789
Sofia Mendes;+33 336402077
Sofia Fernandes;+44 491146189
Sofia Santos;+43 799404885
Sofia Santos;+41 599824541
Sofia Pereira;+39 596998023
Sofia Gomes;+49 498103711
Sofia Pereira;+41 452048398
Sofia Gonçalves;+41 505503996
Sofia Santos;+43 086437662
Sofia Mendes;+49 754686011
Sofia Alves;+33 911750561
Sofia Ferreira;+351 785637795
Sofia Ferreira;+43 363589678
Sofia Gomes;+33 607331875
