Sofia Pereira;+32 286613808
Sofia Pereira;+41 313176016
Sofia Martins;+43 295726215
Sofia Santos;+351 076755902
Sofia Pereira;+49 247356129
Sofia Alves;+32 571362874
Sofia Santos;+41 774790539
Sofia Fernandes;+32 605875368
Sofia Gomes;+49 439347199
Sofia Santos;+32 380689494
Sofia Mendes;+49 362849168
Sofia Gonçalves;+49 226420841
Sofia Silva;+44 788155804
Sofia Pereira;+41 131474626
Sofia Alves;+43 315163367
Sofia Gonçalves;+33 155513458
Sofia Gonçalves;+44 074369678
Sofia Ferreira;+33 569879349
Sofia Gomes;+41 067948898
Sofia Mendes;+44 460833331
Sofia Fernandes;+32 974688389
Sofia Martins;+39 294886332
Sofia Martins;+49 078755787
Sofia Gomes;+43 977431313
Sofia Pereira;+49 284489329
Sofia Pereira;+39 355887346
Sofia Fernandes;+32 013449329
Sofia Silva;+44 305149798
Sofia Mendes;+41 213627502
Sofia Silva;+41 275507765
Sofia Silva;+49 332851890
Sofia Alves;+44 222537568
Sofia Fernandes;+33 913171246
Sofia Fernandes;+43 025611428
Sofia Pereira;+33 151632919
Sofia Alves;+41 298740395
Sofia Pereira;+351 508081750
Sofia Martins;+33 105416927
Sofia Alves;+44 113436612
Sofia Fernandes;+49 166915443
Sofia Silva;+32 984065102
Sofia Pereira;+32 267174733
Sofia Pereira;+39 106260258
Sofia Santos;+49 016498897
Sofia Gomes;+44 127364766
Sofia Martins;+49 981137630
Sofia Ferreira;+33 834725595
Sofia Santos;+43 852661083
Sofia Ferreira;+41 634592273
Sofia Santos;+49 289075968
Sofia Mendes;+49 561602777
Sofia Pereira;+43 988750524
Sofia Martins;+44 588062416
Sofia Pereira;+49 681370895
Sofia Alves;+33 387603794
Sofia Pereira;+41 862288629
Sofia Fernandes;+41 639788298
Sofia Mendes;+49 766848708
Sofia Pereira;+44 825891045
Sofia Silva;+43 842008199
Sofia Alves;+49 638729568
Sofia Martins;+41 186966483
Sofia Fernandes;+49 726440059
Sofia Gonçalves;+41 945273872
Sofia Santos;+32 078552283
Sofia Santos;+44 860633876
Sofia Gomes;+33 531554502
Sofia Silva;+32 323654441
Sofia Fernandes;+49 995603166
Sofia Ferreira;+49 025273227
Sofia Ferreira;+33 675243610
Sofia Gomes;+351 647773238
Sofia Gonçalves;+44 463061348
Sofia Martins;+33 968206568
Sofia Gomes;+43 881284131
Sofia Fernandes;+41 895118104
Sofia Gomes;+39 571898773
Sofia Gonçalves;+43 339454177
Sofia Mendes;+49 247871655
Sofia Pereira;+39 485103705
Sofia Mendes;+44 839094825
Sofia Gomes;+44 765253970
Sofia Alves;+43 531765163
Sofia Fernandes;+351 379609691
Sofia Silva;+44 445955279
Sofia Santos;+44 638302527
Sofia Martins;+33 040460891
Sofia Alves;+43 511131966
Sofia Santos;+49 572776166
Sofia Fernandes;+44 527169709
Sofia Mendes;+49 160762782
Sofia Silva;+39 851672112
Sofia Martins;+43 223083552
Sofia Martins;+351 716435930
Sofia Ferreira;+41 545435486
Sofia Silva;+33 346341042
Sofia Mendes;+44 466527715
Sofia Fernandes;+32 569691970
Sofia Silva;+39 667136723
Sofia Pereira;+43 823914530
