Sofia Pereira;+49 725047369
Sofia Gomes;+49 735659932
Sofia Pereira;+49 559264066
Sofia Alves;+32 636808192
Sofia Martins;+44 638991757
Sofia Alves;+41 209016771
Sofia Ferreira;+351 828776602
Sofia Gomes;+43 684765836
Sofia Martins;+41 135474025
Sofia Santos;+43 499469601
Sofia Silva;+39 531676741
Sofia Gomes;+41 949199828
Sofia Gomes;+49 105851256
Sofia Santos;+33 779272235
Sofia Fernandes;+39 537558263
Sofia Silva;+41 293776350
Sofia Santos;+49 063874460
Sofia Alves;+32 473744550
Sofia Gomes;+39 731532874
Sofia Alves;+351 326647307
Sofia Pereira;+43 349133317
Sofia Fernandes;+49 709816297
Sofia Gomes;+351 178545918
Sofia Gonçalves;+43 074429961
Sofia Pereira;+32 287238775
Sofia Pereira;+33 019550594
Sofia Martins;+49 711233154
Sofia Gomes;+351 492079690
Sofia Silva;+33 701375192
Sofia Gonçalves;+33 386662800
Sofia Gonçalves;+351 941236061
Sofia Pereira;+33 517309413
Sofia Silva;+33 474095628
Sofia Pereira;+49 170802341
Sofia Pereira;+41 513846943
Sofia Ferreira;+43 483506362
Sofia Gomes;+33 967609132
Sofia Gonçalves;+44 981550713
Sofia Mendes;+49 429315578
Sofia Martins;+49 001846033
Sofia Gonçalves;+32 044838389
Sofia Mendes;+44 506428293
Sofia Santos;+49 432305609
Sofia Silva;+41 849018686
Sofia Alves;+41 163475275
Sofia Gomes;+44 011572460
Sofia Fernandes;+39 324209987
Sofia Alves;+39 301749338
Sofia Gomes;+39 995066134
Sofia Gonçalves;+43 272061857
Sofia Alves;+39 754554132
Sofia Gonçalves;+41 837329983
Sofia Pereira;+44 920999859
Sofia Mendes;+49 853205459
Sofia Martins;+44 005513864
Sofia Fernandes;+39 599448792
Sofia Silva;+32 390198078
Sofia Mendes;+43 903171509
Sofia Ferreira;+41 176548392
Sofia Gonçalves;+33 611950576
Sofia Silva;+39 492901759
Sofia Martins;+39 399124004
Sofia Gomes;+41 130339424
Sofia Silva;+41 134507704
Sofia Gonçalves;+39 485059009
Sofia Ferreira;+351 047510373
Sofia Ferreira;+49 017940042
Sofia Silva;+43 757034488
Sofia Ferreira;+41 060687325
Sofia Martins;+32 054278484
Sofia Martins;+43 011280798
Sofia Gomes;+351 448540255
Sofia Gonçalves;+39 158869568
Sofia Alves;+49 588193412
Sofia Gomes;+33 526045130
Sofia Silva;+41 230399066
Sofia Pereira;+49 556951163
Sofia Pereira;+351 942678149
Sofia Gomes;+32 226928613
Sofia Silva;+41 249833165
Sofia Mendes;+39 218449707
Sofia Martins;+32 934132547
Sofia Silva;+49 661437327
Sofia Mendes;+41 024472855
Sofia Martins;+49 940879265
Sofia Gonçalves;+41 906881751
Sofia Martins;+39 464233491
Sofia Fernandes;+49 908514681
Sofia Fernandes;+49 442548045
Sofia Silva;+351 807551895
Sofia Pereira;+39 994761395
Sofia Mendes;+351 768697291
Sofia Pereira;+32 072230132
Sofia Alves;+41 531147671
Sofia Mendes;+41 545997338
Sofia Santos;+351 633935309
Sofia Fernandes;+49 308742771
Sofia Santos;+351 896519897
Sofia Silva;+49 243515765
Sofia Silva;+39 679616826
