Ricardo Alves;+32 894253647
Ricardo Santos;+32 216445523
Ricardo Mendes;+32 563076783
Rui Gonçalves;+43 030710999
Ricardo Fernandes;+351 524606051
Ricardo Gomes;+43 265629872
Rui Martins;+39 804702503
Rui Santos;+32 622759100
Rui Ferreira;+32 560711967
Ricardo Martins;+32 405820366
Rui Santos;+351 962384441
Ricardo Alves;+44 945349771
Rui Pereira;+351 820044845
Rui Santos;+49 710911988
Rui Alves;+33 511411804
Rui Fernandes;+33 386607681
Rui Ferreira;+33 816287222
Ricardo Pereira;+351 395961992
Ricardo Ferreira;+41 767606729
Rui Mendes;+32 876436020
Rui Mendes;+49 812089409
Ricardo Ferreira;+351 419330935
Rui Martins;+44 010225071
Ricardo Alves;+44 761324810
Ricardo Gonçalves;+39 150719853
Ricardo Martins;+43 604338347
Ricardo Pereira;+33 686302188
Ricardo Santos;+49 437372357
Rui Gomes;+32 469954810
Ricardo Gomes;+351 758317201
Ricardo Alves;+43 804815149
Ricardo Ferreira;+41 469058233
Ricardo Alves;+43 403265676
Rui Mendes;+49 766367068
Rui Fernandes;+43 593165096
Ricardo Gonçalves;+351 913915090
Ricardo Gonçalves;+351 396155812
Rui Ferreira;+49 786815476
Ricardo Fernandes;+351 095823629
Rui Gomes;+33 921005216
Ricardo Gomes;+44 721865380
Rui Gomes;+43 936136732
Ricardo Ferreira;+43 977415792
Ricardo Alves;+39 548051014
Rui Gonçalves;+41 167983201
Rui Santos;+32 739656942
Ricardo Gonçalves;+39 014515103
Rui Santos;+41 854051857
Rui Santos;+43 667902400
Rui Gomes;+44 223694349
Rui Ferreira;+41 661179917
Rui Martins;+39 849939611
Ricardo Gomes;+43 587380944
Rui Mendes;+351 497469730
Ricardo Gomes;+32 519125727
Rui Santos;+351 836021546
Ricardo Martins;+33 759782012
Ricardo Mendes;+39 975539752
Rui Pereira;+32 412746259
Ricardo Santos;+33 150032748
Ricardo Silva;+39 048287855
Rui Alves;+43 866652282
Rui Mendes;+49 118034029
Rui Santos;+32 477288867
Ricardo Alves;+41 981745086
Rui Ferreira;+39 877042891
Ricardo Alves;+351 238043748
Ricardo Alves;+44 359114716
Rui Fernandes;+44 609974539
Rui Mendes;+32 851927800
Rui Fernandes;+39 029799866
Rui Fernandes;+32 798734364
Rui Silva;+39 824881965
Ricardo Silva;+39 047125384
Rui Pereira;+43 995454365
Ricardo Alves;+44 000020823
Ricardo Silva;+43 739003582
Ricardo Gonçalves;+351 746197695
Ricardo Mendes;+33 379758615
Ricardo Gonçalves;+33 663621156
Rui Ferreira;+44 662416818
Ricardo Pereira;+39 055046360
Ricardo Gonçalves;+41 029400002
Ricardo Gomes;+41 709919078
Ricardo Martins;+33 986223339
Rui Alves;+351 401878486
Ricardo Gonçalves;+39 027202065
Rui Gonçalves;+44 374874455
Ricardo Santos;+33 370057484
Rui Mendes;+351 589234242
Rui Gomes;+43 853259399
Ricardo Pereira;+43 856544216
Ricardo Alves;+49 626752415
Ricardo Gomes;+351 315931442
Rui Santos;+32 148636982
Ricardo Ferreira;+32 253483455
Ricardo Gonçalves;+41 978753123
Rui Martins;+41 441180100
Ricardo Santos;+43 871108221
Rui Santos;+351 962269611
