Ricardo Fernandes;+44 183449666
Ricardo Silva;+351 606025756
Ricardo Fernandes;+41 167264245
Ricardo Santos;+43 482606535
Ricardo Gonçalves;+44 746539290
Rui Mendes;+49 356618380
Ricardo Alves;+43 069946182
Ricardo Gomes;+41 911486508
Ricardo Ferreira;+39 870110718
Rui Gomes;+49 429969183
Ricardo Gomes;+33 468009277
Rui Silva;+43 914249556
Rui Mendes;+39 681200688
Rui Martins;+49 142706781
Ricardo Alves;+49 754797734
Rui Gomes;+41 810065023
Ricardo Silva;+43 014356863
Rui Fernandes;+41 773180010
Ricardo Gomes;+351 268560859
Rui Alves;+43 008326831
Ricardo Alves;+43 859012508
Ricardo Gonçalves;+351 062660487
Ricardo Santos;+351 979460334
Ricardo Fernandes;+32 993659687
Ricardo Gonçalves;+32 648290247
Ricardo Gonçalves;+44 891868690
Ricardo Fernandes;+33 342840064
Ricardo Mendes;+49 639697461
Rui Silva;+39 523078666
Rui Martins;+39 952167909
Rui Mendes;+32 029535710
Rui Pereira;+49 003373575
Rui Pereira;+49 794032776
Ricardo Pereira;+39 734439781
Rui Ferreira;+49 463725495
Ricardo Silva;+33 104193465
Rui Gomes;+44 735084662
Rui Gonçalves;+351 082392857
Ricardo Mendes;+33 684339238
Rui Gomes;+43 059920208
Ricardo Alves;+39 866605045
Ricardo Pereira;+351 527361892
Ricardo Silva;+351 908935561
Rui Alves;+33 346580353
Rui Pereira;+351 485812868
Ricardo Ferreira;+351 354924314
Ricardo Pereira;+41 319058407
Ricardo Silva;+49 929903866
Rui Fernandes;+49 083707365
Rui Mendes;+39 064972580
Ricardo Santos;+43 846017138
Rui Martins;+44 524773533
Rui Ferreira;+41 492766040
Rui Silva;+44 228793691
Ricardo Gomes;+39 106324941
Ricardo Santos;+351 843224039
Ricardo Mendes;+39 947517654
Ricardo Santos;+43 508556215
Ricardo Santos;+44 665770551
Rui Silva;+351 869478492
Ricardo Ferreira;+43 619679923
Rui Santos;+49 605965951
Rui Martins;+43 872864215
Ricardo Gonçalves;+33 017839691
Ricardo Pereira;+351 471997435
Rui Pereira;+39 990772157
Rui Pereira;+49 774875059
Ricardo Gomes;+49 769619453
Ricardo Martins;+33 609468876
Ricardo Silva;+32 795186756
Rui Gomes;+44 403339652
Rui Silva;+41 078193668
Ricardo Fernandes;+32 393487764
Rui Pereira;+33 686863968
Ricardo Martins;+32 154646764
Rui Ferreira;+39 784919739
Ricardo Gonçalves;+351 782404999
Rui Mendes;+32 542502874
Ricardo Pereira;+43 785493480
Rui Ferreira;+32 984177702
Rui Alves;+39 633871377
Rui Gonçalves;+32 258297591
Ricardo Silva;+41 210257779
Ricardo Silva;+351 893611664
Ricardo Martins;+49 034484631
Ricardo Mendes;+44 243359175
Rui Gomes;+32 841690909
Ricardo Gonçalves;+33 767472770
Ricardo Gomes;+43 132537955
Ricardo Fernandes;+43 635529611
Rui Fernandes;+39 039646852
Rui Gonçalves;+351 322932712
Ricardo Ferreira;+43 385311803
Ricardo Martins;+39 800202491
Rui Alves;+43 234288708
Rui Mendes;+41 978287335
Ricardo Fernandes;+33 330261819
Ricardo Santos;+32 714538534
Ricardo Fernandes;+33 789030379
Ricardo Gonçalves;+32 191750416
