Ricardo Gomes;+44 090350565
Rui Alves;+44 643588373
Rui Ferreira;+43 370343425
Ricardo Ferreira;+49 655519838
Ricardo Pereira;+32 774570962
Ricardo Alves;+41 867796196
Rui Santos;+351 475246240
Rui Mendes;+41 251004414
Ricardo Fernandes;+49 581312483
Ricardo Santos;+49 746512981
Rui Pereira;+351 459058919
Ricardo Martins;+49 754914723
Rui Fernandes;+351 449253740
Ricardo Santos;+33 562963736
Rui Ferreira;+33 752728505
Rui Pereira;+44 748082662
Ricardo Martins;+43 805979815
Rui Fernandes;+44 938143664
Ricardo Martins;+41 882040503
Rui Ferreira;+43 921893281
Ricardo Mendes;+39 590976348
Ricardo Pereira;+43 678404219
Rui Mendes;+33 839298534
Ricardo Martins;+39 784876149
Rui Ferreira;+351 177876067
Ricardo Gonçalves;+39 881750344
Rui Santos;+32 505459149
Rui Alves;+351 902008756
Ricardo Ferreira;+33 677028375
Ricardo Martins;+44 432438009
Ricardo Ferreira;+39 052442275
Ricardo Gomes;+41 047220158
Rui Pereira;+39 583482667
Ricardo Gonçalves;+32 749788708
Rui Alves;+33 330618815
Rui Santos;+41 901339023
Ricardo Santos;+44 258524549
Rui Silva;+49 780786254
Ricardo Santos;+49 885122590
Ricardo Santos;+44 494779541
Ricardo Gomes;+33 913039542
Ricardo Silva;+32 535000010
Ricardo Silva;+49 234290713
Ricardo Pereira;+33 763648092
Rui Mendes;+41 976138157
Ricardo Fernandes;+33 130323679
Rui Mendes;+39 245928924
Rui Ferreira;+351 190344751
Rui Santos;+43 594459094
Rui Gonçalves;+41 445476834
Rui Mendes;+32 795051120
Rui Pereira;+43 421136799
Rui Fernandes;+41 811008796
Rui Gonçalves;+39 189563676
Rui Fernandes;+33 011831654
Rui Mendes;+351 095083871
Ricardo Fernandes;+33 838910404
Ricardo Mendes;+351 282599392
Rui Pereira;+351 420447870
Rui Mendes;+39 003122810
Ricardo Gomes;+43 516999311
Rui Mendes;+39 911908799
Rui Alves;+39 581103247
Rui Ferreira;+32 381405759
Ricardo Gomes;+39 271211359
Rui Alves;+33 921808413
Rui Silva;+39 300175654
Ricardo Pereira;+32 320214606
Rui Ferreira;+351 817105846
Ricardo Gonçalves;+43 655634903
Ricardo Martins;+49 149250334
Rui Pereira;+33 399243534
Ricardo Gonçalves;+39 739620123
Ricardo Gomes;+41 187562357
Rui Gomes;+351 192737290
Rui Fernandes;+43 004689053
Rui Gomes;+351 922591207
Rui Ferreira;+44 459160081
Ricardo Martins;+49 641625964
Rui Silva;+32 701754835
Rui Fernandes;+44 790061828
Ricardo Fernandes;+351 876308608
Ricardo Gomes;+44 047788345
Ricardo Pereira;+49 928246635
Ricardo Gonçalves;+49 543683334
Ricardo Martins;+351 656689391
Ricardo Alves;+351 158413502
Rui Martins;+43 954379516
Rui Gonçalves;+32 410562722
Rui Alves;+49 864661911
Ricardo Martins;+351 850513917
Rui Pereira;+43 472999509
Rui Alves;+32 615942959
Ricardo Gonçalves;+49 007476208
Ricardo Gomes;+49 364707351
Ricardo Fernandes;+44 395068679
Rui Ferreira;+351 277497674
Rui Santos;+43 754544115
Rui Gonçalves;+41 238382639
Rui Fernandes;+32 761603512
