Sofia Gomes;+44 401833938
Sofia Silva;+33 526273128
Sofia Santos;+49 106215825
Sofia Santos;+33 494181453
Sofia Santos;+39 516779718
Sofia Gomes;+33 480537148
Sofia Santos;+44 305997285
Sofia Gonçalves;+351 985316878
Sofia Gomes;+39 497109604
Sofia Martins;+49 143286137
Sofia Ferreira;+49 352537880
Sofia Ferreira;+44 204409015
Sofia Martins;+33 161771861
Sofia Pereira;+33 400810768
Sofia Gomes;+49 909116807
Sofia Alves;+43 892280405
Sofia Alves;+44 466166512
Sofia Alves;+43 257785978
Sofia Gonçalves;+39 560415764
Sofia Gomes;+43 494486385
Sofia Alves;+39 765652921
Sofia Gomes;+44 948725853
Sofia Silva;+43 617172536
Sofia Pereira;+41 310519324
Sofia Silva;+351 056330782
Sofia Gomes;+44 228145298
Sofia Fernandes;+351 789578290
Sofia Martins;+351 073332368
Sofia Pereira;+33 600139279
Sofia Pereira;+41 373170748
Sofia Pereira;+44 084386672
Sofia Santos;+43 786892042
Sofia Martins;+44 621530425
Sofia Gonçalves;+43 494982242
Sofia Fernandes;+44 039821856
Sofia Ferreira;+32 177827017
Sofia Martins;+49 542167711
Sofia Fernandes;+41 997633227
Sofia Alves;+32 366295968
Sofia Alves;+43 732157836
Sofia Ferreira;+351 129170388
Sofia Gomes;+39 700961513
Sofia Alves;+43 814765016
Sofia Fernandes;+41 052147112
Sofia Gonçalves;+43 501261318
Sofia Ferreira;+44 676566702
Sofia Mendes;+49 331428203
Sofia Gomes;+43 503939861
Sofia Ferreira;+33 321759636
Sofia Fernandes;+32 311266129
Sofia Ferreira;+41 453216426
Sofia Martins;+39 825948128
Sofia Gomes;+49 610779824
Sofia Santos;+41 137729641
Sofia Gomes;+351 622713906
Sofia Mendes;+41 038131803
Sofia Pereira;+351 323484199
Sofia Gomes;+33 194492047
Sofia Fernandes;+49 252140682
Sofia Santos;+41 364793619
Sofia Ferreira;+33 236753127
Sofia Fernandes;+49 167811033
Sofia Alves;+44 675546354
Sofia Alves;+41 646625078
Sofia Gonçalves;+44 326553540
Sofia Santos;+32 372034053
Sofia Santos;+351 254507169
Sofia Santos;+41 135835354
Sofia Gonçalves;+32 287429218
Sofia Santos;+44 422396514
Sofia Santos;+41 420284615
Sofia Martins;+44 426708373
Sofia Ferreira;+33 816160026
Sofia Pereira;+49 157517498
Sofia Fernandes;+33 034513199
Sofia Ferreira;+44 257179024
Sofia Mendes;+39 650486914
Sofia Gonçalves;+44 310331649
Sofia Pereira;+49 250797252
Sofia Martins;+43 015613134
Sofia Ferreira;+351 773970794
Sofia Pereira;+43 547224835
Sofia Silva;+44 014495391
Sofia Gonçalves;+39 472861173
Sofia Gonçalves;+49 794738857
Sofia Fernandes;+44 544890938
Sofia Martins;+41 573537961
Sofia Gonçalves;+41 160260567
Sofia Fernandes;+49 284116873
Sofia Gonçalves;+41 690867228
Sofia Mendes;+43 536511206
Sofia Fernandes;+33 350450411
Sofia Gomes;+351 771712234
Sofia Pereira;+351 165209751
Sofia Fernandes;+41 131542741
Sofia Gomes;+33 762575813
Sofia Ferreira;+41 512021788
Sofia Gomes;+44 772632327
Sofia Martins;+49 552872736
Sofia Gomes;+49 466648832
