Ana Pereira;+351 951528772
Ana Silva;+39 687561675
Ana Fernandes;+44 728274782
Ana Silva;+41 384259388
Ana Martins;+351 277636842
Ana Santos;+49 589890778
Ana Martins;+44 314373334
Ana Santos;+41 946791819
Ana Gonçalves;+33 661290174
Ana Martins;+43 665801567
Ana Alves;+351 451459657
Ana Ferreira;+41 799416666
Ana Silva;+44 636278899
Ana Alves;+43 320260857
Ana Martins;+49 931444869
Ana Pereira;+43 051961779
Ana Gomes;+39 883117316
Ana Mendes;+44 865158664
Ana Gonçalves;+44 525058568
Ana Martins;+41 183565276
Ana Alves;+39 811819502
Ana Santos;+44 343005973
Ana Martins;+43 696765742
Ana Fernandes;+39 558971568
Ana Silva;+351 639393271
Ana Fernandes;+41 275932905
Ana Silva;+43 504028499
Ana Mendes;+351 418462077
Ana Silva;+32 882166815
Ana Alves;+39 935351794
Ana Gonçalves;+43 125332257
Ana Gonçalves;+49 492956464
Ana Gomes;+43 119226662
Ana Mendes;+49 999762884
Ana Martins;+49 603713132
Ana Mendes;+44 528891929
Ana Gomes;+39 497036462
Ana Ferreira;+351 254958900
Ana Gonçalves;+44 253583353
Ana Fernandes;+33 287604774
Ana Alves;+41 994713538
Ana Mendes;+39 803052805
Ana Gonçalves;+351 509869891
Ana Pereira;+44 137984862
Ana Ferreira;+43 255414188
Ana Fernandes;+32 225354214
Ana Fernandes;+32 457992502
Ana Martins;+39 909759265
Ana Gomes;+41 983537309
Ana Santos;+49 084507707
Ana Santos;+44 822160119
Ana Gonçalves;+44 981230985
Ana Fernandes;+32 307585409
Ana Gomes;+41 221505672
Ana Silva;+351 230634198
Ana Alves;+43 638670147
Ana Martins;+49 433846505
Ana Gonçalves;+43 479174581
Ana Gomes;+41 763008355
Ana Santos;+32 887650029
Ana Fernandes;+41 769582434
Ana Fernandes;+33 413194381
Ana Alves;+351 585786703
Ana Gomes;+33 575422591
Ana Silva;+41 863218371
Ana Pereira;+33 261989080
Ana Gomes;+39 677190035
Ana Pereira;+43 381411716
Ana Gomes;+33 250160708
Ana Santos;+39 184899104
Ana Gomes;+32 434912208
Ana Gonçalves;+32 807722200
Ana Ferreira;+49 375561695
Ana Fernandes;+39 127160151
Ana Pereira;+41 777089399
Ana Alves;+43 487572629
Ana Gomes;+44 233028287
Ana Mendes;+33 657766317
Ana Gonçalves;+43 072692072
Ana Alves;+32 208390474
Ana Alves;+43 393625942
Ana Ferreira;+44 401166395
Ana Gonçalves;+41 790313952
Ana Silva;+44 710669290
Ana Silva;+33 232130587
Ana Gomes;+41 972735277
Ana Alves;+32 783349991
Ana Alves;+41 116785746
Ana Alves;+351 611063398
Ana Alves;+49 890146382
Ana Pereira;+43 643951688
Ana Silva;+43 123286102
Ana Gomes;+41 485346713
Ana Mendes;+33 164897282
Ana Martins;+44 172849295
Ana Fernandes;+32 039691915
Ana Gonçalves;+33 918403456
Ana Pereira;+41 234818819
Ana Alves;+32 114183734
Ana Fernandes;+44 576680735
