Carlos Pereira;+41 270710215
Catarina Gomes;+33 907751134
Carlos Gonçalves;+44 401344838
Catarina Martins;+49 965869669
Carlos Gonçalves;+49 095413642
Catarina Santos;+39 772550578
Carlos Pereira;+43 646927029
Catarina Pereira;+32 760704958
Carlos Silva;+41 878581842
Carlos Alves;+39 146835620
Carlos Silva;+44 202223009
Carlos Martins;+351 663630533
Carlos Alves;+351 110384610
Carlos Ferreira;+41 008009062
Carlos Silva;+43 489300607
Carlos Pereira;+33 305293985
Carlos Pereira;+32 152574051
Catarina Alves;+49 490749103
Carlos Mendes;+43 047266392
Catarina Martins;+39 068688591
Catarina Alves;+43 006405682
Carlos Pereira;+351 381600101
Carlos Mendes;+351 014178356
Carlos Santos;+43 272090818
Carlos Gonçalves;+33 643144927
Catarina Fernandes;+44 005428980
Catarina Mendes;+32 914937378
Catarina Gomes;+44 767993747
Carlos Mendes;+44 882310116
Catarina Gomes;+43 924168631
Carlos Mendes;+43 969536125
Catarina Pereira;+33 324465658
Carlos Pereira;+32 579994768
Carlos Pereira;+33 227363667
Carlos Santos;+32 450867538
Catarina Silva;+33 707054255
Catarina Gonçalves;+33 363698830
Catarina Ferreira;+32 317417134
Catarina Gonçalves;+32 716982637
Catarina Ferreira;+33 261886028
Carlos Mendes;+39 097749784
Carlos Mendes;+41 609881936
Carlos Ferreira;+43 537050590
Carlos Fernandes;+49 643414105
Catarina Fernandes;+351 525858772
Carlos Fernandes;+33 364711456
Carlos Fernandes;+33 743465401
Catarina Pereira;+351 554072275
Carlos Silva;+33 891922768
Catarina Gomes;+32 013048349
Carlos Silva;+39 040016462
Catarina Mendes;+39 030136051
Catarina Fernandes;+39 178479014
Catarina Fernandes;+351 661833822
Carlos Santos;+39 663585964
Carlos Mendes;+39 954490526
Carlos Fernandes;+43 379894717
Carlos Gonçalves;+39 817920500
Carlos Ferreira;+32 770041005
Catarina Martins;+49 347378602
Catarina Silva;+39 967400020
Carlos Pereira;+39 808673212
Carlos Gomes;+33 086595833
Catarina Fernandes;+41 047485174
Carlos Martins;+39 355065851
Catarina Silva;+49 532545048
Catarina Silva;+33 299698917
Catarina Fernandes;+41 264734370
Catarina Santos;+44 793937403
Catarina Gonçalves;+32 788909411
Carlos Silva;+32 298151252
Catarina Ferreira;+41 571148252
Catarina Alves;+49 394838172
Catarina Ferreira;+33 818393120
Catarina Silva;+41 130045217
Catarina Gomes;+32 561525260
Catarina Santos;+41 935317466
Catarina Fernandes;+44 518125153
Catarina Martins;+49 252869240
Catarina Mendes;+49 611639581
Carlos Pereira;+49 307391413
Catarina Pereira;+32 472637512
Catarina Fernandes;+49 742074217
Carlos Santos;+33 675613770
Carlos Mendes;+49 425959875
Carlos Gomes;+351 222915191
Catarina Fernandes;+49 375641321
Catarina Fernandes;+351 330903065
Carlos Martins;+43 690163026
Carlos Mendes;+33 204435299
Catarina Alves;+33 771326163
Carlos Fernandes;+44 786110757
Carlos Gomes;+49 148748693
Catarina Fernandes;+39 349896767
Carlos Santos;+39 177536225
Catarina Pereira;+32 205652634
Catarina Gonçalves;+41 989384499
Catarina Alves;+43 739341774
Carlos Silva;+33 438534311
Carlos Mendes;+41 539910452
