Sofia Gomes;+351 801379306
Sofia Fernandes;+44 041274812
Sofia Martins;+49 111515064
Sofia Gomes;+39 769935748
Sofia Pereira;+41 549511145
Sofia Silva;+39 957654131
Sofia Santos;+41 203663166
Sofia Martins;+41 865673949
Sofia Silva;+43 317089037
Sofia Gonçalves;+44 080744605
Sofia Gonçalves;+32 410066466
Sofia Ferreira;+41 988948766
Sofia Alves;+351 639789915
Sofia Pereira;+49 649112399
Sofia Fernandes;+32 063749495
Sofia Pereira;+49 582516547
Sofia Gonçalves;+49 446547223
Sofia Alves;+41 931167398
Sofia Silva;+43 726071615
Sofia Ferreira;+351 772719831
Sofia Martins;+49 275626950
Sofia Gonçalves;+44 771311516
Sofia Alves;+44 411472674
Sofia Ferreira;+33 640876694
Sofia Alves;+49 801184393
Sofia Gonçalves;+41 455371586
Sofia Santos;+33 259965642
Sofia Gonçalves;+44 083284998
Sofia Gonçalves;+49 481750883
Sofia Gomes;+49 781860834
Sofia Gonçalves;+39 203053996
Sofia Gomes;+32 153069853
Sofia Gomes;+32 962349521
Sofia Pereira;+33 895179604
Sofia Gonçalves;+39 203203633
Sofia Fernandes;+41 715835815
Sofia Ferreira;+351 274551144
Sofia Alves;+43 581023816
Sofia Pereira;+41 911542342
Sofia Silva;+39 749745426
Sofia Martins;+351 524452975
Sofia Ferreira;+33 244494622
Sofia Ferreira;+41 522885562
Sofia Ferreira;+32 432463099
Sofia Fernandes;+39 739468315
Sofia Gomes;+43 775896632
Sofia Silva;+43 629805088
Sofia Silva;+43 650426867
Sofia Gonçalves;+44 274524553
Sofia Pereira;+43 491869459
Sofia Silva;+351 029362280
Sofia Fernandes;+33 612554022
Sofia Fernandes;+33 797386262
Sofia Martins;+32 263756413
Sofia Martins;+33 257483335
Sofia Pereira;+33 463054242
Sofia Santos;+43 060303897
Sofia Mendes;+44 386585047
Sofia Santos;+32 391789156
Sofia Santos;+351 691239549
Sofia Santos;+41 736777588
Sofia Pereira;+32 587578717
Sofia Martins;+32 868329273
Sofia Santos;+33 176000428
Sofia Pereira;+41 543558372
Sofia Ferreira;+39 895984917
Sofia Pereira;+39 015846278
Sofia Alves;+41 950335720
Sofia Gonçalves;+33 563008564
Sofia Pereira;+32 887100665
Sofia Santos;+44 997511078
Sofia Martins;+39 612061564
Sofia Fernandes;+49 042320837
Sofia Martins;+49 523913657
Sofia Martins;+41 955849078
Sofia Ferreira;+39 180858852
Sofia Mendes;+39 337028329
Sofia Pereira;+41 001239887
Sofia Pereira;+351 013314780
Sofia Martins;+41 213851456
Sofia Fernandes;+41 726941909
Sofia Fernandes;+49 862992531
Sofia Silva;+33 350703205
Sofia Fernandes;+44 979182344
Sofia Mendes;+33 504067306
Sofia Silva;+32 233866311
Sofia Martins;+44 881228911
Sofia Gonçalves;+41 535113654
Sofia Fernandes;+49 881833430
Sofia Gomes;+41 948823816
Sofia Pereira;+49 411289470
Sofia Santos;+49 668837360
Sofia Martins;+49 968388753
Sofia Martins;+49 850523828
Sofia Gomes;+39 665509346
Sofia Pereira;+32 399402559
Sofia Silva;+49 447587681
Sofia Pereira;+44 710329939
Sofia Silva;+32 849416686
Sofia Ferreira;+32 653735795
