Rui Mendes;+33 182663959
Rui Mendes;+49 762603960
Rui Pereira;+351 938079683
Ricardo Silva;+44 331072096
Ricardo Fernandes;+49 162492925
Ricardo Silva;+41 740572556
Rui Martins;+39 427138489
Rui Alves;+44 809029139
Rui Alves;+32 751774085
Rui Silva;+32 725111527
Rui Pereira;+351 948386089
Rui Pereira;+39 909661040
Ricardo Alves;+351 755360949
Rui Silva;+33 355366238
Rui Fernandes;+33 952193819
Ricardo Gomes;+33 904953053
Rui Alves;+41 652504612
Rui Martins;+41 857479260
Ricardo Alves;+43 659933082
Ricardo Gomes;+43 823141840
Rui Pereira;+49 295374285
Rui Fernandes;+33 709196977
Rui Silva;+39 483498051
Ricardo Pereira;+33 878292267
Rui Fernandes;+32 764284910
Ricardo Pereira;+44 308917942
Ricardo Fernandes;+351 610749099
Rui Mendes;+49 029245008
Ricardo Santos;+43 095040704
Ricardo Gomes;+43 328532082
Rui Alves;+44 198043794
Rui Ferreira;+39 140654800
Ricardo Ferreira;+33 250555432
Ricardo Pereira;+33 675998158
Rui Pereira;+43 762754466
Ricardo Ferreira;+33 713693976
Ricardo Fernandes;+44 811677626
Rui Fernandes;+43 057082281
Rui Pereira;+351 663275406
Rui Martins;+41 525942778
Rui Gonçalves;+351 244478264
Ricardo Martins;+351 389480512
Rui Alves;+32 190185782
Ricardo Silva;+351 162483290
Rui Santos;+43 579075817
Ricardo Martins;+43 158948249
Rui Pereira;+44 444968325
Ricardo Alves;+351 849698190
Ricardo Alves;+39 535806117
Rui Silva;+43 829589475
Ricardo Silva;+33 622376614
Ricardo Mendes;+41 385776267
Ricardo Santos;+32 309371721
Rui Santos;+33 770446021
Rui Pereira;+32 586049574
Rui Gomes;+43 087923195
Ricardo Alves;+351 342696630
Rui Martins;+44 983904099
Rui Alves;+39 263461474
Ricardo Ferreira;+32 942054966
Ricardo Santos;+351 675625275
Rui Silva;+41 264477927
Rui Silva;+49 109551438
Ricardo Fernandes;+43 923740059
Rui Fernandes;+33 988638232
Ricardo Martins;+33 974983652
Ricardo Martins;+43 735552421
Rui Alves;+43 279835925
Rui Silva;+43 389500688
Ricardo Martins;+49 267820208
Rui Fernandes;+41 423878644
Ricardo Mendes;+351 138679361
Ricardo Ferreira;+41 067846675
Rui Santos;+32 285740044
Ricardo Silva;+43 747715480
Ricardo Fernandes;+351 498194242
Ricardo Silva;+44 543500060
Rui Santos;+33 518225415
Ricardo Martins;+41 913921950
Ricardo Mendes;+44 426677355
Rui Gomes;+41 050419987
Ricardo Fernandes;+351 862993617
Ricardo Mendes;+33 669901895
Rui Fernandes;+43 533094640
Ricardo Silva;+41 461957055
Ricardo Mendes;+32 011202868
Rui Santos;+351 831370313
Ricardo Martins;+33 004883736
Ricardo Gonçalves;+41 146073940
Ricardo Fernandes;+44 005562205
Rui Santos;+32 298738598
Rui Pereira;+39 322263878
Rui Mendes;+49 875835073
Ricardo Gonçalves;+44 255515957
Rui Fernandes;+32 783198213
Ricardo Martins;+43 860405139
Rui Alves;+33 318855898
Rui Ferreira;+351 815537602
Ricardo Mendes;+39 297927687
Ricardo Silva;+43 300197204
