Catarina Silva;+43 900242766
Carlos Pereira;+43 824145848
Carlos Martins;+32 643737950
Carlos Pereira;+41 531799312
Catarina Santos;+44 333876829
Carlos Ferreira;+41 463043424
Catarina Gomes;+41 771963467
Carlos Martins;+39 641478128
Carlos Alves;+33 155375013
Carlos Ferreira;+33 074653135
Catarina Gomes;+351 467362814
Catarina Gonçalves;+49 064693203
Catarina Pereira;+39 373659828
Catarina Gonçalves;+39 038057625
Catarina Silva;+43 106030434
Catarina Pereira;+39 450288449
Carlos Ferreira;+44 820910275
Carlos Santos;+49 601008251
Catarina Pereira;+44 372716043
Catarina Gomes;+41 640406420
Catarina Fernandes;+33 746762499
Carlos Mendes;+32 859053720
Catarina Ferreira;+41 740106838
Carlos Fernandes;+44 368293783
Carlos Silva;+33 799700003
Catarina Pereira;+49 198416518
Carlos Pereira;+32 648979921
Carlos Martins;+32 774766383
Carlos Silva;+49 487872253
Catarina Pereira;+43 060444314
Catarina Alves;+39 316567572
Carlos Mendes;+43 088833086
Catarina Santos;+41 552919213
Catarina Gomes;+39 172190858
Catarina Mendes;+44 214961622
Catarina Ferreira;+32 056660335
Catarina Gomes;+44 135440331
Carlos Martins;+44 520271120
Carlos Ferreira;+41 421358143
Catarina Gonçalves;+33 878811196
Carlos Fernandes;+44 814312021
Catarina Silva;+49 442791970
Catarina Silva;+39 175367048
Carlos Ferreira;+49 398399962
Carlos Santos;+33 011497888
Catarina Gonçalves;+43 010764040
Catarina Silva;+41 948632176
Catarina Alves;+39 174729347
Catarina Gomes;+33 182385403
Catarina Ferreira;+49 806301426
Carlos Martins;+41 694198426
Carlos Martins;+44 184266625
Carlos Pereira;+44 819650958
Carlos Fernandes;+43 148977067
Catarina Gomes;+43 697360165
Carlos Santos;+33 827002785
Carlos Pereira;+33 336015472
Carlos Mendes;+43 636828588
Carlos Ferreira;+39 559339902
Carlos Fernandes;+43 609979718
Carlos Alves;+41 849631261
Catarina Gonçalves;+44 656115282
Carlos Gonçalves;+39 511089329
Carlos Silva;+351 592815427
Carlos Gomes;+32 958336818
Catarina Gonçalves;+351 018994051
Catarina Martins;+351 188534188
Carlos Gomes;+49 486506224
Catarina Mendes;+43 198104091
Catarina Gonçalves;+41 366083333
Catarina Ferreira;+33 947404773
Catarina Gomes;+49 145152074
Catarina Silva;+351 623754308
Catarina Silva;+41 503810042
Carlos Alves;+39 153304170
Carlos Pereira;+43 340395952
Catarina Pereira;+33 340957284
Catarina Ferreira;+33 434115598
Catarina Pereira;+33 895389767
Catarina Silva;+41 804012684
Carlos Martins;+44 357599047
Carlos Pereira;+39 471627953
Carlos Fernandes;+33 244318401
Catarina Alves;+33 216537489
Carlos Martins;+44 253317364
Catarina Pereira;+351 245797801
Carlos Ferreira;+41 537022321
Carlos Gomes;+44 958963641
Catarina Santos;+44 436648045
Carlos Gonçalves;+49 133966402
Carlos Mendes;+351 403366622
Catarina Fernandes;+32 451632710
Carlos Gomes;+41 580375951
Carlos Ferreira;+39 616442644
Carlos Silva;+39 557051539
Catarina Fernandes;+41 529524778
Catarina Mendes;+41 809802271
Catarina Ferreira;+39 433886561
Carlos Fernandes;+49 720247577
Carlos Pereira;+32 574852863
