Catarina Mendes;+351 175969954
Catarina Fernandes;+44 181229893
Catarina Pereira;+44 541047101
Catarina Gomes;+32 420828348
Catarina Mendes;+33 805319311
Carlos Santos;+33 272344496
Carlos Martins;+33 991193242
Carlos Ferreira;+33 142727308
Catarina Silva;+49 879109832
Catarina Pereira;+39 075718963
Catarina Gonçalves;+43 879328655
Carlos Santos;+49 966141588
Carlos Alves;+44 969625576
Catarina Pereira;+33 281656297
Carlos Fernandes;+33 650901147
Carlos Gomes;+351 105229301
Carlos Santos;+49 671914026
Catarina Ferreira;+44 204721797
Catarina Silva;+39 699400710
Carlos Gomes;+44 471241982
Catarina Martins;+351 292492001
Catarina Santos;+41 365812031
Carlos Santos;+33 165900378
Carlos Ferreira;+43 938200717
Catarina Fernandes;+351 541703593
Carlos Gonçalves;+41 846181043
Carlos Alves;+351 157579252
Catarina Ferreira;+33 051852337
Carlos Silva;+351 543873374
Catarina Gomes;+49 817687297
Catarina Fernandes;+49 884067849
Carlos Alves;+44 303270251
Catarina Mendes;+44 689875399
Catarina Gonçalves;+44 872579900
Carlos Silva;+44 903935816
Catarina Martins;+33 745996976
Catarina Alves;+43 700608307
Catarina Mendes;+41 256531054
Carlos Ferreira;+41 623989980
Carlos Santos;+49 057842608
Carlos Alves;+33 097894383
Catarina Fernandes;+41 478473491
Carlos Silva;+351 433211452
Catarina Silva;+41 277556077
Carlos Silva;+43 665767960
Carlos Mendes;+49 419248109
Carlos Ferreira;+43 808104878
Carlos Gonçalves;+351 109066592
Catarina Fernandes;+351 399676216
Catarina Silva;+41 965357356
Catarina Fernandes;+351 223102356
Carlos Alves;+43 010774794
Carlos Fernandes;+39 272718271
Carlos Ferreira;+44 089844999
Catarina Gomes;+39 544866749
Catarina Ferreira;+33 263678848
Carlos Pereira;+43 992815426
Carlos Gonçalves;+43 459299964
Catarina Santos;+33 613379227
Carlos Alves;+49 333605879
Catarina Gonçalves;+39 607503339
Carlos Fernandes;+32 375782172
Carlos Pereira;+39 492150351
Carlos Gomes;+43 304172492
Catarina Santos;+43 586538186
Catarina Pereira;+44 176029662
Catarina Alves;+43 236214327
Carlos Gonçalves;+32 942775786
Catarina Gomes;+39 847384440
Carlos Gomes;+43 292438146
Carlos Santos;+351 083208380
Carlos Gonçalves;+33 650226495
Carlos Pereira;+43 308577732
Catarina Santos;+49 659205569
Carlos Gomes;+33 668610599
Catarina Silva;+39 815070764
Carlos Alves;+33 341178102
Carlos Gomes;+43 169706196
Carlos Santos;+39 988408614
Carlos Alves;+351 622771646
Catarina Ferreira;+351 993981608
Carlos Ferreira;+43 853145719
Carlos Martins;+33 262466593
Catarina Santos;+44 345752215
Catarina Mendes;+351 415548985
Carlos Mendes;+32 720512379
Catarina Mendes;+32 438149590
Carlos Fernandes;+32 566461386
Carlos Pereira;+49 394936815
Catarina Martins;+49 278478915
Carlos Gonçalves;+33 070517215
Catarina Mendes;+39 889229990
Catarina Martins;+39 011782285
Catarina Pereira;+41 727310856
Catarina Ferreira;+43 107774841
Catarina Gomes;+43 369594607
Carlos Martins;+32 287366107
Carlos Gonçalves;+33 318019835
Catarina Martins;+49 055264916
Carlos Gomes;+44 838773558
