Sofia Fernandes;+44 827365767
Sofia Santos;+32 874913505
Sofia Santos;+39 751414426
Sofia Martins;+44 918689776
Sofia Santos;+49 195935244
Sofia Fernandes;+49 938853329
Sofia Alves;+33 942145963
Sofia Fernandes;+41 686736590
Sofia Alves;+351 262885546
Sofia Pereira;+41 343377357
Sofia Ferreira;+39 657577740
Sofia Silva;+43 128720522
Sofia Ferreira;+33 162083200
Sofia Pereira;+41 129455670
Sofia Mendes;+43 768174929
Sofia Gomes;+351 790703861
Sofia Fernandes;+43 765013313
Sofia Gomes;+351 210683500
Sofia Santos;+351 246626527
Sofia Gomes;+351 081487244
Sofia Gomes;+351 817980944
Sofia Gomes;+351 214415254
Sofia Gomes;+43 306829930
Sofia Gomes;+41 877240766
Sofia Fernandes;+351 745267948
Sofia Santos;+351 715212849
Sofia Martins;+39 945093967
Sofia Alves;+43 152971447
Sofia Silva;+49 790741155
Sofia Fernandes;+44 712770135
Sofia Martins;+43 504430963
Sofia Santos;+32 493867667
Sofia Ferreira;+33 785337740
Sofia Gomes;+43 904320179
Sofia Silva;+44 203318875
Sofia Silva;+49 797634721
Sofia Gonçalves;+351 691167533
Sofia Gomes;+49 639524061
Sofia Santos;+39 381284258
Sofia Ferreira;+41 764708862
Sofia Gonçalves;+32 853502154
Sofia Alves;+49 772520588
Sofia Gomes;+32 968008847
Sofia Gomes;+33 963937403
Sofia Fernandes;+44 380622844
Sofia Pereira;+41 813419564
Sofia Santos;+44 873618334
Sofia Santos;+39 470462799
Sofia Gonçalves;+41 055472820
Sofia Santos;+44 114503968
Sofia Gomes;+351 305036481
Sofia Ferreira;+351 282405094
Sofia Martins;+43 846768507
Sofia Santos;+39 217036942
Sofia Gonçalves;+351 326576479
Sofia Martins;+351 864845819
Sofia Ferreira;+43 914140532
Sofia Fernandes;+43 883186034
Sofia Pereira;+351 841159415
Sofia Gomes;+33 156535415
Sofia Silva;+49 238277807
Sofia Mendes;+49 308626914
Sofia Santos;+32 128982507
Sofia Martins;+44 998470824
Sofia Gomes;+351 828156335
Sofia Gomes;+49 396552429
Sofia Martins;+33 368749260
Sofia Martins;+33 203128129
Sofia Mendes;+33 978976104
Sofia Fernandes;+351 702955150
Sofia Alves;+43 685359544
Sofia Ferreira;+41 039479073
Sofia Fernandes;+41 941110138
Sofia Gonçalves;+49 406591262
Sofia Mendes;+32 739597517
Sofia Alves;+41 308206700
Sofia Silva;+39 254506974
Sofia Fernandes;+32 789037454
Sofia Gonçalves;+49 199822693
Sofia Fernandes;+49 203883152
Sofia Silva;+39 783554240
Sofia Silva;+32 321515271
Sofia Pereira;+43 337418024
Sofia Ferreira;+39 737383050
Sofia Gonçalves;+41 304797088
Sofia Santos;+32 030996616
Sofia Martins;+39 010903784
Sofia Santos;+43 048435127
Sofia Martins;+49 878785846
Sofia Fernandes;+32 970109662
Sofia Alves;+351 229037068
Sofia Santos;+43 279108338
Sofia Gomes;+43 854223866
Sofia Pereira;+32 362249715
Sofia Silva;+49 595127596
Sofia Fernandes;+32 112070362
Sofia Martins;+39 556190473
Sofia Gomes;+33 821528432
Sofia Gonçalves;+43 158858644
Sofia Silva;+32 221834289
