Sofia Gonçalves;+39 493907022
Sofia Gonçalves;+39 536427920
Sofia Silva;+43 056232326
Sofia Silva;+351 157021973
Sofia Alves;+39 357883041
Sofia Martins;+49 175691527
Sofia Gomes;+43 654463400
Sofia Silva;+351 565940981
Sofia Gonçalves;+41 937087750
Sofia Martins;+44 562284600
Sofia Santos;+351 049186569
Sofia Silva;+33 232184362
Sofia Alves;+33 362961210
Sofia Santos;+351 907753159
Sofia Mendes;+44 277246654
Sofia Fernandes;+43 925642659
Sofia Alves;+33 081139180
Sofia Martins;+33 370722184
Sofia Silva;+44 662219941
Sofia Mendes;+33 841143958
Sofia Silva;+44 294381252
Sofia Silva;+32 644315931
Sofia Martins;+44 727661832
Sofia Martins;+39 539159999
Sofia Gonçalves;+41 347951824
Sofia Mendes;+32 423906242
Sofia Alves;+49 575309303
Sofia Silva;+44 727632148
Sofia Gonçalves;+44 374678165
Sofia Gomes;+351 604127291
Sofia Pereira;+41 651031708
Sofia Alves;+49 912961851
Sofia Martins;+351 488573027
Sofia Silva;+44 935071680
Sofia Martins;+39 997759234
Sofia Alves;+44 314737401
Sofia Mendes;+33 090185929
Sofia Mendes;+32 347949637
Sofia Gomes;+351 647571373
Sofia Santos;+351 506079420
Sofia Silva;+49 524317881
Sofia Silva;+49 110491175
Sofia Silva;+32 475505062
Sofia Mendes;+32 314535364
Sofia Fernandes;+33 390111569
Sofia Gomes;+44 716291045
Sofia Pereira;+351 166054697
Sofia Santos;+44 136360025
Sofia Mendes;+39 757724842
Sofia Pereira;+32 112485109
Sofia Martins;+351 484235513
Sofia Alves;+39 549778929
Sofia Silva;+39 792028130
Sofia Santos;+43 042876288
Sofia Ferreira;+39 330000571
Sofia Gomes;+44 023931613
Sofia Gonçalves;+33 535485211
Sofia Pereira;+351 829486302
Sofia Gonçalves;+351 435468226
Sofia Ferreira;+351 676449999
Sofia Fernandes;+43 301602810
Sofia Alves;+32 548973880
Sofia Fernandes;+32 876872624
Sofia Alves;+44 254985589
Sofia Gonçalves;+32 450063880
Sofia Gomes;+32 983085506
Sofia Pereira;+44 973176475
Sofia Ferreira;+41 640514584
Sofia Gonçalves;+32 841855986
Sofia Ferreira;+33 106693774
Sofia Mendes;+32 287778651
Sofia Silva;+351 765847378
Sofia Ferreira;+49 095446441
Sofia Alves;+41 201818210
Sofia Alves;+49 270455536
Sofia Gonçalves;+33 832031641
Sofia Gonçalves;+44 224837997
Sofia Santos;+41 512907431
Sofia Ferreira;+32 110742704
Sofia Alves;+351 262598138
Sofia Mendes;+39 823912650
Sofia Mendes;+33 416410318
Sofia Mendes;+39 252814242
Sofia Silva;+41 097662175
Sofia Fernandes;+39 908991764
Sofia Martins;+33 981974080
Sofia Alves;+39 150583988
Sofia Gomes;+351 129809784
Sofia Mendes;+41 894495723
Sofia Gomes;+39 028067561
Sofia Silva;+32 785841057
Sofia Santos;+44 824078346
Sofia Gomes;+32 359110619
Sofia Santos;+33 162989127
Sofia Gonçalves;+33 702216162
Sofia Alves;+41 582078961
Sofia Pereira;+39 718687119
Sofia Fernandes;+49 423608859
Sofia Gomes;+351 487235037
Sofia Martins;+39 931957618
