Rui Pereira;+33 105278632
Rui Martins;+49 432754431
Rui Ferreira;+49 603568544
Rui Alves;+32 163167981
Ricardo Santos;+49 585116675
Rui Silva;+44 975375405
Rui Fernandes;+33 483198909
Rui Fernandes;+39 882079382
Ricardo Gomes;+44 735756407
Rui Gonçalves;+41 526720082
Ricardo Gomes;+39 194203123
Ricardo Gonçalves;+44 356735958
Ricardo Santos;+49 288694136
Ricardo Mendes;+43 636790071
Ricardo Martins;+49 881022169
Rui Silva;+39 138383396
Ricardo Gomes;+351 829188036
Ricardo Pereira;+351 296565756
Rui Gonçalves;+41 279673483
Rui Silva;+39 609395372
Rui Santos;+33 131653067
Ricardo Santos;+39 260062038
Rui Ferreira;+351 724049544
Ricardo Gomes;+44 461427467
Ricardo Mendes;+43 448177746
Rui Fernandes;+44 352531856
Ricardo Pereira;+41 725900073
Ricardo Silva;+351 667001424
Rui Silva;+41 962142804
Ricardo Martins;+49 019263077
Rui Gomes;+43 005433274
Ricardo Gomes;+32 781036667
Ricardo Silva;+49 410332821
Ricardo Silva;+41 250726623
Ricardo Gomes;+32 516270111
Rui Alves;+351 060517308
Ricardo Santos;+33 100869721
Rui Fernandes;+44 921734868
Rui Fernandes;+351 444451950
Rui Silva;+39 718906269
Rui Mendes;+44 883688435
Ricardo Gonçalves;+32 420823438
Rui Fernandes;+39 898923023
Ricardo Martins;+351 915716791
Ricardo Santos;+43 022794861
Rui Alves;+33 078174348
Rui Alves;+41 401387410
Ricardo Silva;+32 801508179
Ricardo Alves;+41 010219679
Ricardo Gomes;+41 211836197
Rui Silva;+49 053802924
Ricardo Gomes;+32 517454757
Ricardo Mendes;+41 938009705
Ricardo Martins;+33 937625488
Ricardo Santos;+41 946731973
Ricardo Santos;+41 246414075
Ricardo Martins;+44 373555922
Rui Santos;+43 146999147
Rui Fernandes;+49 557436945
Ricardo Silva;+49 149855531
Ricardo Pereira;+39 832475619
Ricardo Martins;+49 752326233
Rui Santos;+39 888037231
Ricardo Ferreira;+49 345893525
Ricardo Mendes;+44 291868385
Ricardo Silva;+33 550604324
Ricardo Pereira;+32 251379205
Ricardo Martins;+33 872454720
Ricardo Gomes;+44 631200984
Ricardo Ferreira;+49 948433564
Ricardo Martins;+41 279882188
Rui Fernandes;+44 918333911
Rui Martins;+32 885972459
Rui Mendes;+49 548455949
Rui Gomes;+32 069027817
Rui Pereira;+41 488997116
Ricardo Gomes;+44 762532694
Rui Ferreira;+33 998208328
Rui Ferreira;+49 922130423
Ricardo Ferreira;+39 907046527
Ricardo Silva;+41 743806936
Ricardo Fernandes;+43 834399999
Rui Alves;+39 061942459
Rui Alves;+44 040199078
Rui Alves;+33 846708377
Rui Pereira;+39 857735671
Ricardo Mendes;+33 883532122
Ricardo Ferreira;+49 580153216
Ricardo Fernandes;+351 509496204
Ricardo Silva;+49 918475006
Ricardo Ferreira;+351 088350363
Ricardo Martins;+32 259476213
Ricardo Mendes;+32 833541340
Rui Silva;+32 200380133
Ricardo Ferreira;+43 739529212
Rui Alves;+351 218045215
Rui Gomes;+33 766252840
Ricardo Alves;+44 225716517
Rui Ferreira;+351 363076890
Ricardo Gonçalves;+49 192716656
