Carlos Ferreira;+33 186486597
Catarina Gomes;+33 668984345
Catarina Fernandes;+49 524123422
Catarina Gomes;+41 748515587
Catarina Santos;+41 693616828
Catarina Fernandes;+41 934929548
Catarina Martins;+43 491919339
Catarina Ferreira;+32 637055694
Carlos Silva;+43 976753356
Carlos Mendes;+32 572316728
Carlos Ferreira;+32 404858418
Carlos Fernandes;+33 837194563
Catarina Pereira;+32 805444143
Catarina Santos;+351 864548168
Catarina Gonçalves;+33 008462607
Catarina Martins;+33 119641062
Carlos Martins;+41 386747768
Carlos Mendes;+43 915217355
Catarina Fernandes;+351 481509537
Catarina Mendes;+49 591105419
Catarina Pereira;+43 535399409
Catarina Gonçalves;+43 341730480
Catarina Silva;+32 640994662
Carlos Fernandes;+33 196957392
Catarina Fernandes;+44 299492790
Catarina Santos;+33 062009639
Carlos Gomes;+351 672860807
Catarina Mendes;+39 592261445
Catarina Gonçalves;+49 800810453
Catarina Gomes;+32 894411541
Carlos Alves;+351 866132384
Carlos Gonçalves;+32 413296655
Carlos Alves;+41 471892507
Catarina Martins;+41 236425268
Catarina Fernandes;+43 786917317
Catarina Ferreira;+41 874047520
Catarina Ferreira;+49 174941009
Catarina Gomes;+44 123084169
Catarina Alves;+44 243793041
Carlos Ferreira;+41 654091451
Carlos Pereira;+351 131120542
Carlos Gomes;+44 611277845
Catarina Gonçalves;+44 595761943
Catarina Gonçalves;+41 112373571
Catarina Mendes;+39 144939400
Catarina Silva;+39 678853133
Carlos Santos;+39 431756133
Catarina Santos;+43 308909421
Catarina Mendes;+33 966099263
Catarina Martins;+41 248466675
Catarina Santos;+41 010340576
Catarina Martins;+49 067552065
Carlos Gomes;+41 842734569
Catarina Ferreira;+351 130466852
Carlos Silva;+32 137478557
Catarina Pereira;+44 582823423
Catarina Mendes;+39 282280487
Catarina Fernandes;+32 128343448
Catarina Pereira;+351 188589840
Carlos Ferreira;+33 098010563
Catarina Gonçalves;+32 895759514
Catarina Martins;+39 112451873
Catarina Alves;+39 913023453
Carlos Gomes;+32 976576485
Catarina Mendes;+44 259031614
Carlos Pereira;+39 442208657
Catarina Alves;+351 152151200
Catarina Fernandes;+49 502889549
Carlos Fernandes;+44 380779291
Carlos Santos;+41 768073704
Carlos Alves;+39 616349145
Catarina Silva;+43 784365586
Catarina Alves;+44 433084924
Catarina Gonçalves;+44 650173914
Carlos Ferreira;+43 024977843
Carlos Martins;+351 264077038
Carlos Alves;+39 113500017
Carlos Silva;+32 570416927
Catarina Alves;+33 769997600
Carlos Santos;+41 297086486
Carlos Gomes;+351 210281469
Carlos Silva;+43 034655204
Catarina Alves;+43 346270139
Carlos Gonçalves;+33 166008512
Carlos Gonçalves;+41 427592507
Catarina Mendes;+43 711796281
Carlos Pereira;+41 491471492
Carlos Ferreira;+43 908575501
Catarina Mendes;+351 407316572
Carlos Santos;+49 663093384
Carlos Mendes;+44 082578689
Carlos Gonçalves;+44 010573321
Catarina Gonçalves;+41 793914171
Catarina Alves;+351 015096836
Catarina Santos;+351 532533384
Catarina Gonçalves;+32 374820123
Catarina Martins;+44 276044206
Carlos Mendes;+49 625071985
Carlos Ferreira;+33 034810418
Carlos Martins;+43 227940119
