Rui Fernandes;+32 471508287
Ricardo Ferreira;+44 743895605
Ricardo Santos;+49 231437251
Ricardo Gomes;+41 812451636
Rui Pereira;+39 418261991
Rui Gomes;+32 934381501
Rui Fernandes;+49 540553410
Rui Gonçalves;+43 967490885
Ricardo Fernandes;+41 759979663
Ricardo Silva;+44 063126072
Ricardo Pereira;+33 097661501
Rui Santos;+39 712837147
Ricardo Pereira;+33 208769943
Rui Alves;+41 977802160
Rui Fernandes;+41 944551517
Rui Ferreira;+39 020407324
Ricardo Silva;+44 665047446
Rui Pereira;+33 982250745
Rui Pereira;+43 593850127
Rui Fernandes;+44 753498751
Ricardo Alves;+351 123538713
Ricardo Santos;+49 620540978
Ricardo Martins;+33 303337263
Rui Ferreira;+43 621352999
Ricardo Fernandes;+39 336697538
Ricardo Martins;+44 184892836
Ricardo Gomes;+49 237436769
Rui Silva;+44 043773376
Ricardo Alves;+32 576991644
Ricardo Silva;+44 459354391
Ricardo Gonçalves;+33 313682807
Ricardo Fernandes;+32 628998409
Ricardo Ferreira;+32 693259330
Ricardo Gonçalves;+39 329264603
Ricardo Fernandes;+44 521544561
Rui Ferreira;+43 832187315
Rui Ferreira;+33 948112519
Ricardo Gomes;+44 855929370
Rui Pereira;+49 630465969
Ricardo Santos;+33 360582187
Ricardo Santos;+351 374086381
Ricardo Fernandes;+351 152654818
Ricardo Pereira;+43 112659910
Ricardo Gomes;+43 671141461
Rui Fernandes;+351 694860289
Rui Santos;+44 082266238
Ricardo Silva;+32 607473436
Ricardo Ferreira;+32 616158496
Rui Gonçalves;+39 378537423
Rui Alves;+39 577514808
Rui Silva;+32 429467978
Ricardo Ferreira;+43 646566578
Rui Mendes;+44 635212751
Ricardo Martins;+39 122083315
Ricardo Pereira;+43 495281668
Rui Silva;+43 494929742
Rui Gonçalves;+44 056080125
Rui Mendes;+41 807404321
Ricardo Silva;+41 251966143
Ricardo Silva;+39 938467156
Ricardo Mendes;+351 884791797
Rui Fernandes;+33 075424577
Rui Martins;+44 221262448
Rui Mendes;+39 519353872
Rui Mendes;+49 395941547
Ricardo Mendes;+32 708004239
Ricardo Santos;+351 232601843
Ricardo Fernandes;+32 023256166
Rui Santos;+39 829917580
Rui Martins;+33 653672939
Rui Pereira;+44 985753294
Rui Gonçalves;+49 874215150
Ricardo Pereira;+351 950448736
Ricardo Ferreira;+44 647582173
Ricardo Pereira;+49 419899494
Rui Martins;+49 497924199
Ricardo Santos;+351 545240575
Ricardo Alves;+43 541121643
Rui Ferreira;+49 191841911
Ricardo Gomes;+43 670182537
Ricardo Gomes;+33 636068182
Rui Martins;+43 817453430
Rui Alves;+39 684516191
Rui Gonçalves;+49 452806114
Rui Martins;+39 010767762
Rui Martins;+41 311390029
Rui Martins;+43 999491837
Ricardo Mendes;+43 280578215
Rui Gomes;+39 050873877
Rui Gonçalves;+41 968629338
Ricardo Ferreira;+39 200842278
Rui Mendes;+43 494058223
Ricardo Ferreira;+41 634402158
Ricardo Fernandes;+33 666394125
Ricardo Fernandes;+41 927469538
Ricardo Ferreira;+44 054075133
Ricardo Alves;+41 709595903
Ricardo Alves;+44 441168782
Rui Fernandes;+44 522658147
Ricardo Martins;+32 650807414
