Ana Mendes;+43 570404665
Ana Santos;+351 701083128
Ana Pereira;+33 399724453
Ana Ferreira;+351 526508228
Ana Fernandes;+43 974795898
Ana Mendes;+41 317462223
Ana Martins;+43 822449498
Ana Gonçalves;+39 827612302
Ana Silva;+33 011903610
Ana Martins;+44 467906325
Ana Mendes;+41 748277765
Ana Pereira;+44 862332836
Ana Mendes;+41 531629442
Ana Martins;+351 451263715
Ana Ferreira;+49 391730574
Ana Ferreira;+49 476614793
Ana Martins;+351 685228857
Ana Mendes;+43 555959694
Ana Gonçalves;+33 067344161
Ana Gonçalves;+32 410727175
Ana Gomes;+32 094557073
Ana Mendes;+49 249360607
Ana Pereira;+33 899727658
Ana Alves;+32 159825001
Ana Ferreira;+39 464852617
Ana Santos;+41 216379585
Ana Ferreira;+351 271640951
Ana Gonçalves;+39 116082333
Ana Gomes;+351 967250263
Ana Gomes;+33 719093705
Ana Alves;+44 222004611
Ana Santos;+33 295181138
Ana Santos;+44 523172707
Ana Mendes;+44 934929290
Ana Silva;+41 816701537
Ana Mendes;+33 632276841
Ana Alves;+49 561167626
Ana Alves;+351 244864374
Ana Gonçalves;+44 366050453
Ana Gonçalves;+33 530324252
Ana Fernandes;+44 426361225
Ana Santos;+49 143547275
Ana Silva;+351 734187158
Ana Santos;+33 489226460
Ana Gonçalves;+44 068966258
Ana Ferreira;+43 165808259
Ana Gomes;+49 483066289
Ana Alves;+32 099885942
Ana Gomes;+33 606794199
Ana Alves;+351 618227567
Ana Silva;+351 438138563
Ana Santos;+44 504996849
Ana Fernandes;+351 285663545
Ana Fernandes;+41 280215149
Ana Fernandes;+351 351164308
Ana Mendes;+39 582212732
Ana Mendes;+41 716093070
Ana Mendes;+41 552127422
Ana Pereira;+351 501616204
Ana Gonçalves;+44 886592730
Ana Ferreira;+41 439016331
Ana Fernandes;+44 676064452
Ana Martins;+39 224908016
Ana Mendes;+41 331345058
Ana Ferreira;+49 421639926
Ana Alves;+41 218047761
Ana Gomes;+49 824919866
Ana Martins;+351 867754981
Ana Pereira;+39 792242569
Ana Santos;+39 974525388
Ana Mendes;+43 735525428
Ana Ferreira;+43 607260846
Ana Gomes;+32 235600263
Ana Fernandes;+39 584476376
Ana Mendes;+39 322387597
Ana Martins;+43 731553553
Ana Martins;+32 321882170
Ana Ferreira;+44 964460972
Ana Mendes;+41 526388622
Ana Silva;+43 490472143
Ana Santos;+32 390216805
Ana Gomes;+351 779016543
Ana Martins;+41 953449126
Ana Silva;+39 228408440
Ana Pereira;+41 895858027
Ana Fernandes;+351 518251936
Ana Alves;+41 320863380
Ana Gomes;+32 764924369
Ana Ferreira;+44 636840042
Ana Ferreira;+32 558686519
Ana Alves;+44 769651930
Ana Alves;+351 148744110
Ana Martins;+44 870264283
Ana Santos;+39 120346031
Ana Gomes;+49 015750289
Ana Santos;+33 502192507
Ana Fernandes;+39 419002355
Ana Martins;+44 360347092
Ana Pereira;+44 815941824
Ana Alves;+49 585555527
