Ricardo Martins;+44 615124481
Rui Ferreira;+39 654989510
Ricardo Alves;+43 261065130
Rui Pereira;+351 602086458
Ricardo Ferreira;+33 808762998
Rui Gonçalves;+43 835984595
Rui Santos;+32 404219774
Rui Martins;+44 056092730
Rui Pereira;+44 561921809
Rui Ferreira;+44 865836371
Rui Alves;+39 725874885
Rui Santos;+33 131489828
Ricardo Gonçalves;+41 125790462
Ricardo Gomes;+39 978673880
Rui Santos;+351 870400741
Ricardo Fernandes;+351 119528113
Ricardo Martins;+351 935260898
Ricardo Mendes;+43 493090244
Rui Gonçalves;+41 270434849
Rui Pereira;+43 750690521
Rui Mendes;+32 490897846
Ricardo Pereira;+39 114596679
Ricardo Pereira;+32 462648501
Rui Silva;+43 844991914
Ricardo Ferreira;+43 398660499
Rui Gonçalves;+351 409398982
Ricardo Martins;+41 369010414
Ricardo Mendes;+33 067493854
Ricardo Alves;+49 493935158
Ricardo Pereira;+351 759591819
Rui Mendes;+32 020145927
Rui Gomes;+39 377754570
Ricardo Silva;+41 232209325
Ricardo Fernandes;+43 698098817
Ricardo Gomes;+32 908527448
Rui Gonçalves;+49 244744165
Rui Gonçalves;+43 146245693
Ricardo Mendes;+33 038445874
Rui Silva;+39 887583494
Rui Santos;+33 240447621
Rui Ferreira;+44 560445808
Ricardo Gonçalves;+39 542798643
Ricardo Martins;+44 355157477
Ricardo Ferreira;+43 888908117
Ricardo Gomes;+43 607122455
Ricardo Gomes;+33 877840800
Ricardo Mendes;+351 515545793
Ricardo Ferreira;+49 448155411
Rui Gomes;+43 194032971
Rui Pereira;+351 120005290
Ricardo Ferreira;+44 015697036
Ricardo Mendes;+44 308194774
Ricardo Silva;+43 329994818
Rui Gomes;+41 418802020
Ricardo Ferreira;+44 825523097
Rui Mendes;+41 392345902
Rui Pereira;+33 954733067
Ricardo Ferreira;+32 460472611
Ricardo Martins;+44 992108890
Rui Pereira;+49 912808987
Rui Gonçalves;+33 097419076
Rui Martins;+43 136629538
Rui Gomes;+32 974515383
Ricardo Silva;+351 008586108
Ricardo Mendes;+32 829604410
Rui Mendes;+32 600719204
Rui Mendes;+43 722484972
Ricardo Gonçalves;+41 647567798
Ricardo Pereira;+33 725151050
Rui Mendes;+32 721823766
Rui Pereira;+44 091904399
Rui Martins;+351 198652092
Rui Fernandes;+33 205471163
Ricardo Pereira;+39 351957923
Ricardo Alves;+32 239406904
Ricardo Pereira;+43 384144487
Rui Pereira;+44 406317804
Rui Alves;+32 659181159
Rui Alves;+33 936647479
Rui Ferreira;+49 083839515
Rui Martins;+32 907996288
Ricardo Martins;+39 799382688
Rui Ferreira;+32 996397259
Ricardo Alves;+32 900428046
Rui Gonçalves;+32 566125019
Rui Martins;+33 096114640
Ricardo Gonçalves;+351 645775667
Rui Fernandes;+351 199762909
Ricardo Gomes;+43 835505684
Ricardo Alves;+41 890787960
Ricardo Martins;+43 911314902
Ricardo Martins;+39 635868085
Ricardo Fernandes;+351 675538277
Ricardo Martins;+43 029644304
Ricardo Gonçalves;+351 556375310
Rui Fernandes;+33 204616789
Ricardo Martins;+33 423624937
Ricardo Gomes;+41 100662348
Rui Pereira;+43 098936265
Rui Santos;+351 719739965
