Sofia Mendes;+44 308777752
Sofia Ferreira;+41 549340782
Sofia Pereira;+39 730787151
Sofia Pereira;+351 567956262
Sofia Pereira;+43 363492918
Sofia Ferreira;+44 410278930
Sofia Gomes;+41 267477740
Sofia Santos;+33 538047968
Sofia Silva;+39 875124829
Sofia Santos;+351 395353098
Sofia Mendes;+49 493218190
Sofia Ferreira;+49 137464657
Sofia Gomes;+49 653903969
Sofia Santos;+33 618062601
Sofia Martins;+41 433183443
Sofia Pereira;+33 150295360
Sofia Gomes;+44 857896029
Sofia Santos;+44 594985047
Sofia Gomes;+49 562931554
Sofia Gomes;+33 033870326
Sofia Alves;+351 388991660
Sofia Santos;+41 469305106
Sofia Santos;+49 548220030
Sofia Alves;+33 039867784
Sofia Ferreira;+32 477271610
Sofia Mendes;+49 888032890
Sofia Mendes;+43 639174109
Sofia Gonçalves;+44 985806937
Sofia Alves;+351 689724232
Sofia Ferreira;+49 033530113
Sofia Santos;+41 877854043
Sofia Fernandes;+33 416185501
Sofia Santos;+32 379816257
Sofia Gonçalves;+41 063753652
Sofia Gomes;+32 495436781
Sofia Ferreira;+49 082946885
Sofia Gonçalves;+43 247242066
Sofia Martins;+49 965310323
Sofia Gomes;+43 041352361
Sofia Mendes;+351 599849897
Sofia Alves;+32 877207117
Sofia Silva;+41 908676002
Sofia Mendes;+44 223655983
Sofia Silva;+32 045349030
Sofia Mendes;+41 940347117
Sofia Gonçalves;+41 510226880
Sofia Mendes;+351 953478100
Sofia Mendes;+351 188923553
Sofia Gonçalves;+33 824021692
Sofia Alves;+351 139036822
Sofia Gonçalves;+49 752346440
Sofia Martins;+43 870451807
Sofia Ferreira;+41 970799842
Sofia Ferreira;+49 505068291
Sofia Alves;+32 087358644
Sofia Gomes;+39 798990555
Sofia Gomes;+44 570545047
Sofia Mendes;+33 669895133
Sofia Alves;+43 689011815
Sofia Santos;+41 444062802
Sofia Silva;+39 642347802
Sofia Gonçalves;+351 982660739
Sofia Santos;+351 245855856
Sofia Gonçalves;+33 265072199
Sofia Gonçalves;+32 251947794
Sofia Mendes;+49 720925896
Sofia Ferreira;+43 756802258
Sofia Ferreira;+44 432110875
Sofia Alves;+49 264539575
Sofia Gomes;+43 761453991
Sofia Santos;+33 494414929
Sofia Pereira;+43 836899015
Sofia Pereira;+33 378653349
Sofia Mendes;+39 421152180
Sofia Martins;+39 739050473
Sofia Gomes;+32 294353579
Sofia Alves;+43 117347374
Sofia Santos;+33 885409604
Sofia Gonçalves;+351 091895054
Sofia Martins;+39 580226388
Sofia Santos;+41 363661207
Sofia Alves;+41 244587621
Sofia Pereira;+41 931483226
Sofia Gonçalves;+49 865406176
Sofia Alves;+44 425326233
Sofia Gonçalves;+49 299269774
Sofia Fernandes;+49 110057379
Sofia Fernandes;+49 833854990
Sofia Fernandes;+41 631984793
Sofia Gonçalves;+351 221783225
Sofia Mendes;+44 714063680
Sofia Pereira;+41 976500906
Sofia Ferreira;+49 622580749
Sofia Santos;+39 959157818
Sofia Fernandes;+351 449380138
Sofia Silva;+33 257917694
Sofia Alves;+32 085257359
Sofia Mendes;+39 890397716
Sofia Gonçalves;+351 487594948
Sofia Fernandes;+351 396526125
