Sofia Ferreira;+41 903360504
Sofia Pereira;+43 902599671
Sofia Mendes;+41 862506580
Sofia Gonçalves;+32 584399004
Sofia Gonçalves;+39 564703254
Sofia Silva;+32 657961616
Sofia Martins;+43 747530736
Sofia Gonçalves;+39 692393549
Sofia Martins;+44 243107423
Sofia Alves;+44 710221210
Sofia Silva;+43 901395224
Sofia Gomes;+49 115976650
Sofia Pereira;+39 166629013
Sofia Ferreira;+44 219841718
Sofia Martins;+33 681687580
Sofia Gomes;+41 937141700
Sofia Santos;+41 888254617
Sofia Gonçalves;+41 943801781
Sofia Ferreira;+39 289554477
Sofia Fernandes;+49 417376158
Sofia Santos;+351 710872225
Sofia Mendes;+43 016625289
Sofia Fernandes;+33 844318093
Sofia Mendes;+351 739629513
Sofia Mendes;+39 712743076
Sofia Santos;+49 849736334
Sofia Silva;+43 115986640
Sofia Pereira;+32 972206498
Sofia Martins;+43 833695587
Sofia Santos;+41 613924797
Sofia Fernandes;+39 271261237
Sofia Fernandes;+44 330669404
Sofia Silva;+49 959867568
Sofia Silva;+39 882265234
Sofia Fernandes;+32 768958495
Sofia Gonçalves;+43 610119514
Sofia Silva;+351 239982567
Sofia Gomes;+39 789302038
Sofia Gomes;+351 903407600
Sofia Gomes;+43 745032847
Sofia Martins;+39 366811368
Sofia Martins;+43 578867719
Sofia Alves;+33 664260161
Sofia Fernandes;+32 642826240
Sofia Gonçalves;+39 911866088
Sofia Martins;+32 480656886
Sofia Mendes;+32 173400022
Sofia Pereira;+49 784143773
Sofia Gonçalves;+33 155418034
Sofia Ferreira;+43 345810092
Sofia Alves;+44 504671607
Sofia Santos;+39 496284647
Sofia Ferreira;+41 109534068
Sofia Pereira;+41 625653903
Sofia Silva;+33 822931475
Sofia Gomes;+351 046242947
Sofia Mendes;+33 072597926
Sofia Silva;+39 920397422
Sofia Martins;+39 069963641
Sofia Gomes;+43 335782828
Sofia Santos;+351 461588067
Sofia Gonçalves;+351 603514710
Sofia Silva;+43 386450669
Sofia Gonçalves;+32 757308562
Sofia Alves;+49 239783305
Sofia Gonçalves;+39 472369551
Sofia Gonçalves;+43 022492181
Sofia Gonçalves;+41 938070719
Sofia Gomes;+44 292515460
Sofia Martins;+49 033239037
Sofia Gomes;+43 573750913
Sofia Ferreira;+39 908540404
Sofia Santos;+49 624461984
Sofia Mendes;+43 239886178
Sofia Alves;+49 243817048
Sofia Pereira;+351 617079295
Sofia Silva;+44 784943331
Sofia Fernandes;+43 177375564
Sofia Alves;+39 205138089
Sofia Gomes;+33 906648076
Sofia Mendes;+41 992543332
Sofia Ferreira;+32 451305670
Sofia Silva;+351 692293904
Sofia Fernandes;+44 434990170
Sofia Gomes;+39 055275860
Sofia Gomes;+41 338187685
Sofia Martins;+49 429278571
Sofia Mendes;+32 093790775
Sofia Pereira;+39 293307399
Sofia Gomes;+351 464215242
Sofia Silva;+32 127220994
Sofia Fernandes;+43 346277496
Sofia Alves;+43 820797710
Sofia Mendes;+33 610037400
Sofia Pereira;+32 267228968
Sofia Gonçalves;+44 279533269
Sofia Alves;+39 194943533
Sofia Pereira;+49 553807657
Sofia Ferreira;+351 260407044
Sofia Gomes;+49 720576614
