Carlos Mendes;+32 186779924
Carlos Alves;+41 442907610
Carlos Martins;+44 849218619
Catarina Pereira;+39 086726009
Carlos Alves;+43 835419763
Carlos Mendes;+41 020747112
Carlos Mendes;+44 483800117
Carlos Gomes;+49 891966886
Carlos Martins;+44 222596446
Catarina Alves;+49 181632000
Carlos Pereira;+44 517604845
Carlos Alves;+41 033444281
Catarina Silva;+33 129558116
Carlos Gomes;+43 221538923
Carlos Fernandes;+49 564620575
Catarina Silva;+43 623363705
Carlos Silva;+32 505725354
Catarina Santos;+43 802978145
Carlos Fernandes;+43 211042989
Catarina Pereira;+44 152673982
Catarina Martins;+49 090745697
Carlos Ferreira;+32 827583170
Carlos Silva;+49 438460263
Carlos Mendes;+43 505010322
Catarina Santos;+351 387808211
Carlos Silva;+32 813675694
Catarina Fernandes;+41 991307642
Carlos Fernandes;+32 713684717
Catarina Silva;+39 509239831
Carlos Ferreira;+32 530687924
Carlos Fernandes;+39 377529823
Catarina Pereira;+49 332769751
Catarina Martins;+351 473020701
Catarina Mendes;+351 507024135
Catarina Santos;+39 912651528
Carlos Alves;+32 390418669
Catarina Silva;+39 961675092
Carlos Ferreira;+43 223545735
Catarina Pereira;+41 462203429
Carlos Gonçalves;+39 531504817
Catarina Pereira;+44 709951707
Catarina Santos;+33 152006057
Carlos Gomes;+49 972261342
Catarina Santos;+43 220375735
Carlos Gonçalves;+49 323730831
Catarina Gomes;+44 296209217
Carlos Santos;+32 164334665
Carlos Ferreira;+32 314590233
Catarina Gomes;+41 102335125
Catarina Fernandes;+44 611734678
Catarina Alves;+32 059753924
Carlos Gonçalves;+43 686961310
Catarina Mendes;+49 862291305
Catarina Mendes;+41 373695048
Carlos Gonçalves;+44 602012450
Carlos Gonçalves;+44 100725422
Catarina Gonçalves;+44 004215809
Carlos Pereira;+32 199320253
Catarina Alves;+43 638491343
Carlos Ferreira;+49 870736058
Carlos Pereira;+351 484611255
Catarina Mendes;+43 486542156
Carlos Silva;+41 224943869
Carlos Alves;+33 459182096
Carlos Gomes;+43 558446702
Carlos Mendes;+41 885459888
Carlos Mendes;+41 867388946
Catarina Pereira;+43 295898608
Carlos Fernandes;+33 717207868
Catarina Martins;+44 358045512
Carlos Gonçalves;+351 694258478
Catarina Fernandes;+33 946867524
Catarina Pereira;+351 839916449
Catarina Martins;+39 802317702
Carlos Fernandes;+41 045414796
Carlos Santos;+43 992795777
Catarina Alves;+33 701604964
Carlos Gonçalves;+41 538845750
Carlos Fernandes;+33 990618203
Catarina Alves;+43 878860829
Catarina Gonçalves;+49 710597443
Catarina Alves;+32 199950854
Carlos Silva;+49 614814667
Carlos Mendes;+32 908185636
Carlos Ferreira;+44 882150061
Catarina Alves;+33 453471824
Catarina Pereira;+32 019702309
Carlos Fernandes;+41 601997451
Catarina Gonçalves;+49 557698482
Carlos Martins;+44 463122184
Carlos Alves;+43 057390836
Carlos Gomes;+32 489965338
Catarina Fernandes;+49 822124792
Carlos Ferreira;+43 988166375
Carlos Santos;+49 751148566
Carlos Fernandes;+44 036548493
Catarina Alves;+44 991674924
Catarina Alves;+351 290378189
Catarina Mendes;+41 905979635
Carlos Santos;+351 310028366
