Ana Silva;+49 589816690
Ana Gomes;+44 712378533
Ana Alves;+39 977006803
Ana Mendes;+44 401175017
Ana Gonçalves;+351 930314326
Ana Gonçalves;+351 787217160
Ana Gomes;+33 023610970
Ana Santos;+32 002208189
Ana Pereira;+43 233098721
Ana Alves;+32 693267008
Ana Ferreira;+44 278788511
Ana Mendes;+33 997857849
Ana Ferreira;+41 033631890
Ana Martins;+351 249415966
Ana Alves;+32 905234078
Ana Silva;+49 668262072
Ana Fernandes;+33 741929331
Ana Pereira;+39 687375688
Ana Santos;+351 477261586
Ana Gomes;+32 005931331
Ana Mendes;+41 790406979
Ana Martins;+39 254271817
Ana Ferreira;+32 109482361
Ana Pereira;+49 755390785
Ana Martins;+32 993418565
Ana Gonçalves;+39 659315519
Ana Gomes;+49 143950870
Ana Ferreira;+49 694679645
Ana Mendes;+33 283747249
Ana Pereira;+39 581453440
Ana Silva;+41 291516090
Ana Alves;+41 186003147
Ana Pereira;+43 130243469
Ana Alves;+43 218130193
Ana Gomes;+39 984717527
Ana Gonçalves;+49 724787610
Ana Santos;+39 130470149
Ana Alves;+41 316306283
Ana Mendes;+351 487264736
Ana Alves;+43 888897498
Ana Santos;+44 149526121
Ana Silva;+33 278521260
Ana Mendes;+39 852476214
Ana Ferreira;+351 414156128
Ana Gomes;+33 935266794
Ana Fernandes;+41 237310758
Ana Gomes;+43 535012677
Ana Mendes;+44 221318047
Ana Martins;+33 716123428
Ana Fernandes;+39 424768571
Ana Gonçalves;+49 564785847
Ana Pereira;+44 923842345
Ana Silva;+49 531805620
Ana Gonçalves;+41 859501572
Ana Martins;+33 407623424
Ana Silva;+32 165304308
Ana Ferreira;+44 298334181
Ana Mendes;+44 423181116
Ana Pereira;+43 625652423
Ana Fernandes;+49 570745192
Ana Mendes;+44 452030098
Ana Silva;+49 121323638
Ana Gonçalves;+33 909742712
Ana Gonçalves;+32 681107002
Ana Mendes;+43 459646302
Ana Silva;+32 641747557
Ana Fernandes;+33 847324293
Ana Gonçalves;+32 537819069
Ana Gonçalves;+44 245306933
Ana Silva;+351 286684838
Ana Santos;+351 711893477
Ana Martins;+32 248057147
Ana Gonçalves;+39 472691174
Ana Fernandes;+39 558206739
Ana Mendes;+49 066071664
Ana Gomes;+39 293573157
Ana Pereira;+32 070039409
Ana Santos;+32 388827163
Ana Martins;+39 214657699
Ana Alves;+39 435547814
Ana Fernandes;+351 307767598
Ana Martins;+44 474181167
Ana Pereira;+43 838454858
Ana Gomes;+32 993947701
Ana Silva;+49 859089144
Ana Alves;+44 621823797
Ana Mendes;+33 889833913
Ana Gonçalves;+32 820992469
Ana Silva;+351 847461514
Ana Gomes;+43 152098397
Ana Pereira;+41 844433781
Ana Martins;+39 481082108
Ana Santos;+351 819198021
Ana Alves;+32 699555521
Ana Santos;+33 876212790
Ana Fernandes;+32 956006530
Ana Alves;+41 975073217
Ana Mendes;+39 796947540
Ana Alves;+33 165912600
Ana Ferreira;+32 051570552
