Ricardo Ferreira;+43 914292228
Ricardo Santos;+351 346272416
Ricardo Alves;+49 710980241
Rui Mendes;+33 703046895
Ricardo Martins;+41 688314389
Rui Ferreira;+33 072479622
Ricardo Gomes;+33 592092115
Ricardo Ferreira;+49 816900513
Rui Santos;+44 776127616
Rui Alves;+32 335675764
Ricardo Gomes;+44 232367547
Ricardo Ferreira;+44 994187085
Ricardo Alves;+49 891144654
Ricardo Gonçalves;+33 721606869
Rui Gonçalves;+32 702082625
Rui Mendes;+43 678587405
Rui Gomes;+49 909213468
Rui Mendes;+44 833478435
Rui Pereira;+39 503155042
Ricardo Gomes;+351 524492538
Rui Fernandes;+44 890616120
Ricardo Gomes;+32 217070121
Ricardo Gonçalves;+43 634985213
Ricardo Mendes;+33 855764480
Rui Gonçalves;+41 237651066
Rui Fernandes;+351 402071285
Rui Silva;+44 399564594
Rui Gomes;+43 705803386
Ricardo Alves;+33 123523048
Ricardo Fernandes;+351 210481887
Rui Mendes;+32 508032964
Rui Pereira;+33 425909076
Ricardo Silva;+44 579304126
Ricardo Gomes;+49 607033427
Rui Gomes;+33 054584284
Ricardo Gonçalves;+32 840101813
Rui Silva;+43 067717487
Ricardo Mendes;+41 343491301
Rui Pereira;+32 617821590
Rui Pereira;+351 792754265
Rui Santos;+39 663818898
Rui Pereira;+351 738670619
Ricardo Silva;+33 279866344
Rui Santos;+41 885673487
Ricardo Martins;+39 673132100
Ricardo Gonçalves;+33 630407210
Rui Ferreira;+44 369263620
Rui Gonçalves;+33 135909303
Rui Silva;+43 945725805
Ricardo Gomes;+39 483438730
Rui Martins;+32 309656100
Rui Gonçalves;+44 161155228
Rui Ferreira;+44 520819343
Rui Fernandes;+49 512750610
Rui Martins;+49 084134349
Ricardo Martins;+39 236090851
Ricardo Ferreira;+43 884298269
Ricardo Fernandes;+43 563792738
Ricardo Pereira;+43 354408431
Rui Pereira;+41 047616247
Ricardo Martins;+351 318564108
Ricardo Ferreira;+32 313657099
Rui Fernandes;+32 895599419
Ricardo Alves;+351 365927290
Rui Alves;+39 638041494
Ricardo Gonçalves;+39 951939008
Ricardo Pereira;+49 735511903
Rui Silva;+39 318151223
Ricardo Alves;+49 449975208
Ricardo Mendes;+351 817590554
Ricardo Ferreira;+351 592688719
Rui Mendes;+44 021450259
Ricardo Gonçalves;+44 130380944
Rui Alves;+49 254328037
Rui Gonçalves;+33 703552459
Ricardo Mendes;+39 601823101
Rui Alves;+39 583430626
Rui Mendes;+49 123497320
Rui Alves;+33 843370483
Ricardo Santos;+32 995559447
Rui Gonçalves;+49 745709625
Ricardo Mendes;+49 043092631
Ricardo Gonçalves;+39 288984864
Rui Santos;+351 797974810
Ricardo Pereira;+33 342425072
Ricardo Pereira;+44 768897753
Ricardo Gomes;+33 221432326
Ricardo Ferreira;+33 377816167
Ricardo Ferreira;+43 253884476
Ricardo Gomes;+41 178736980
Ricardo Gonçalves;+44 971172225
Ricardo Martins;+33 480293203
Ricardo Santos;+43 537284024
Ricardo Gomes;+41 869752929
Ricardo Martins;+33 029982032
Rui Martins;+33 216235354
Rui Silva;+41 069287025
Ricardo Alves;+39 410775064
Rui Pereira;+351 814561222
Rui Mendes;+41 901313269
