Rui Fernandes;+49 616681860
Rui Fernandes;+39 176147574
Ricardo Silva;+41 469472555
Ricardo Ferreira;+41 141347463
Ricardo Alves;+39 416880420
Rui Santos;+41 394751580
Ricardo Silva;+39 105611722
Rui Pereira;+43 520155790
Ricardo Martins;+32 174574003
Ricardo Martins;+43 665608728
Rui Mendes;+49 883812619
Rui Pereira;+33 720584848
Ricardo Mendes;+39 161211277
Ricardo Gomes;+32 706804844
Ricardo Silva;+32 575429326
Ricardo Mendes;+49 494336642
Rui Alves;+32 859882685
Rui Fernandes;+39 843106638
Rui Martins;+49 569247591
Ricardo Silva;+41 999982564
Ricardo Fernandes;+44 038426283
Ricardo Pereira;+33 282144370
Rui Gonçalves;+49 191383913
Ricardo Gonçalves;+44 700332679
Rui Gonçalves;+351 125909006
Ricardo Gomes;+351 415843045
Rui Ferreira;+39 955734816
Rui Alves;+41 215905493
Ricardo Silva;+33 503609485
Rui Fernandes;+49 821365675
Ricardo Silva;+44 639353806
Rui Pereira;+43 079904176
Rui Pereira;+41 290245678
Rui Gomes;+33 693295369
Ricardo Santos;+32 653448042
Rui Ferreira;+41 348105816
Rui Silva;+41 380632387
Ricardo Ferreira;+43 404213048
Rui Santos;+43 791017203
Ricardo Gonçalves;+33 074231003
Ricardo Mendes;+44 051286232
Rui Alves;+44 621352015
Rui Pereira;+351 307734895
Rui Gonçalves;+49 268331011
Ricardo Fernandes;+41 185334833
Ricardo Gonçalves;+39 059607279
Rui Santos;+49 685130361
Ricardo Ferreira;+41 644839980
Ricardo Mendes;+49 293507013
Rui Gonçalves;+49 529629420
Rui Santos;+43 133317306
Ricardo Pereira;+351 098708364
Rui Gonçalves;+41 024739072
Rui Santos;+33 711929191
Ricardo Mendes;+43 065900773
Rui Alves;+32 653260640
Rui Alves;+49 663355174
Ricardo Gomes;+351 229852119
Rui Silva;+44 080403756
Rui Martins;+351 724063418
Ricardo Pereira;+49 033277381
Rui Fernandes;+49 465205768
Ricardo Silva;+49 468777380
Rui Alves;+32 255051123
Ricardo Pereira;+33 129102667
Rui Santos;+41 287760245
Ricardo Gomes;+33 377051225
Ricardo Gomes;+351 684673859
Rui Silva;+41 922773446
Rui Gonçalves;+33 898698886
Rui Ferreira;+43 440944976
Ricardo Pereira;+44 149873814
Ricardo Pereira;+49 568167934
Rui Ferreira;+33 781773081
Rui Santos;+351 739015526
Ricardo Fernandes;+32 143058044
Rui Santos;+39 254751802
Ricardo Ferreira;+32 309191984
Rui Silva;+351 956697945
Rui Pereira;+33 816684182
Rui Martins;+33 805042983
Rui Pereira;+32 200213901
Ricardo Silva;+351 111133048
Rui Alves;+351 164294385
Ricardo Gonçalves;+39 364561465
Ricardo Pereira;+33 367123789
Rui Ferreira;+351 742553539
Rui Martins;+39 281584209
Ricardo Pereira;+44 521722766
Ricardo Gonçalves;+43 678912076
Ricardo Mendes;+49 473639270
Ricardo Silva;+33 684299274
Rui Pereira;+49 504273446
Rui Martins;+39 399684167
Rui Alves;+39 566880262
Ricardo Pereira;+49 835310427
Ricardo Silva;+43 042326522
Ricardo Silva;+41 619359772
Rui Martins;+32 044618476
Ricardo Gomes;+32 936204977
