Catarina Pereira;+49 865859154
Carlos Alves;+44 747924381
Carlos Silva;+41 883167976
Catarina Silva;+43 572536193
Catarina Alves;+39 279062625
Catarina Ferreira;+33 344777335
Catarina Martins;+43 812160911
Catarina Santos;+39 213236423
Catarina Alves;+39 096945681
Catarina Martins;+43 953591996
Catarina Fernandes;+41 475749952
Catarina Gomes;+39 162664486
Catarina Mendes;+41 916431232
Catarina Fernandes;+44 827985577
Catarina Gomes;+49 641506394
Catarina Gonçalves;+33 826492589
Catarina Gomes;+33 728676496
Catarina Pereira;+41 863492723
Carlos Martins;+43 449778656
Carlos Ferreira;+41 201088958
Catarina Fernandes;+44 004516405
Carlos Mendes;+41 960578282
Carlos Gomes;+43 842830483
Carlos Gomes;+43 864497493
Catarina Santos;+33 361022191
Carlos Gomes;+33 195396461
Carlos Silva;+41 657140503
Catarina Pereira;+32 241404149
Carlos Mendes;+32 168267504
Carlos Ferreira;+32 335767173
Catarina Gomes;+41 745228649
Carlos Ferreira;+49 740221648
Carlos Pereira;+351 022121881
Catarina Martins;+32 936981885
Carlos Martins;+49 423844620
Catarina Silva;+39 508519231
Carlos Silva;+33 133698313
Catarina Gomes;+33 896203068
Catarina Ferreira;+351 123513640
Catarina Ferreira;+351 727096635
Carlos Ferreira;+44 333987192
Catarina Pereira;+41 483488404
Catarina Martins;+33 007914843
Carlos Silva;+39 952945190
Carlos Fernandes;+33 726335618
Catarina Pereira;+49 043897387
Catarina Gonçalves;+32 451076998
Catarina Silva;+43 260822710
Carlos Pereira;+44 001418453
Catarina Martins;+41 554167277
Catarina Alves;+41 188298226
Carlos Santos;+32 655547161
Catarina Fernandes;+44 392058585
Catarina Alves;+44 475856595
Catarina Fernandes;+32 723698050
Carlos Silva;+351 855118368
Catarina Ferreira;+33 476250078
Catarina Pereira;+351 795332803
Catarina Pereira;+39 253756403
Carlos Gomes;+44 653424900
Catarina Pereira;+44 881916646
Carlos Alves;+39 777554003
Carlos Mendes;+32 378887450
Carlos Gonçalves;+49 521921306
Carlos Silva;+41 911301973
Carlos Gonçalves;+41 637525201
Catarina Ferreira;+33 571282649
Carlos Martins;+49 231737780
Carlos Santos;+49 069935047
Carlos Gomes;+49 353082999
Carlos Alves;+49 623133345
Catarina Santos;+32 023697078
Catarina Mendes;+44 795484816
Carlos Fernandes;+44 831313243
Carlos Pereira;+44 409227068
Carlos Gonçalves;+32 882993262
Carlos Mendes;+351 891715768
Carlos Alves;+351 082263950
Catarina Gonçalves;+41 739817779
Catarina Silva;+39 226737734
Catarina Martins;+351 250221750
Catarina Silva;+39 189648692
Catarina Gomes;+39 007057588
Catarina Gomes;+43 797492975
Catarina Santos;+43 691592490
Catarina Mendes;+33 845286987
Catarina Ferreira;+41 964850630
Carlos Mendes;+41 154946497
Catarina Gonçalves;+33 809484229
Carlos Gonçalves;+32 567281410
Catarina Fernandes;+33 769075016
Carlos Ferreira;+44 498149205
Carlos Martins;+43 167352887
Carlos Gomes;+39 324421285
Catarina Fernandes;+49 385981225
Catarina Fernandes;+43 454330913
Catarina Alves;+32 324646142
Catarina Pereira;+49 886591361
Catarina Ferreira;+39 696115930
Carlos Fernandes;+49 519430845
