Sofia Silva;+32 797139175
Sofia Santos;+44 821983712
Sofia Silva;+32 834681456
Sofia Fernandes;+33 072501908
Sofia Gonçalves;+44 425143168
Sofia Silva;+43 387090883
Sofia Martins;+49 205692239
Sofia Alves;+49 456335432
Sofia Mendes;+49 993744452
Sofia Alves;+41 099586572
Sofia Martins;+39 306747246
Sofia Mendes;+41 226309921
Sofia Martins;+44 280881373
Sofia Alves;+351 771690189
Sofia Martins;+49 677822582
Sofia Gonçalves;+49 676669795
Sofia Gomes;+32 590810180
Sofia Santos;+43 962326120
Sofia Ferreira;+33 488843231
Sofia Alves;+43 605352316
Sofia Silva;+41 381228336
Sofia Mendes;+33 839322706
Sofia Ferreira;+43 099631052
Sofia Santos;+351 271757837
Sofia Ferreira;+49 333392800
Sofia Gonçalves;+44 475568293
Sofia Pereira;+32 425386237
Sofia Mendes;+351 101530933
Sofia Gomes;+44 706593130
Sofia Pereira;+49 436365630
Sofia Gomes;+32 920835767
Sofia Silva;+351 520939293
Sofia Gomes;+33 065377962
Sofia Pereira;+32 975976398
Sofia Pereira;+351 421768663
Sofia Pereira;+43 156244566
Sofia Alves;+39 772445850
Sofia Gomes;+33 187218149
Sofia Fernandes;+33 337457269
Sofia Santos;+41 520381025
Sofia Silva;+351 482110855
Sofia Silva;+43 327324872
Sofia Fernandes;+44 642211981
Sofia Gonçalves;+44 555824858
Sofia Pereira;+44 998688669
Sofia Pereira;+49 144888666
Sofia Gomes;+33 191425132
Sofia Gomes;+49 051790972
Sofia Pereira;+39 343041791
Sofia Silva;+41 891881829
Sofia Gomes;+41 696500393
Sofia Gonçalves;+41 936403310
Sofia Fernandes;+43 604684955
Sofia Alves;+41 009679904
Sofia Gomes;+351 235489847
Sofia Gomes;+41 409246595
Sofia Ferreira;+32 098854924
Sofia Mendes;+351 799993488
Sofia Fernandes;+41 630313381
Sofia Alves;+43 317946322
Sofia Gonçalves;+33 098109963
Sofia Alves;+33 451497923
Sofia Fernandes;+32 232120270
Sofia Mendes;+41 728724408
Sofia Gomes;+41 664350638
Sofia Gomes;+49 780936946
Sofia Santos;+32 925928791
Sofia Pereira;+49 569998763
Sofia Alves;+44 921785359
Sofia Gonçalves;+41 268655622
Sofia Ferreira;+33 023003537
Sofia Martins;+33 111880743
Sofia Gomes;+41 917058159
Sofia Pereira;+39 714623183
Sofia Gonçalves;+39 620831036
Sofia Gomes;+33 604161680
Sofia Pereira;+351 027525496
Sofia Ferreira;+33 558391158
Sofia Santos;+351 233873948
Sofia Santos;+41 183815717
Sofia Mendes;+39 023580099
Sofia Silva;+43 043951016
Sofia Silva;+49 782684666
Sofia Pereira;+32 346190143
Sofia Pereira;+44 369218964
Sofia Alves;+32 664055510
Sofia Mendes;+33 274570700
Sofia Martins;+351 941271786
Sofia Fernandes;+41 406326781
Sofia Gonçalves;+43 509606086
Sofia Pereira;+49 154505994
Sofia Ferreira;+39 177119001
Sofia Silva;+41 974814591
Sofia Fernandes;+39 146744667
Sofia Pereira;+49 790718600
Sofia Santos;+351 161977144
Sofia Gomes;+32 252035192
Sofia Silva;+33 988711915
Sofia Fernandes;+39 100087046
Sofia Silva;+41 934669113
