Ana Silva;+351 747147494
Ana Pereira;+351 362869085
Ana Ferreira;+39 931440428
Ana Pereira;+44 467214247
Ana Martins;+41 572066645
Ana Gonçalves;+33 189585391
Ana Ferreira;+351 734991793
Ana Fernandes;+49 852102464
Ana Martins;+33 357732045
Ana Gonçalves;+44 270137353
Ana Ferreira;+33 195477939
Ana Martins;+39 970238622
Ana Alves;+44 501190800
Ana Gonçalves;+49 996584328
Ana Gomes;+33 880191068
Ana Fernandes;+41 014496434
Ana Santos;+43 381705727
Ana Mendes;+351 864460044
Ana Santos;+44 928714029
Ana Gomes;+33 558044886
Ana Fernandes;+41 894655586
Ana Silva;+41 321759157
Ana Alves;+351 596597015
Ana Alves;+32 368601010
Ana Alves;+43 509113770
Ana Fernandes;+39 652840778
Ana Gonçalves;+41 961023249
Ana Alves;+351 288304249
Ana Mendes;+351 341493819
Ana Gonçalves;+43 429999500
Ana Santos;+32 947489233
Ana Pereira;+32 394060328
Ana Mendes;+39 710941238
Ana Ferreira;+351 232306047
Ana Pereira;+39 704767018
Ana Gomes;+32 005957486
Ana Silva;+41 528618477
Ana Gomes;+41 247033938
Ana Alves;+351 594898772
Ana Pereira;+351 628061838
Ana Gonçalves;+351 723702896
Ana Alves;+351 584504331
Ana Martins;+41 382299158
Ana Mendes;+33 191709873
Ana Pereira;+351 374266788
Ana Alves;+41 365537788
Ana Gonçalves;+43 286883467
Ana Silva;+43 319815848
Ana Gomes;+32 172099011
Ana Santos;+32 160836639
Ana Alves;+41 960017453
Ana Ferreira;+32 430767033
Ana Pereira;+41 571935052
Ana Mendes;+33 113723795
Ana Ferreira;+41 520555288
Ana Mendes;+49 459792317
Ana Gomes;+39 854346998
Ana Gomes;+351 032443925
Ana Gonçalves;+49 192312632
Ana Santos;+49 907742638
Ana Silva;+33 459440213
Ana Pereira;+44 113247181
Ana Mendes;+49 153469126
Ana Mendes;+43 355849612
Ana Fernandes;+39 515341032
Ana Gomes;+351 221916608
Ana Silva;+351 000419453
Ana Pereira;+33 693289004
Ana Alves;+32 171273247
Ana Silva;+44 186253085
Ana Gonçalves;+39 514064748
Ana Silva;+351 474890663
Ana Mendes;+33 625626821
Ana Alves;+351 286778316
Ana Silva;+351 816047311
Ana Pereira;+39 686613825
Ana Pereira;+32 701857736
Ana Silva;+39 035100487
Ana Pereira;+44 544660157
Ana Gomes;+43 105574628
Ana Martins;+351 289617312
Ana Alves;+44 961779166
Ana Gonçalves;+44 489966704
Ana Martins;+41 943185679
Ana Alves;+33 349463400
Ana Ferreira;+32 502901279
Ana Silva;+49 649448525
Ana Gomes;+43 935743306
Ana Mendes;+49 854984087
Ana Gonçalves;+43 740665440
Ana Gonçalves;+32 986631125
Ana Santos;+43 692929585
Ana Martins;+44 625771547
Ana Gonçalves;+44 794057160
Ana Santos;+41 865543320
Ana Silva;+44 785254859
Ana Fernandes;+41 732466430
Ana Santos;+44 836331815
Ana Fernandes;+41 631507597
Ana Ferreira;+49 139996786
