Sofia Martins;+351 790632833
Sofia Fernandes;+32 169581965
Sofia Gomes;+41 027111567
Sofia Gomes;+43 879924527
Sofia Fernandes;+44 713667628
Sofia Alves;+33 036873642
Sofia Ferreira;+39 383415898
Sofia Silva;+43 283690527
Sofia Silva;+32 794740772
Sofia Gonçalves;+39 675504267
Sofia Santos;+32 556845396
Sofia Mendes;+44 359168623
Sofia Alves;+39 805870317
Sofia Silva;+49 017104024
Sofia Gonçalves;+32 628784382
Sofia Fernandes;+351 493157133
Sofia Alves;+41 473754772
Sofia Alves;+43 354684647
Sofia Alves;+49 575708811
Sofia Gonçalves;+49 302508915
Sofia Gomes;+351 885321740
Sofia Alves;+33 229751361
Sofia Pereira;+43 725662485
Sofia Ferreira;+32 469079384
Sofia Mendes;+41 816776467
Sofia Silva;+43 727972104
Sofia Gonçalves;+351 149136518
Sofia Fernandes;+44 034736892
Sofia Martins;+32 470387637
Sofia Silva;+351 014664023
Sofia Gonçalves;+32 139869456
Sofia Fernandes;+33 383202090
Sofia Ferreira;+33 771981622
Sofia Pereira;+49 915513943
Sofia Silva;+41 835788684
Sofia Silva;+49 669929997
Sofia Santos;+351 543985153
Sofia Gonçalves;+49 892203105
Sofia Mendes;+33 571651485
Sofia Gomes;+351 906931762
Sofia Alves;+351 008365380
Sofia Ferreira;+49 923372739
Sofia Mendes;+41 917204433
Sofia Mendes;+49 308429254
Sofia Ferreira;+32 819236870
Sofia Pereira;+43 006212611
Sofia Silva;+49 025086190
Sofia Santos;+43 457111215
Sofia Alves;+39 299733478
Sofia Alves;+32 684603938
Sofia Fernandes;+33 755515469
Sofia Pereira;+43 634474718
Sofia Gonçalves;+44 439309728
Sofia Ferreira;+39 447175402
Sofia Pereira;+49 027845083
Sofia Gonçalves;+351 908298805
Sofia Fernandes;+44 880921764
Sofia Santos;+41 626717472
Sofia Gonçalves;+43 236458715
Sofia Fernandes;+39 942200667
Sofia Ferreira;+33 946780431
Sofia Pereira;+43 829079871
Sofia Martins;+32 167320076
Sofia Ferreira;+41 571109663
Sofia Mendes;+33 140151059
Sofia Mendes;+32 263730023
Sofia Ferreira;+32 918904476
Sofia Martins;+43 678298434
Sofia Mendes;+39 343472399
Sofia Gomes;+49 946416691
Sofia Pereira;+49 811032364
Sofia Silva;+32 962167955
Sofia Silva;+49 135756703
Sofia Santos;+43 316123365
Sofia Martins;+49 556830290
Sofia Alves;+351 290174467
Sofia Gomes;+33 272108512
Sofia Gonçalves;+41 046221044
Sofia Fernandes;+44 604238245
Sofia Gonçalves;+351 681037194
Sofia Silva;+41 060855193
Sofia Mendes;+49 929385257
Sofia Silva;+351 679992601
Sofia Gomes;+41 170230636
Sofia Mendes;+41 801204454
Sofia Fernandes;+33 664342627
Sofia Pereira;+41 228914309
Sofia Silva;+41 482830443
Sofia Gomes;+41 158271868
Sofia Santos;+43 468748457
Sofia Mendes;+49 720834010
Sofia Silva;+41 919132138
Sofia Santos;+41 818868920
Sofia Ferreira;+43 121545642
Sofia Mendes;+41 466097151
Sofia Santos;+43 708844647
Sofia Pereira;+43 457041221
Sofia Silva;+43 532455130
Sofia Alves;+44 044422655
Sofia Silva;+41 121770588
