Catarina Gonçalves;+33 184526914
Carlos Martins;+41 418610960
Catarina Alves;+33 794510587
Catarina Mendes;+33 730484650
Catarina Santos;+41 165550872
Carlos Santos;+49 212560740
Carlos Mendes;+43 216205937
Catarina Gonçalves;+39 378874927
Catarina Alves;+43 843649848
Catarina Alves;+39 165651102
Catarina Ferreira;+351 058550934
Catarina Mendes;+41 609086940
Carlos Gonçalves;+33 079011676
Carlos Alves;+32 435017014
Carlos Silva;+43 614995500
Catarina Fernandes;+351 573842104
Carlos Santos;+49 791993004
Carlos Fernandes;+43 621023266
Catarina Alves;+44 569172966
Catarina Silva;+43 850884874
Catarina Silva;+44 808287495
Catarina Santos;+351 309604180
Catarina Santos;+33 424824971
Carlos Martins;+49 468768068
Catarina Gonçalves;+49 499095678
Catarina Gomes;+39 652700111
Catarina Mendes;+33 553968854
Carlos Gonçalves;+32 330161863
Carlos Mendes;+351 193978684
Carlos Gonçalves;+351 519818903
Carlos Ferreira;+49 360593225
Catarina Silva;+33 521556591
Catarina Santos;+49 150746194
Catarina Gomes;+49 610402909
Carlos Martins;+44 430147424
Carlos Martins;+351 703206387
Carlos Pereira;+33 172347485
Catarina Gonçalves;+44 839540823
Carlos Pereira;+41 355831969
Carlos Alves;+39 690223634
Catarina Fernandes;+44 402040037
Catarina Silva;+43 013267606
Carlos Gomes;+44 041741929
Carlos Silva;+32 168282442
Catarina Silva;+33 431264128
Catarina Martins;+41 666952675
Catarina Silva;+351 583301931
Carlos Santos;+44 197376119
Carlos Silva;+32 678893933
Catarina Pereira;+41 035402345
Catarina Martins;+32 538207976
Catarina Fernandes;+32 651172884
Catarina Gonçalves;+351 427126174
Catarina Martins;+43 010431544
Catarina Silva;+41 265962069
Catarina Gomes;+43 175030953
Carlos Silva;+44 362114024
Catarina Ferreira;+32 529400599
Carlos Mendes;+32 369423547
Catarina Gomes;+41 372169384
Carlos Martins;+32 521827330
Catarina Santos;+41 572320268
Catarina Mendes;+351 448370225
Carlos Santos;+43 860222423
Carlos Silva;+33 051674518
Carlos Mendes;+33 322129773
Catarina Ferreira;+39 952279034
Carlos Pereira;+49 028127057
Carlos Fernandes;+43 492998354
Catarina Santos;+49 531193271
Catarina Gomes;+49 778886910
Carlos Fernandes;+49 556929349
Catarina Mendes;+351 337337616
Catarina Alves;+351 716808182
Catarina Gomes;+49 656648581
Carlos Fernandes;+44 191665476
Carlos Mendes;+351 256190739
Carlos Gonçalves;+44 203788818
Carlos Martins;+33 699812191
Catarina Santos;+33 108653540
Catarina Gonçalves;+49 366535864
Carlos Gonçalves;+49 622088380
Carlos Silva;+41 563718630
Carlos Fernandes;+39 333179068
Carlos Ferreira;+41 148992928
Carlos Martins;+41 653998187
Carlos Pereira;+32 846076316
Catarina Mendes;+351 761839381
Carlos Pereira;+39 311587337
Catarina Alves;+39 576304269
Carlos Martins;+43 235213668
Carlos Alves;+44 185964785
Carlos Alves;+44 551559432
Carlos Pereira;+32 978477935
Carlos Fernandes;+44 990690375
Carlos Alves;+44 212644082
Carlos Pereira;+41 747170381
Catarina Pereira;+32 676054085
Catarina Gomes;+44 677294192
Catarina Silva;+43 203472866
