Carlos Martins;+49 669764762
Catarina Silva;+351 802656641
Carlos Pereira;+44 887490142
Catarina Santos;+49 728142255
Catarina Ferreira;+351 293228267
Catarina Ferreira;+49 421374653
Carlos Gomes;+41 933493325
Carlos Gonçalves;+351 858448661
Carlos Gonçalves;+44 036947757
Carlos Mendes;+351 821936460
Carlos Mendes;+41 344628020
Carlos Mendes;+44 495164702
Carlos Mendes;+44 013066003
Carlos Gonçalves;+32 524914163
Carlos Gonçalves;+32 830682023
Catarina Ferreira;+44 656592818
Catarina Fernandes;+49 981606692
Carlos Mendes;+33 226555909
Catarina Gomes;+49 194449923
Catarina Gonçalves;+39 244504894
Carlos Santos;+351 818181076
Catarina Gomes;+44 364824558
Catarina Pereira;+49 269307833
Catarina Fernandes;+49 120322024
Carlos Alves;+43 866491520
Carlos Fernandes;+41 085261528
Carlos Martins;+32 544332259
Catarina Alves;+39 189418609
Carlos Santos;+43 242511317
Catarina Fernandes;+351 261842410
Catarina Fernandes;+39 907248792
Catarina Gonçalves;+39 145275315
Catarina Alves;+33 018309146
Carlos Fernandes;+43 604922540
Catarina Pereira;+39 531046557
Carlos Gonçalves;+32 304649942
Carlos Alves;+33 424163769
Catarina Gomes;+351 952462399
Carlos Mendes;+49 472122170
Carlos Pereira;+41 578524317
Catarina Ferreira;+351 003153841
Carlos Santos;+351 206327221
Carlos Alves;+49 568388768
Carlos Alves;+32 254868594
Catarina Fernandes;+41 403708445
Catarina Martins;+49 285483517
Catarina Silva;+44 689801248
Catarina Pereira;+44 834164127
Carlos Fernandes;+33 446955984
Carlos Alves;+44 537887045
Catarina Santos;+49 722804296
Carlos Santos;+39 033090937
Catarina Santos;+44 706753642
Carlos Silva;+49 596181186
Catarina Pereira;+39 866385977
Catarina Martins;+44 345983645
Catarina Santos;+44 615071349
Carlos Gonçalves;+41 393020376
Carlos Santos;+41 100432702
Catarina Gomes;+43 501865371
Carlos Santos;+41 348496598
Carlos Pereira;+351 744153880
Catarina Martins;+351 765247006
Carlos Mendes;+32 193749150
Catarina Fernandes;+32 719787209
Carlos Silva;+49 151931276
Carlos Pereira;+32 486963976
Catarina Pereira;+32 477709357
Catarina Pereira;+44 831114551
Catarina Martins;+44 856973404
Carlos Santos;+44 952890556
Catarina Silva;+44 372623969
Catarina Alves;+32 208935307
Carlos Ferreira;+39 876259552
Catarina Alves;+44 225209456
Catarina Ferreira;+32 824081290
Catarina Ferreira;+351 723512074
Carlos Ferreira;+33 907559660
Carlos Gomes;+33 089910422
Catarina Silva;+32 217838925
Carlos Santos;+43 275883956
Catarina Gonçalves;+351 060030619
Catarina Fernandes;+49 010346866
Catarina Ferreira;+351 736872618
Catarina Alves;+44 998040573
Carlos Gomes;+351 198563342
Catarina Gomes;+32 396926709
Catarina Pereira;+33 874520248
Catarina Mendes;+44 698430822
Catarina Gonçalves;+44 283522943
Catarina Silva;+41 230142393
Carlos Pereira;+49 515661658
Catarina Martins;+43 871153750
Catarina Silva;+41 679226494
Catarina Martins;+44 989984969
Catarina Pereira;+41 206839902
Catarina Alves;+41 550546914
Catarina Santos;+49 173819728
Catarina Santos;+32 435497721
Catarina Ferreira;+41 832985945
