Sofia Pereira;+351 131713197
Sofia Gomes;+49 017120666
Sofia Martins;+39 627311313
Sofia Silva;+351 450999400
Sofia Mendes;+49 317585153
Sofia Silva;+39 910481956
Sofia Gonçalves;+43 127526735
Sofia Gonçalves;+32 442706558
Sofia Ferreira;+44 431642804
Sofia Fernandes;+44 493535259
Sofia Mendes;+49 554755108
Sofia Pereira;+49 914202165
Sofia Alves;+44 426710164
Sofia Alves;+351 085310420
Sofia Mendes;+32 030184690
Sofia Fernandes;+33 557467088
Sofia Alves;+44 735311701
Sofia Gomes;+351 424487230
Sofia Ferreira;+33 161268345
Sofia Mendes;+33 300191700
Sofia Alves;+41 396325241
Sofia Mendes;+33 191684756
Sofia Santos;+32 637510873
Sofia Pereira;+32 461543102
Sofia Martins;+33 966078674
Sofia Silva;+49 808206589
Sofia Silva;+33 390705750
Sofia Mendes;+41 175318536
Sofia Santos;+33 343628168
Sofia Martins;+33 823246779
Sofia Fernandes;+33 459241482
Sofia Alves;+41 127465832
Sofia Gomes;+33 063779186
Sofia Fernandes;+33 898211086
Sofia Pereira;+33 339431005
Sofia Santos;+351 112823656
Sofia Silva;+49 512628542
Sofia Gomes;+351 345756912
Sofia Silva;+39 002389240
Sofia Gonçalves;+32 134232875
Sofia Gomes;+351 124586057
Sofia Alves;+49 668348531
Sofia Silva;+32 689835410
Sofia Pereira;+33 583352352
Sofia Gonçalves;+49 769316082
Sofia Santos;+32 003323460
Sofia Gomes;+44 730105123
Sofia Gonçalves;+32 823201837
Sofia Martins;+49 641182284
Sofia Gomes;+32 128270141
Sofia Martins;+44 900739670
Sofia Gonçalves;+351 400328807
Sofia Santos;+44 624995249
Sofia Martins;+33 944901440
Sofia Alves;+44 019071074
Sofia Mendes;+32 380230118
Sofia Santos;+32 985097703
Sofia Santos;+33 098913963
Sofia Gomes;+41 352058513
Sofia Pereira;+49 534807655
Sofia Gomes;+33 536310971
Sofia Pereira;+351 640834669
Sofia Mendes;+39 549776556
Sofia Santos;+43 440877636
Sofia Gomes;+44 300362462
Sofia Gomes;+32 229616317
Sofia Santos;+351 450276811
Sofia Pereira;+32 384524166
Sofia Ferreira;+44 473316068
Sofia Gomes;+39 289031549
Sofia Mendes;+32 822636857
Sofia Alves;+43 768185802
Sofia Pereira;+44 296853757
Sofia Martins;+32 046735908
Sofia Silva;+32 808916611
Sofia Santos;+41 308370832
Sofia Mendes;+49 241920917
Sofia Fernandes;+44 924487161
Sofia Martins;+43 105106203
Sofia Fernandes;+33 342833682
Sofia Alves;+44 702521290
Sofia Alves;+33 193771961
Sofia Fernandes;+33 527593273
Sofia Martins;+32 894076066
Sofia Martins;+49 975865816
Sofia Silva;+44 031807258
Sofia Gomes;+351 220361621
Sofia Gomes;+351 008608212
Sofia Gomes;+33 091276108
Sofia Alves;+32 296232556
Sofia Fernandes;+44 196872846
Sofia Fernandes;+43 232195105
Sofia Alves;+44 717627714
Sofia Mendes;+351 957833067
Sofia Silva;+33 178561430
Sofia Mendes;+41 713860250
Sofia Ferreira;+44 468155562
Sofia Alves;+44 350857531
Sofia Gomes;+351 540874928
Sofia Pereira;+32 846545665
