Carlos Gonçalves;+49 160892236
Catarina Martins;+351 437432015
Carlos Gonçalves;+41 047953366
Catarina Ferreira;+39 102073449
Catarina Gomes;+49 799618550
Carlos Ferreira;+32 896382888
Catarina Santos;+351 936411524
Carlos Ferreira;+43 242871367
Carlos Martins;+43 964365917
Carlos Martins;+39 932706357
Catarina Gomes;+33 183027828
Carlos Gomes;+32 865231721
Carlos Fernandes;+49 954261233
Carlos Gonçalves;+41 388507927
Catarina Santos;+39 933710481
Catarina Gonçalves;+39 371690287
Catarina Alves;+49 811527518
Carlos Gomes;+32 110911111
Catarina Gonçalves;+351 141661344
Catarina Fernandes;+43 418675742
Catarina Gonçalves;+39 072228920
Catarina Silva;+43 085768603
Catarina Santos;+33 668615015
Carlos Pereira;+41 864217575
Catarina Gomes;+44 355314165
Catarina Santos;+351 559568578
Catarina Ferreira;+43 559651224
Carlos Ferreira;+39 490004295
Catarina Martins;+39 485081951
Carlos Silva;+44 220459967
Carlos Mendes;+39 692992970
Catarina Martins;+32 032610012
Catarina Martins;+43 045920304
Carlos Gonçalves;+32 304640601
Catarina Ferreira;+32 017602640
Catarina Alves;+43 191455884
Catarina Silva;+41 870292969
Carlos Silva;+43 572846406
Catarina Fernandes;+44 624805445
Carlos Gomes;+33 893164330
Catarina Silva;+351 857409315
Carlos Santos;+43 746883044
Carlos Santos;+351 797312107
Catarina Fernandes;+351 662941031
Carlos Mendes;+32 645994558
Catarina Pereira;+41 049523012
Carlos Silva;+44 582871200
Catarina Alves;+33 580952945
Catarina Alves;+33 749043787
Catarina Alves;+33 404825264
Catarina Ferreira;+33 947118628
Carlos Gomes;+351 433719088
Catarina Gonçalves;+41 045465807
Catarina Martins;+43 545973347
Carlos Martins;+41 018890653
Carlos Mendes;+41 264138891
Catarina Ferreira;+41 141011049
Catarina Ferreira;+32 225439048
Carlos Martins;+41 480256584
Carlos Silva;+32 589471377
Carlos Mendes;+39 205508573
Catarina Gomes;+43 778755003
Carlos Pereira;+33 699843004
Catarina Ferreira;+351 804815237
Carlos Alves;+33 409652839
Carlos Fernandes;+33 971023739
Catarina Pereira;+32 278576707
Carlos Pereira;+32 389990258
Catarina Mendes;+33 016987563
Carlos Ferreira;+41 912807025
Carlos Ferreira;+33 033108431
Carlos Fernandes;+43 023945875
Catarina Alves;+49 188927569
Carlos Gonçalves;+33 675889246
Carlos Martins;+351 622415499
Carlos Fernandes;+43 228136008
Catarina Silva;+39 534993254
Carlos Fernandes;+41 932092337
Catarina Alves;+351 233183505
Carlos Mendes;+44 504082404
Carlos Mendes;+41 803753636
Carlos Gomes;+49 862838362
Carlos Ferreira;+33 159904199
Carlos Gomes;+351 846698148
Carlos Fernandes;+49 001516036
Carlos Gonçalves;+41 720008191
Carlos Gomes;+49 379887192
Catarina Gomes;+351 228481701
Catarina Mendes;+44 839040487
Carlos Pereira;+44 763334630
Carlos Pereira;+41 583926918
Catarina Gonçalves;+33 954064952
Catarina Mendes;+43 257348114
Carlos Mendes;+44 663432764
Catarina Gomes;+32 684237123
Catarina Martins;+41 487156143
Catarina Pereira;+32 052382572
Catarina Gonçalves;+49 219207292
Carlos Santos;+351 244473423
Carlos Pereira;+49 836859074
