Ana Ferreira;+351 428005974
Ana Gonçalves;+49 872066200
Ana Pereira;+41 843067860
Ana Pereira;+43 761744530
Ana Santos;+43 454201970
Ana Pereira;+39 142419034
Ana Gonçalves;+32 260943276
Ana Ferreira;+44 239537273
Ana Mendes;+44 808881494
Ana Silva;+49 786373073
Ana Gomes;+39 180792565
Ana Ferreira;+39 506163665
Ana Santos;+33 952454387
Ana Martins;+44 592887501
Ana Mendes;+32 270801772
Ana Alves;+33 874896688
Ana Fernandes;+41 627035551
Ana Silva;+41 329361545
Ana Martins;+41 269904349
Ana Mendes;+39 934972748
Ana Santos;+49 800789927
Ana Fernandes;+49 429629581
Ana Silva;+351 125696392
Ana Santos;+351 976705145
Ana Martins;+41 278386445
Ana Martins;+41 244385632
Ana Martins;+49 589908988
Ana Martins;+43 884257471
Ana Ferreira;+41 291252899
Ana Mendes;+41 486784159
Ana Martins;+351 240613482
Ana Alves;+351 288163400
Ana Alves;+41 863158768
Ana Pereira;+49 055759598
Ana Alves;+33 244253486
Ana Martins;+44 338548986
Ana Santos;+32 687307848
Ana Martins;+33 003978156
Ana Gomes;+39 437130743
Ana Mendes;+351 634307032
Ana Fernandes;+39 165899432
Ana Martins;+44 496681520
Ana Gonçalves;+33 726080335
Ana Santos;+44 300089966
Ana Fernandes;+33 302318241
Ana Fernandes;+32 320823993
Ana Martins;+41 741671212
Ana Pereira;+41 322645004
Ana Gomes;+44 033855244
Ana Martins;+39 222585809
Ana Pereira;+41 519512440
Ana Gomes;+32 071669210
Ana Mendes;+33 714920411
Ana Pereira;+33 168621810
Ana Martins;+351 858093386
Ana Gomes;+43 918960846
Ana Fernandes;+43 033793828
Ana Mendes;+39 295717439
Ana Santos;+49 808862170
Ana Alves;+33 854019968
Ana Gonçalves;+351 607635698
Ana Alves;+33 206534814
Ana Ferreira;+41 952196778
Ana Alves;+39 059308858
Ana Santos;+33 081220946
Ana Mendes;+43 484554744
Ana Santos;+44 235213795
Ana Alves;+39 519587968
Ana Alves;+32 861279611
Ana Fernandes;+44 303278923
Ana Martins;+41 854536226
Ana Gonçalves;+44 707312843
Ana Gomes;+49 345408427
Ana Gomes;+351 362698538
Ana Santos;+351 381984377
Ana Silva;+43 829395314
Ana Santos;+33 001706363
Ana Mendes;+32 939082267
Ana Santos;+44 384132615
Ana Silva;+39 213911945
Ana Martins;+43 937716213
Ana Pereira;+33 977103969
Ana Silva;+43 411000058
Ana Alves;+44 191546577
Ana Ferreira;+49 605815240
Ana Fernandes;+33 788471021
Ana Mendes;+32 938309572
Ana Santos;+49 133127891
Ana Pereira;+43 228170632
Ana Santos;+33 620973191
Ana Fernandes;+33 070403278
Ana Mendes;+49 588830610
Ana Silva;+39 550584293
Ana Mendes;+39 382449384
Ana Gomes;+33 999708603
Ana Ferreira;+49 941641140
Ana Santos;+32 900334726
Ana Silva;+43 592752473
Ana Fernandes;+351 823513080
Ana Martins;+351 763412120
