Ana Fernandes;+32 610978810
Ana Gomes;+44 760950420
Ana Fernandes;+39 888373765
Ana Gonçalves;+32 054454977
Ana Ferreira;+41 145597687
Ana Alves;+44 195049393
Ana Fernandes;+33 285556495
Ana Alves;+41 908153515
Ana Gomes;+44 489304366
Ana Ferreira;+32 756058173
Ana Pereira;+32 315096546
Ana Fernandes;+49 379699133
Ana Alves;+39 946457315
Ana Fernandes;+41 972096829
Ana Ferreira;+39 891993179
Ana Gomes;+351 144989363
Ana Ferreira;+32 944480272
Ana Mendes;+351 643346026
Ana Fernandes;+32 972804488
Ana Gomes;+41 337255951
Ana Mendes;+41 986290834
Ana Alves;+43 466924587
Ana Silva;+32 945296990
Ana Silva;+44 815790172
Ana Fernandes;+43 809625705
Ana Fernandes;+39 338953147
Ana Mendes;+49 437002905
Ana Silva;+43 051629789
Ana Santos;+43 820283493
Ana Gonçalves;+32 780124065
Ana Martins;+33 011584128
Ana Santos;+33 622911369
Ana Silva;+33 229943783
Ana Fernandes;+32 771696333
Ana Silva;+351 885978937
Ana Gonçalves;+39 500767691
Ana Fernandes;+49 796420204
Ana Martins;+44 302779602
Ana Santos;+44 071846495
Ana Santos;+39 518915550
Ana Alves;+32 454194485
Ana Alves;+49 926578720
Ana Santos;+43 091443852
Ana Silva;+41 935536099
Ana Gomes;+39 708806673
Ana Alves;+33 282624178
Ana Silva;+43 136615220
Ana Gonçalves;+351 654885425
Ana Mendes;+33 121940973
Ana Mendes;+32 320025886
Ana Alves;+351 177360591
Ana Silva;+39 099343087
Ana Alves;+32 015894074
Ana Fernandes;+43 522220910
Ana Pereira;+33 648264003
Ana Gomes;+49 356391364
Ana Gomes;+351 861517626
Ana Ferreira;+44 999312288
Ana Silva;+351 343943192
Ana Martins;+32 410638617
Ana Martins;+44 592208091
Ana Gonçalves;+49 440857154
Ana Santos;+49 459039765
Ana Pereira;+39 402831853
Ana Martins;+32 788049194
Ana Pereira;+39 740040618
Ana Martins;+41 742779081
Ana Silva;+39 123059601
Ana Gonçalves;+41 900455936
Ana Ferreira;+44 519459012
Ana Martins;+49 152093630
Ana Ferreira;+39 480463704
Ana Ferreira;+49 537054989
Ana Mendes;+49 965121534
Ana Fernandes;+33 281225862
Ana Gomes;+44 275789341
Ana Fernandes;+49 914204205
Ana Silva;+41 150934748
Ana Pereira;+33 719111029
Ana Santos;+44 381859048
Ana Martins;+44 238160559
Ana Ferreira;+41 031897694
Ana Silva;+49 896706746
Ana Mendes;+41 721277364
Ana Ferreira;+39 663158464
Ana Ferreira;+39 487535652
Ana Silva;+41 659760739
Ana Martins;+33 134545412
Ana Mendes;+49 423968884
Ana Silva;+41 754042170
Ana Silva;+39 551917557
Ana Gomes;+49 596398257
Ana Gonçalves;+49 419739349
Ana Fernandes;+41 344484308
Ana Mendes;+32 461777479
Ana Gonçalves;+44 919338355
Ana Martins;+41 050968750
Ana Fernandes;+41 915400362
Ana Silva;+44 022633890
Ana Gonçalves;+41 192428164
