Ana Ferreira;+33 726747403
Ana Gonçalves;+44 489672774
Ana Silva;+44 107150342
Ana Mendes;+39 240268382
Ana Fernandes;+32 284550859
Ana Martins;+44 085100309
Ana Gomes;+44 577905133
Ana Mendes;+39 149776246
Ana Martins;+39 442043111
Ana Mendes;+351 081479948
Ana Fernandes;+44 180612484
Ana Martins;+43 064353481
Ana Gonçalves;+39 537635267
Ana Pereira;+49 155582286
Ana Mendes;+39 653180428
Ana Santos;+44 621372151
Ana Gomes;+33 746645436
Ana Fernandes;+41 630714993
Ana Ferreira;+351 280021660
Ana Alves;+39 504427337
Ana Ferreira;+44 976874732
Ana Fernandes;+44 941250807
Ana Martins;+33 740686248
Ana Silva;+41 893343674
Ana Ferreira;+44 291470333
Ana Silva;+33 821378627
Ana Silva;+32 719771382
Ana Santos;+32 440056861
Ana Fernandes;+41 403722994
Ana Pereira;+49 941391348
Ana Silva;+43 869082274
Ana Pereira;+351 884197873
Ana Silva;+41 391960789
Ana Santos;+33 087713701
Ana Pereira;+44 395774338
Ana Alves;+44 049550274
Ana Gonçalves;+351 438527292
Ana Santos;+41 034986472
Ana Alves;+49 560016346
Ana Pereira;+351 114925156
Ana Alves;+351 634439907
Ana Pereira;+33 486186007
Ana Pereira;+39 886964230
Ana Fernandes;+43 318346061
Ana Fernandes;+32 919640380
Ana Pereira;+44 778252520
Ana Alves;+41 134869074
Ana Martins;+49 226442436
Ana Pereira;+41 378855657
Ana Alves;+44 622591363
Ana Martins;+33 054641836
Ana Santos;+351 948918251
Ana Santos;+39 546256563
Ana Alves;+44 617542276
Ana Silva;+44 493307285
Ana Gomes;+351 342534608
Ana Santos;+33 714217419
Ana Gonçalves;+44 548358250
Ana Martins;+44 984599420
Ana Mendes;+41 735907369
Ana Alves;+33 848679641
Ana Alves;+39 144497853
Ana Mendes;+39 865077145
Ana Ferreira;+43 499310238
Ana Ferreira;+43 597930414
Ana Pereira;+39 782912423
Ana Mendes;+44 790490593
Ana Martins;+33 917924245
Ana Santos;+33 805958908
Ana Gonçalves;+41 606816180
Ana Alves;+39 486805211
Ana Mendes;+44 691521744
Ana Martins;+43 672990920
Ana Alves;+49 353301481
Ana Gomes;+41 317405076
Ana Santos;+351 815814862
Ana Gonçalves;+351 753729545
Ana Martins;+44 915917881
Ana Martins;+32 952000993
Ana Martins;+33 274212294
Ana Ferreira;+49 406119054
Ana Ferreira;+49 751854669
Ana Ferreira;+49 556152473
Ana Alves;+43 549481478
Ana Silva;+33 641451304
Ana Alves;+41 100077078
Ana Gomes;+44 139514270
Ana Fernandes;+49 216199440
Ana Gonçalves;+33 154375669
Ana Pereira;+44 915764314
Ana Alves;+351 769683111
Ana Fernandes;+32 948661156
Ana Silva;+39 565679282
Ana Alves;+33 175844141
Ana Silva;+32 241685925
Ana Fernandes;+43 389177227
Ana Mendes;+43 007171482
Ana Pereira;+33 444685705
Ana Silva;+33 882784786
Ana Alves;+43 617305643
