Catarina Ferreira;+39 472816424
Carlos Alves;+44 388095059
Carlos Gonçalves;+49 572856960
Carlos Alves;+43 544191338
Catarina Mendes;+32 714213886
Carlos Pereira;+32 397519311
Carlos Alves;+41 864938192
Catarina Mendes;+44 834523239
Carlos Gomes;+43 867008572
Carlos Ferreira;+49 766107560
Carlos Martins;+41 178701616
Carlos Gonçalves;+44 599526679
Carlos Gonçalves;+351 479161402
Carlos Ferreira;+41 455214260
Catarina Fernandes;+351 003240089
Catarina Fernandes;+43 222618186
Carlos Gonçalves;+43 252172014
Catarina Ferreira;+33 380852146
Carlos Mendes;+44 786783971
Catarina Martins;+43 396211515
Carlos Fernandes;+33 809787563
Carlos Mendes;+44 752762813
Catarina Fernandes;+32 230210321
Catarina Alves;+39 626098628
Catarina Pereira;+33 914105485
Carlos Fernandes;+43 252588596
Catarina Ferreira;+33 729390671
Catarina Pereira;+49 461165489
Carlos Santos;+32 304940732
Catarina Santos;+39 512628328
Carlos Fernandes;+32 568752947
Catarina Fernandes;+39 500092674
Catarina Gonçalves;+33 905387822
Carlos Ferreira;+351 073436904
Catarina Gonçalves;+33 947884190
Carlos Santos;+351 940418158
Catarina Santos;+32 669106647
Catarina Martins;+41 971306804
Catarina Gomes;+32 600654034
Carlos Alves;+49 625974332
Carlos Gomes;+351 476730864
Carlos Santos;+33 355579226
Catarina Gonçalves;+33 330217959
Carlos Martins;+32 250244713
Catarina Martins;+49 606369067
Catarina Alves;+351 210261044
Catarina Fernandes;+44 788797116
Catarina Santos;+49 517902019
Catarina Santos;+39 428670559
Catarina Martins;+351 270646692
Catarina Fernandes;+49 950546559
Catarina Pereira;+43 584918612
Catarina Alves;+32 036742103
Catarina Santos;+44 243489217
Carlos Mendes;+49 201344022
Carlos Martins;+49 929010655
Catarina Silva;+41 537199198
Catarina Santos;+351 764605442
Carlos Ferreira;+33 791469598
Carlos Silva;+44 580678365
Catarina Gonçalves;+33 007705140
Carlos Gomes;+49 266819300
Carlos Santos;+32 804728742
Catarina Ferreira;+32 342416687
Catarina Alves;+44 620993336
Catarina Mendes;+39 710548466
Catarina Silva;+39 338508410
Catarina Gonçalves;+33 359015904
Carlos Fernandes;+41 802049888
Carlos Ferreira;+43 362595652
Carlos Gomes;+39 886195829
Catarina Silva;+44 213254204
Catarina Fernandes;+49 220066699
Carlos Ferreira;+44 518924139
Carlos Gomes;+32 203829549
Catarina Santos;+32 674582092
Carlos Santos;+33 655591519
Carlos Ferreira;+44 151558032
Catarina Silva;+49 381881298
Carlos Mendes;+49 720178457
Carlos Martins;+43 321118164
Catarina Ferreira;+351 043202925
Catarina Martins;+44 369773278
Carlos Pereira;+43 731207469
Catarina Mendes;+44 970270153
Catarina Alves;+39 092877025
Catarina Silva;+41 190440838
Catarina Alves;+41 000862794
Catarina Fernandes;+32 458917934
Carlos Ferreira;+43 624540777
Catarina Pereira;+351 377689848
Carlos Ferreira;+49 345883229
Carlos Fernandes;+44 568348734
Catarina Martins;+32 082891698
Carlos Mendes;+33 944299837
Catarina Martins;+351 680718970
Catarina Gonçalves;+44 562874661
Catarina Pereira;+33 234915689
Catarina Santos;+351 470052444
Catarina Ferreira;+32 824086409
