Rui Pereira;+33 197064679
Ricardo Mendes;+49 015950025
Rui Mendes;+49 825751256
Rui Silva;+41 639220797
Rui Ferreira;+33 048380517
Rui Mendes;+33 945873260
Ricardo Gomes;+43 477640353
Rui Martins;+44 656130748
Rui Silva;+351 616555202
Rui Gomes;+41 266764386
Rui Santos;+49 382880449
Ricardo Ferreira;+351 357664081
Rui Silva;+43 159196205
Rui Fernandes;+49 711694881
Rui Gonçalves;+41 157237092
Ricardo Pereira;+43 181848319
Rui Gomes;+39 727455240
Rui Martins;+33 780148452
Rui Alves;+33 048683095
Rui Martins;+43 848722836
Ricardo Ferreira;+43 274895274
Rui Silva;+351 174581117
Rui Alves;+32 921054360
Rui Gomes;+33 017170734
Rui Mendes;+33 495671598
Rui Martins;+33 356614838
Rui Alves;+41 229741119
Rui Ferreira;+39 309622310
Ricardo Fernandes;+41 173464875
Ricardo Santos;+32 029234814
Ricardo Martins;+351 002464509
Ricardo Gonçalves;+39 218188761
Rui Mendes;+49 181058389
Ricardo Silva;+44 613531158
Rui Silva;+49 857807373
Ricardo Silva;+41 785529701
Ricardo Gomes;+49 965951366
Rui Gomes;+49 877631077
Ricardo Martins;+49 686755117
Ricardo Mendes;+39 060354084
Rui Fernandes;+32 732905830
Rui Gonçalves;+39 722440721
Ricardo Mendes;+33 701613611
Rui Fernandes;+39 298037202
Rui Gonçalves;+32 660338666
Ricardo Silva;+43 222707357
Rui Gomes;+49 868921500
Ricardo Martins;+32 861749801
Rui Pereira;+41 372526057
Rui Pereira;+43 575019625
Ricardo Martins;+351 876189753
Rui Ferreira;+44 953108724
Rui Silva;+41 744319298
Ricardo Santos;+49 306895079
Rui Martins;+44 032773409
Ricardo Fernandes;+32 763987485
Ricardo Ferreira;+351 710979619
Ricardo Santos;+32 656454575
Ricardo Pereira;+43 615513210
Rui Gonçalves;+39 505825251
Rui Alves;+49 131480585
Ricardo Santos;+43 837266025
Ricardo Pereira;+43 840655517
Rui Mendes;+39 246968289
Ricardo Alves;+32 242887735
Rui Gonçalves;+43 414781002
Rui Alves;+43 795617735
Ricardo Martins;+49 672652753
Ricardo Silva;+32 729673811
Ricardo Ferreira;+32 165082277
Ricardo Fernandes;+39 634573287
Ricardo Pereira;+43 086197584
Rui Martins;+43 929244871
Rui Pereira;+32 073789677
Rui Silva;+33 451381523
Ricardo Fernandes;+41 417346676
Ricardo Fernandes;+43 112272675
Ricardo Gomes;+43 282473844
Rui Gonçalves;+32 065351429
Ricardo Gonçalves;+43 284251983
Rui Santos;+41 258101753
Rui Gomes;+49 851945535
Ricardo Mendes;+43 637510594
Ricardo Gonçalves;+32 980211230
Ricardo Alves;+39 477124548
Ricardo Gonçalves;+49 317902036
Rui Fernandes;+33 285221028
Ricardo Mendes;+32 688063851
Rui Pereira;+351 247219680
Ricardo Pereira;+49 555673424
Rui Pereira;+351 201680725
Rui Santos;+33 439353949
Rui Gonçalves;+33 460788730
Ricardo Fernandes;+44 442496665
Ricardo Martins;+41 412141847
Rui Gonçalves;+43 975050536
Ricardo Mendes;+41 623246416
Ricardo Gonçalves;+33 477053151
Ricardo Gonçalves;+41 692682549
Ricardo Alves;+39 213390318
