Rui Ferreira;+39 845774493
Ricardo Pereira;+41 352683196
Rui Pereira;+49 897233675
Ricardo Gonçalves;+33 498385726
Ricardo Gonçalves;+41 205440250
Rui Ferreira;+49 956257262
Rui Fernandes;+41 321575338
Ricardo Martins;+49 252367783
Ricardo Santos;+32 985611070
Rui Alves;+49 002015429
Rui Gomes;+33 787454120
Ricardo Santos;+32 012159304
Rui Ferreira;+39 392164481
Rui Pereira;+32 479091355
Rui Martins;+32 973399864
Ricardo Ferreira;+32 097571216
Rui Ferreira;+32 508835088
Ricardo Mendes;+44 549614370
Rui Ferreira;+43 965831108
Rui Martins;+39 081132017
Rui Mendes;+44 565288677
Rui Mendes;+43 323943604
Rui Fernandes;+351 760268108
Rui Martins;+49 620689350
Ricardo Martins;+43 273136123
Rui Martins;+32 257667790
Ricardo Fernandes;+351 265009377
Ricardo Fernandes;+32 982261967
Rui Fernandes;+32 844495000
Ricardo Silva;+32 585334532
Rui Fernandes;+41 179997066
Rui Pereira;+32 329184151
Rui Alves;+43 980055462
Rui Santos;+43 692586280
Rui Santos;+49 853425001
Ricardo Martins;+41 002397770
Rui Mendes;+41 831479741
Ricardo Gomes;+33 689235009
Rui Martins;+351 637208642
Rui Pereira;+41 125538264
Ricardo Alves;+32 304748929
Ricardo Mendes;+351 031183909
Rui Ferreira;+41 042220501
Ricardo Gomes;+43 534856086
Ricardo Ferreira;+33 186804504
Rui Martins;+49 105978997
Ricardo Ferreira;+33 316796687
Ricardo Gomes;+39 433589353
Ricardo Ferreira;+39 129007351
Ricardo Silva;+44 517535678
Rui Ferreira;+44 259239211
Ricardo Martins;+33 457214329
Ricardo Gonçalves;+41 183452607
Ricardo Santos;+351 157656340
Ricardo Ferreira;+44 222849531
Ricardo Santos;+49 325035068
Ricardo Mendes;+32 088366245
Rui Martins;+351 130049756
Ricardo Santos;+33 357566616
Rui Gonçalves;+43 366261188
Ricardo Ferreira;+33 454814287
Rui Martins;+44 509580273
Ricardo Mendes;+39 368063400
Rui Gomes;+44 407767396
Ricardo Gomes;+41 976170352
Rui Fernandes;+49 247099820
Ricardo Mendes;+39 350064588
Ricardo Gonçalves;+32 285080769
Rui Martins;+32 403991556
Rui Santos;+33 883408239
Rui Gonçalves;+32 309588695
Ricardo Alves;+33 230024385
Ricardo Martins;+43 261187324
Rui Alves;+49 152068277
Rui Mendes;+351 176888095
Ricardo Gomes;+43 618258125
Rui Mendes;+44 304424171
Rui Mendes;+32 460089765
Rui Alves;+33 567848015
Ricardo Martins;+49 587513316
Ricardo Silva;+43 624194274
Ricardo Fernandes;+43 379387414
Rui Pereira;+39 529997510
Rui Mendes;+43 490330640
Ricardo Ferreira;+41 161723972
Rui Fernandes;+49 724423793
Ricardo Mendes;+41 255437170
Rui Fernandes;+49 148018187
Rui Fernandes;+44 837873809
Rui Mendes;+44 642238907
Ricardo Gomes;+351 037550992
Rui Mendes;+351 557231396
Ricardo Fernandes;+41 979459675
Rui Gonçalves;+32 532592114
Ricardo Mendes;+49 823434919
Rui Gomes;+43 143045240
Ricardo Pereira;+41 508978213
Ricardo Gomes;+43 739438261
Rui Santos;+32 883180144
Ricardo Ferreira;+32 153250310
