Rui Silva;+41 406762669
Ricardo Santos;+49 996377124
Rui Santos;+49 005005732
Rui Mendes;+39 413801671
Rui Silva;+39 978775739
Rui Pereira;+41 651342537
Rui Mendes;+41 745643541
Ricardo Mendes;+33 237288633
Rui Fernandes;+41 296192823
Rui Santos;+33 221162986
Rui Mendes;+351 459589886
Ricardo Santos;+351 194355920
Rui Silva;+32 664973915
Ricardo Alves;+351 012414777
Rui Pereira;+44 331124952
Rui Fernandes;+44 875237205
Ricardo Ferreira;+32 370009070
Rui Martins;+39 716370153
Ricardo Gomes;+41 182364451
Rui Alves;+32 917971808
Rui Alves;+33 737440344
Ricardo Martins;+39 289858132
Rui Alves;+351 792772295
Ricardo Mendes;+32 986802545
Ricardo Martins;+43 956379480
Ricardo Alves;+32 946624065
Ricardo Gomes;+32 979257944
Rui Ferreira;+41 176355443
Ricardo Mendes;+32 336240276
Ricardo Silva;+43 072378505
Ricardo Ferreira;+33 699079957
Ricardo Ferreira;+33 873789774
Ricardo Pereira;+33 440149004
Rui Gomes;+49 724618564
Ricardo Martins;+39 061711112
Rui Ferreira;+41 233488987
Rui Fernandes;+43 696481486
Rui Pereira;+32 211232664
Rui Pereira;+49 047579444
Ricardo Mendes;+351 680548363
Ricardo Gonçalves;+41 988686595
Ricardo Fernandes;+43 467823972
Ricardo Pereira;+41 046322945
Ricardo Fernandes;+49 099153472
Ricardo Gonçalves;+351 806136711
Rui Gonçalves;+43 777800913
Rui Martins;+33 093328345
Ricardo Fernandes;+43 897533878
Rui Pereira;+44 758900853
Ricardo Gomes;+39 583987121
Rui Silva;+41 813796186
Ricardo Martins;+49 388165714
Rui Pereira;+41 934909993
Rui Alves;+32 530422592
Ricardo Gonçalves;+43 655923423
Ricardo Martins;+351 052077540
Ricardo Alves;+351 388589922
Ricardo Gonçalves;+43 913428455
Ricardo Martins;+39 890961612
Rui Pereira;+351 363777176
Ricardo Santos;+39 886288066
Ricardo Martins;+39 276160142
Ricardo Silva;+44 811047089
Ricardo Gomes;+49 516427588
Rui Fernandes;+39 027608661
Rui Fernandes;+43 393931175
Rui Alves;+39 793926498
Ricardo Pereira;+41 677617185
Rui Martins;+43 669173360
Ricardo Martins;+41 622798088
Ricardo Ferreira;+49 022090481
Rui Silva;+41 704638514
Rui Mendes;+43 117888277
Ricardo Silva;+41 817689621
Ricardo Fernandes;+41 411017228
Ricardo Silva;+33 721479578
Rui Pereira;+32 727837247
Ricardo Fernandes;+33 522542542
Rui Alves;+43 294493857
Rui Mendes;+39 390581873
Rui Silva;+32 918005922
Rui Gonçalves;+33 773072374
Ricardo Silva;+32 814217494
Rui Santos;+41 569347637
Ricardo Fernandes;+43 676560763
Ricardo Fernandes;+39 161971617
Ricardo Santos;+44 123430309
Ricardo Alves;+32 798297719
Rui Gonçalves;+32 582994511
Rui Silva;+49 563828950
Ricardo Mendes;+44 127151392
Ricardo Gonçalves;+41 365216668
Rui Alves;+351 055625958
Rui Martins;+49 371091989
Rui Alves;+351 577448271
Rui Martins;+32 566935702
Ricardo Pereira;+32 119469573
Rui Fernandes;+44 752809125
Ricardo Martins;+32 216931316
Rui Santos;+39 975873233
