Rui Gomes;+32 153779899
Rui Alves;+49 062144068
Ricardo Ferreira;+39 224436404
Rui Ferreira;+41 638792936
Rui Ferreira;+41 901422861
Ricardo Martins;+351 559730087
Ricardo Santos;+49 747882302
Ricardo Mendes;+41 991548442
Rui Ferreira;+43 143007464
Rui Silva;+32 913770706
Ricardo Fernandes;+49 852961985
Ricardo Gonçalves;+33 906872903
Rui Gomes;+49 859465495
Ricardo Pereira;+39 050184610
Rui Gomes;+351 460959000
Ricardo Mendes;+33 895605977
Ricardo Gomes;+43 251863581
Ricardo Gonçalves;+32 127066943
Rui Fernandes;+351 906540705
Ricardo Ferreira;+43 533355590
Ricardo Silva;+351 908898012
Rui Fernandes;+32 437884256
Ricardo Martins;+351 987645462
Rui Silva;+49 322050858
Rui Gomes;+33 238848684
Rui Gonçalves;+33 044504044
Rui Gonçalves;+351 940309328
Ricardo Gonçalves;+33 787464608
Ricardo Pereira;+43 416089022
Ricardo Gomes;+41 391066526
Ricardo Alves;+351 932680473
Rui Santos;+351 221613248
Rui Santos;+32 055251041
Rui Silva;+49 548591338
Ricardo Martins;+41 791328380
Rui Gomes;+49 201095365
Rui Martins;+33 694353309
Ricardo Santos;+351 995019460
Rui Gomes;+33 219944647
Ricardo Silva;+33 501537037
Rui Martins;+43 124615907
Ricardo Gomes;+43 619767621
Ricardo Gomes;+39 136679309
Ricardo Pereira;+33 586217840
Rui Mendes;+44 971399681
Rui Martins;+49 557629073
Ricardo Alves;+41 686474219
Ricardo Alves;+33 069168618
Ricardo Pereira;+41 332883812
Rui Silva;+39 726773456
Ricardo Gonçalves;+33 055518925
Rui Gonçalves;+41 772069453
Ricardo Pereira;+49 800404004
Ricardo Pereira;+351 665814641
Ricardo Pereira;+49 354035278
Ricardo Alves;+39 664449769
Rui Fernandes;+33 318871930
Ricardo Pereira;+44 411313648
Rui Silva;+32 253540472
Rui Ferreira;+351 222717918
Rui Santos;+43 945860311
Rui Gomes;+44 442859939
Ricardo Silva;+33 484930663
Rui Gomes;+49 720908205
Rui Martins;+32 463367730
Ricardo Ferreira;+32 087187649
Ricardo Alves;+44 997815123
Ricardo Gonçalves;+49 200863867
Ricardo Martins;+44 343736675
Rui Fernandes;+41 249556929
Rui Santos;+44 234456365
Rui Gomes;+41 457222270
Ricardo Gonçalves;+44 235092249
Ricardo Gomes;+351 918447949
Rui Ferreira;+43 021864129
Rui Martins;+351 711230755
Ricardo Gomes;+32 573343804
Ricardo Mendes;+49 760191333
Ricardo Gomes;+32 073667551
Rui Gomes;+351 041590131
Ricardo Mendes;+32 838359831
Rui Mendes;+32 422965082
Rui Silva;+351 174465418
Rui Santos;+43 701088533
Ricardo Mendes;+44 491851320
Rui Pereira;+43 295752155
Rui Mendes;+351 810456694
Ricardo Mendes;+33 824028339
Ricardo Santos;+351 674003309
Rui Alves;+351 083226313
Rui Ferreira;+49 816348458
Ricardo Martins;+39 662676960
Rui Santos;+351 530493077
Rui Silva;+41 371807342
Ricardo Mendes;+33 738414585
Rui Mendes;+41 008138218
Ricardo Gonçalves;+49 158607465
Rui Gonçalves;+41 656657338
Rui Fernandes;+39 288521339
Ricardo Silva;+32 155235658
