Rui Gonçalves;+33 776729207
Rui Ferreira;+33 914106724
Rui Ferreira;+43 768345547
Ricardo Gonçalves;+44 052727938
Rui Pereira;+49 151954263
Ricardo Gonçalves;+351 998017554
Ricardo Mendes;+41 273113738
Rui Gonçalves;+41 897751428
Ricardo Silva;+49 970650522
Rui Fernandes;+49 896288661
Rui Fernandes;+351 539688088
Ricardo Ferreira;+41 394845348
Ricardo Fernandes;+43 937790475
Ricardo Alves;+351 219024510
Ricardo Martins;+33 983914635
Ricardo Gonçalves;+351 838428375
Ricardo Gonçalves;+33 493452557
Rui Ferreira;+351 065881447
Ricardo Mendes;+49 595142782
Ricardo Mendes;+33 302469477
Rui Gonçalves;+351 542440026
Rui Silva;+43 951327258
Rui Ferreira;+44 359334473
Rui Silva;+32 102880174
Ricardo Fernandes;+44 039235108
Ricardo Silva;+351 257581230
Ricardo Gomes;+39 447766004
Ricardo Ferreira;+39 089762956
Ricardo Ferreira;+43 493772303
Rui Gonçalves;+49 230135450
Ricardo Alves;+49 135196627
Ricardo Pereira;+49 022432618
Rui Martins;+49 023137401
Ricardo Mendes;+351 349369010
Ricardo Fernandes;+41 606931991
Ricardo Gonçalves;+43 705115980
Ricardo Silva;+41 196384610
Ricardo Pereira;+49 036651943
Ricardo Santos;+44 350786380
Ricardo Ferreira;+49 745481072
Ricardo Martins;+41 230711939
Rui Ferreira;+32 478993214
Rui Alves;+351 428796669
Rui Alves;+32 699956461
Ricardo Gomes;+351 448763440
Ricardo Santos;+44 105306641
Ricardo Alves;+49 146509730
Rui Ferreira;+43 399138363
Ricardo Santos;+32 743408112
Ricardo Fernandes;+43 903238882
Rui Mendes;+32 596003528
Ricardo Alves;+43 211018965
Rui Pereira;+41 133179635
Rui Alves;+49 240048260
Rui Mendes;+351 053468175
Rui Gonçalves;+41 691376210
Ricardo Mendes;+44 500870202
Ricardo Pereira;+41 070298378
Rui Ferreira;+49 962288487
Ricardo Santos;+33 160437196
Rui Fernandes;+49 471905712
Rui Gomes;+49 820039161
Rui Santos;+33 745083005
Ricardo Santos;+41 079614707
Ricardo Gonçalves;+39 092289415
Rui Santos;+32 048716743
Ricardo Fernandes;+32 051357226
Ricardo Alves;+39 593788593
Ricardo Alves;+49 252602713
Ricardo Santos;+44 191771307
Rui Gonçalves;+49 906463974
Rui Fernandes;+351 773909364
Rui Alves;+43 894355880
Rui Santos;+41 784420568
Ricardo Alves;+351 021068202
Ricardo Pereira;+32 719273271
Rui Fernandes;+41 528020327
Ricardo Gonçalves;+32 946454605
Rui Martins;+33 496502204
Rui Silva;+49 935679917
Ricardo Martins;+33 491772939
Rui Silva;+32 841569138
Rui Gonçalves;+44 184239538
Ricardo Martins;+44 667852108
Rui Martins;+39 033995501
Ricardo Martins;+43 104395367
Ricardo Fernandes;+39 323235898
Rui Fernandes;+41 004174199
Rui Martins;+44 564069933
Ricardo Martins;+49 683837882
Rui Mendes;+33 511519898
Rui Martins;+44 568451077
Ricardo Ferreira;+49 388272439
Rui Ferreira;+351 887068153
Rui Gonçalves;+33 082669657
Ricardo Santos;+43 588745983
Ricardo Alves;+43 215796149
Ricardo Fernandes;+41 143107453
Rui Gonçalves;+44 394172115
Rui Pereira;+43 900315811
