Rui Gomes;+44 724633535
Rui Pereira;+41 671748682
Rui Mendes;+33 878131097
Rui Alves;+33 656056466
Ricardo Gonçalves;+32 740553712
Rui Fernandes;+351 562830692
Rui Pereira;+41 104263696
Ricardo Silva;+41 400574130
Rui Silva;+32 005686801
Ricardo Santos;+43 305995033
Rui Alves;+43 860152360
Rui Martins;+41 008983750
Ricardo Ferreira;+39 083080928
Ricardo Pereira;+32 409566669
Ricardo Gonçalves;+32 087691944
Rui Gonçalves;+351 823537108
Rui Santos;+43 626443835
Rui Martins;+39 767529712
Rui Silva;+41 696067871
Rui Martins;+39 514918947
Ricardo Alves;+39 850339025
Rui Fernandes;+39 790461317
Ricardo Fernandes;+43 361581755
Ricardo Ferreira;+44 051961664
Ricardo Fernandes;+33 659069060
Ricardo Martins;+33 624753894
Rui Pereira;+41 953616060
Rui Santos;+41 311176518
Rui Santos;+39 526567396
Ricardo Pereira;+49 525139858
Rui Gomes;+32 616348173
Ricardo Ferreira;+41 772625966
Rui Gonçalves;+43 515221127
Rui Ferreira;+351 739724492
Ricardo Fernandes;+351 467771835
Rui Mendes;+351 091283688
Ricardo Mendes;+41 285979308
Rui Pereira;+49 998541387
Ricardo Mendes;+44 406482856
Rui Mendes;+32 356123864
Ricardo Gomes;+39 676195052
Ricardo Silva;+39 103418270
Rui Ferreira;+44 887625722
Rui Pereira;+39 811816011
Rui Gomes;+351 076147500
Rui Martins;+49 860342557
Rui Gonçalves;+351 925975115
Ricardo Alves;+32 309764574
Ricardo Gonçalves;+351 587991876
Rui Alves;+44 431044680
Rui Pereira;+49 533705252
Rui Ferreira;+351 140715595
Ricardo Silva;+39 480192960
Ricardo Alves;+33 017290509
Ricardo Ferreira;+49 764418570
Rui Fernandes;+41 231694929
Rui Santos;+351 938099957
Ricardo Ferreira;+43 156627458
Rui Martins;+49 677011665
Rui Gonçalves;+41 899569223
Rui Mendes;+39 532756067
Ricardo Martins;+41 674065914
Ricardo Pereira;+32 324106452
Ricardo Fernandes;+44 519397389
Rui Silva;+32 362827893
Rui Martins;+49 148982180
Rui Gonçalves;+351 988720150
Ricardo Santos;+43 377674504
Rui Martins;+41 708883672
Ricardo Ferreira;+32 492221582
Ricardo Pereira;+351 233564693
Ricardo Silva;+32 626527334
Rui Pereira;+49 769385110
Ricardo Mendes;+351 762385566
Ricardo Gonçalves;+351 727529574
Ricardo Ferreira;+32 327038959
Rui Silva;+44 204245335
Rui Pereira;+49 273658168
Ricardo Alves;+49 674934387
Rui Gonçalves;+33 775841339
Ricardo Martins;+44 887909721
Ricardo Gomes;+43 144122974
Ricardo Fernandes;+49 386967469
Rui Gomes;+351 722076823
Rui Silva;+39 897735218
Rui Fernandes;+33 247931885
Ricardo Pereira;+33 048519272
Ricardo Gomes;+32 543151492
Ricardo Gonçalves;+39 659058113
Rui Gomes;+41 387617654
Rui Martins;+39 137162813
Ricardo Silva;+44 331985369
Ricardo Silva;+49 105698149
Rui Gonçalves;+49 105555225
Rui Gomes;+33 187561142
Rui Santos;+39 625056742
Ricardo Santos;+43 983637113
Ricardo Fernandes;+43 642255536
Ricardo Ferreira;+39 566478846
Ricardo Gonçalves;+49 214478219
