Sofia Santos;+351 572645595
Sofia Ferreira;+41 955422948
Sofia Gomes;+33 283561162
Sofia Mendes;+41 991961195
Sofia Santos;+351 448856259
Sofia Pereira;+39 345115957
Sofia Gomes;+44 704489707
Sofia Santos;+44 297549157
Sofia Pereira;+33 444126927
Sofia Santos;+32 031960912
Sofia Gonçalves;+351 414162557
Sofia Gonçalves;+33 355824437
Sofia Pereira;+33 330426826
Sofia Silva;+39 697530775
Sofia Alves;+351 742093660
Sofia Pereira;+44 384043040
Sofia Martins;+44 944127993
Sofia Martins;+351 005354057
Sofia Silva;+351 883599017
Sofia Mendes;+49 437392820
Sofia Mendes;+33 751052848
Sofia Pereira;+39 251360335
Sofia Martins;+43 631612425
Sofia Silva;+33 015555530
Sofia Ferreira;+49 924426812
Sofia Mendes;+49 331143045
Sofia Mendes;+44 256656822
Sofia Silva;+33 478478051
Sofia Mendes;+43 337753391
Sofia Ferreira;+43 314982694
Sofia Pereira;+39 689243607
Sofia Silva;+39 829876694
Sofia Pereira;+41 542617239
Sofia Gomes;+32 046555368
Sofia Martins;+39 022353067
Sofia Gonçalves;+39 641755386
Sofia Martins;+351 516409554
Sofia Ferreira;+41 425607165
Sofia Gomes;+44 671195885
Sofia Martins;+39 945069583
Sofia Mendes;+351 428337943
Sofia Mendes;+32 141614627
Sofia Pereira;+49 539316400
Sofia Alves;+351 402978714
Sofia Gonçalves;+351 410034162
Sofia Silva;+32 775516642
Sofia Fernandes;+41 822908866
Sofia Mendes;+351 647593035
Sofia Martins;+33 405494909
Sofia Pereira;+39 384299084
Sofia Santos;+351 026000240
Sofia Fernandes;+49 082650793
Sofia Martins;+49 196586733
Sofia Fernandes;+33 558570593
Sofia Ferreira;+351 341995564
Sofia Gonçalves;+43 403347936
Sofia Fernandes;+33 869580187
Sofia Fernandes;+39 352181841
Sofia Alves;+351 627487669
Sofia Silva;+351 565385475
Sofia Martins;+49 159068836
Sofia Mendes;+44 077103490
Sofia Gomes;+351 399928927
Sofia Silva;+32 351471555
Sofia Martins;+43 790073666
Sofia Mendes;+41 741585285
Sofia Pereira;+351 020857843
Sofia Mendes;+41 715702448
Sofia Silva;+32 371966220
Sofia Mendes;+33 556640443
Sofia Santos;+43 075965126
Sofia Santos;+351 142537077
Sofia Mendes;+49 184410271
Sofia Alves;+49 708506075
Sofia Gonçalves;+351 946718051
Sofia Ferreira;+351 497846588
Sofia Alves;+39 401988963
Sofia Martins;+39 020216113
Sofia Gomes;+49 977512648
Sofia Fernandes;+41 274628118
Sofia Pereira;+41 780345692
Sofia Martins;+39 286163202
Sofia Martins;+33 066767969
Sofia Mendes;+41 008849629
Sofia Santos;+49 685309763
Sofia Fernandes;+44 869949758
Sofia Pereira;+351 653042512
Sofia Ferreira;+49 366268139
Sofia Alves;+32 264528569
Sofia Ferreira;+351 704504415
Sofia Gonçalves;+32 915706673
Sofia Martins;+41 174028916
Sofia Gonçalves;+41 876519101
Sofia Fernandes;+39 097278146
Sofia Silva;+39 833351679
Sofia Fernandes;+32 458921123
Sofia Ferreira;+43 726284565
Sofia Pereira;+32 507564548
Sofia Alves;+32 110259999
Sofia Fernandes;+41 517635797
