Sofia Gonçalves;+44 608923262
Sofia Gonçalves;+351 651859337
Sofia Gomes;+44 476573685
Sofia Santos;+33 597048707
Sofia Alves;+43 459502191
Sofia Pereira;+43 702088425
Sofia Gomes;+33 840596477
Sofia Martins;+351 820689329
Sofia Santos;+33 886691641
Sofia Silva;+351 485643035
Sofia Alves;+351 985000847
Sofia Mendes;+43 725481745
Sofia Pereira;+43 124169422
Sofia Mendes;+32 068524870
Sofia Fernandes;+351 882055797
Sofia Martins;+41 397214681
Sofia Mendes;+32 962040712
Sofia Pereira;+49 148702402
Sofia Gonçalves;+44 274118010
Sofia Fernandes;+49 444502641
Sofia Alves;+43 034098660
Sofia Pereira;+41 351080371
Sofia Gonçalves;+32 447440672
Sofia Gomes;+33 975078096
Sofia Silva;+39 037246917
Sofia Fernandes;+39 381873382
Sofia Ferreira;+44 396835223
Sofia Ferreira;+41 313971630
Sofia Pereira;+49 640828124
Sofia Pereira;+44 332604131
Sofia Mendes;+44 292253584
Sofia Pereira;+32 620118256
Sofia Silva;+49 929504634
Sofia Martins;+41 495698426
Sofia Gonçalves;+41 361474050
Sofia Alves;+33 732786280
Sofia Gonçalves;+32 389191776
Sofia Alves;+39 921933200
Sofia Mendes;+351 837267812
Sofia Gonçalves;+39 205025214
Sofia Gomes;+41 334849761
Sofia Mendes;+43 581479838
Sofia Pereira;+351 816430959
Sofia Fernandes;+49 769914781
Sofia Martins;+351 939128218
Sofia Martins;+43 334182593
Sofia Fernandes;+351 144857027
Sofia Alves;+33 969526077
Sofia Martins;+39 747229135
Sofia Santos;+39 573155466
Sofia Silva;+39 874940058
Sofia Gomes;+41 917220273
Sofia Alves;+49 484390220
Sofia Silva;+41 247329543
Sofia Gonçalves;+32 224846940
Sofia Pereira;+351 639250574
Sofia Pereira;+39 585852160
Sofia Ferreira;+41 949727052
Sofia Fernandes;+44 842634454
Sofia Gonçalves;+39 126770454
Sofia Gonçalves;+33 897777125
Sofia Santos;+32 960652485
Sofia Gomes;+49 189581234
Sofia Mendes;+41 492490022
Sofia Ferreira;+49 943223334
Sofia Silva;+43 900032008
Sofia Gonçalves;+32 325655341
Sofia Pereira;+44 967030983
Sofia Silva;+44 714683730
Sofia Ferreira;+44 487035103
Sofia Silva;+41 516084938
Sofia Pereira;+44 481439462
Sofia Martins;+43 668033300
Sofia Silva;+39 049054379
Sofia Fernandes;+32 521497743
Sofia Gonçalves;+44 998993667
Sofia Martins;+33 630285769
Sofia Silva;+41 308129492
Sofia Pereira;+49 080977642
Sofia Gomes;+43 388340255
Sofia Gomes;+44 345179895
Sofia Gonçalves;+351 403726697
Sofia Mendes;+43 370887133
Sofia Gonçalves;+44 633097352
Sofia Fernandes;+49 758633357
Sofia Silva;+351 512832048
Sofia Mendes;+44 938075106
Sofia Martins;+351 983071064
Sofia Martins;+39 734205469
Sofia Martins;+41 673789139
Sofia Ferreira;+44 871278730
Sofia Gonçalves;+49 732957544
Sofia Mendes;+351 137845289
Sofia Silva;+39 785217037
Sofia Silva;+33 379979464
Sofia Mendes;+49 685130146
Sofia Santos;+49 426973358
Sofia Gonçalves;+39 125171897
Sofia Ferreira;+39 565463804
Sofia Gomes;+44 202884591
