Sofia Martins;+49 220164084
Sofia Pereira;+351 684008675
Sofia Alves;+43 192315200
Sofia Silva;+33 798367422
Sofia Gonçalves;+43 920944538
Sofia Gonçalves;+33 213852162
Sofia Santos;+44 160291084
Sofia Silva;+49 262512486
Sofia Alves;+351 206586817
Sofia Martins;+32 846393121
Sofia Silva;+44 781247305
Sofia Mendes;+43 387586739
Sofia Fernandes;+49 136411656
Sofia Pereira;+44 176593248
Sofia Martins;+33 000577667
Sofia Alves;+41 202226648
Sofia Martins;+351 615005882
Sofia Mendes;+44 392414451
Sofia Silva;+44 329097768
Sofia Fernandes;+43 797483301
Sofia Mendes;+41 129770522
Sofia Pereira;+43 792410123
Sofia Pereira;+32 856030320
Sofia Martins;+33 798512905
Sofia Fernandes;+32 182100629
Sofia Silva;+39 798479560
Sofia Santos;+44 730510807
Sofia Santos;+351 506553469
Sofia Gomes;+49 342914864
Sofia Gonçalves;+39 912195166
Sofia Alves;+32 294539137
Sofia Pereira;+49 193405535
Sofia Fernandes;+49 965647482
Sofia Gomes;+351 387746471
Sofia Gonçalves;+33 421320514
Sofia Santos;+43 835961520
Sofia Silva;+43 438565509
Sofia Gomes;+351 884925996
Sofia Ferreira;+32 859742323
Sofia Silva;+33 329774985
Sofia Fernandes;+43 934293787
Sofia Santos;+49 003465639
Sofia Silva;+43 378272433
Sofia Alves;+49 828640634
Sofia Santos;+44 740089291
Sofia Pereira;+39 801609029
Sofia Gonçalves;+43 992881080
Sofia Gonçalves;+33 413201307
Sofia Gomes;+43 556895059
Sofia Fernandes;+49 525074026
Sofia Mendes;+41 572546537
Sofia Gonçalves;+41 465682897
Sofia Martins;+39 764562967
Sofia Santos;+41 852079525
Sofia Silva;+44 895432410
Sofia Silva;+43 363595674
Sofia Pereira;+41 088653733
Sofia Gomes;+43 437523292
Sofia Gomes;+49 197860746
Sofia Ferreira;+49 618254739
Sofia Gonçalves;+33 181498972
Sofia Silva;+351 774625943
Sofia Silva;+43 410562616
Sofia Santos;+41 441976838
Sofia Santos;+32 844515735
Sofia Gonçalves;+41 907566834
Sofia Gomes;+39 623957102
Sofia Ferreira;+33 474695444
Sofia Gomes;+44 435440734
Sofia Silva;+41 151709677
Sofia Santos;+32 953123352
Sofia Alves;+41 352240536
Sofia Santos;+41 682370718
Sofia Ferreira;+43 876318396
Sofia Santos;+41 752339979
Sofia Gomes;+49 284113564
Sofia Gonçalves;+43 925646681
Sofia Martins;+39 797668690
Sofia Fernandes;+39 799408213
Sofia Silva;+39 395662728
Sofia Silva;+43 987382435
Sofia Fernandes;+41 993079785
Sofia Mendes;+49 645383612
Sofia Martins;+39 156688438
Sofia Martins;+32 660538064
Sofia Fernandes;+49 918812364
Sofia Martins;+33 292168304
Sofia Gonçalves;+43 727157260
Sofia Martins;+41 350988713
Sofia Santos;+43 487442933
Sofia Mendes;+39 611462232
Sofia Gomes;+44 800617869
Sofia Pereira;+44 688325028
Sofia Ferreira;+32 799023443
Sofia Silva;+43 411636572
Sofia Silva;+39 857061965
Sofia Santos;+41 653073530
Sofia Gonçalves;+33 512744803
Sofia Gonçalves;+49 727718975
Sofia Alves;+39 387732507
