Ana Gomes;+33 844706369
Ana Martins;+44 866931203
Ana Martins;+39 065249172
Ana Fernandes;+49 067081263
Ana Fernandes;+49 973045613
Ana Pereira;+32 893165063
Ana Gonçalves;+33 665706153
Ana Mendes;+43 489274781
Ana Mendes;+41 537235581
Ana Gomes;+49 848584409
Ana Ferreira;+41 109401577
Ana Fernandes;+39 927799020
Ana Gomes;+44 515202425
Ana Santos;+41 722643204
Ana Mendes;+49 104754777
Ana Ferreira;+49 628126964
Ana Silva;+41 058406199
Ana Santos;+33 764339430
Ana Alves;+351 909647146
Ana Pereira;+44 978869737
Ana Mendes;+43 744266722
Ana Gomes;+44 718659670
Ana Fernandes;+33 812536202
Ana Mendes;+43 742819365
Ana Pereira;+351 193963131
Ana Mendes;+49 517774177
Ana Alves;+49 843726321
Ana Gonçalves;+351 403651888
Ana Gomes;+49 405106909
Ana Alves;+44 571835270
Ana Gomes;+49 389565369
Ana Ferreira;+41 973298639
Ana Pereira;+49 860763224
Ana Santos;+44 077506726
Ana Ferreira;+41 924138056
Ana Fernandes;+41 834432043
Ana Martins;+351 448028810
Ana Silva;+351 316590603
Ana Gomes;+33 163883477
Ana Silva;+41 842750253
Ana Fernandes;+33 789612144
Ana Gonçalves;+43 834361319
Ana Gonçalves;+43 501287759
Ana Alves;+39 990041222
Ana Silva;+41 795976482
Ana Gonçalves;+49 068222528
Ana Mendes;+351 085110981
Ana Martins;+33 819636110
Ana Gomes;+44 690639761
Ana Gomes;+49 823756186
Ana Gonçalves;+351 706694461
Ana Santos;+351 238914597
Ana Ferreira;+43 176241536
Ana Pereira;+39 513005635
Ana Mendes;+41 112047436
Ana Silva;+39 202069369
Ana Fernandes;+33 158131245
Ana Fernandes;+49 247387483
Ana Fernandes;+49 063450674
Ana Gomes;+39 015249230
Ana Gomes;+41 772666706
Ana Gomes;+41 794940625
Ana Martins;+32 662712754
Ana Martins;+49 157224844
Ana Pereira;+43 673394329
Ana Silva;+39 621512588
Ana Gomes;+49 794597976
Ana Silva;+39 074328693
Ana Alves;+49 347506676
Ana Ferreira;+39 075215727
Ana Gonçalves;+44 097845567
Ana Gomes;+43 034995865
Ana Gomes;+49 605489649
Ana Alves;+32 716052493
Ana Fernandes;+33 736956273
Ana Mendes;+49 924670812
Ana Santos;+351 103439826
Ana Santos;+33 057214742
Ana Ferreira;+43 913570318
Ana Ferreira;+41 008727791
Ana Ferreira;+39 244269655
Ana Gonçalves;+43 381953647
Ana Silva;+41 038339072
Ana Martins;+43 178855186
Ana Pereira;+44 505151781
Ana Gomes;+43 840388589
Ana Gonçalves;+43 452261944
Ana Mendes;+43 376501040
Ana Ferreira;+49 322569398
Ana Pereira;+44 409401422
Ana Fernandes;+44 277914256
Ana Alves;+44 718854733
Ana Alves;+41 988521127
Ana Gomes;+351 247406733
Ana Alves;+43 361559427
Ana Silva;+33 075200149
Ana Santos;+351 156793468
Ana Mendes;+49 438976662
Ana Silva;+39 592588448
Ana Pereira;+33 481604332
