Ricardo Fernandes;+43 788894079
Ricardo Santos;+44 945598279
Rui Pereira;+32 780696616
Ricardo Ferreira;+39 397363601
Ricardo Fernandes;+44 172498272
Rui Fernandes;+44 137302311
Ricardo Pereira;+33 434254620
Ricardo Alves;+43 355884869
Ricardo Ferreira;+43 519702983
Ricardo Mendes;+33 340507074
Ricardo Alves;+43 550380400
Rui Alves;+43 700383176
Ricardo Ferreira;+33 487192585
Ricardo Mendes;+49 077673958
Ricardo Gonçalves;+44 230292503
Rui Santos;+43 930726561
Rui Fernandes;+41 940678506
Ricardo Silva;+41 239432144
Ricardo Alves;+39 134407298
Ricardo Pereira;+33 632697279
Rui Gomes;+39 221792647
Rui Mendes;+351 863387690
Rui Gomes;+49 588507928
Ricardo Gonçalves;+351 462154212
Rui Mendes;+49 693013851
Ricardo Gonçalves;+49 519471609
Ricardo Silva;+33 159883924
Ricardo Gomes;+49 972929063
Rui Pereira;+43 225455392
Rui Gomes;+351 613632936
Ricardo Fernandes;+41 111963433
Rui Fernandes;+41 728714386
Rui Alves;+39 306281891
Ricardo Pereira;+351 540323496
Rui Mendes;+41 967165742
Ricardo Mendes;+41 260871608
Rui Santos;+43 570466523
Rui Pereira;+49 419932831
Rui Pereira;+49 509174099
Rui Gonçalves;+351 311999700
Ricardo Gomes;+351 575269487
Ricardo Mendes;+41 698969136
Ricardo Pereira;+43 696311142
Rui Gonçalves;+33 224562540
Ricardo Silva;+41 137533364
Rui Martins;+44 102283680
Ricardo Gonçalves;+33 920672134
Ricardo Martins;+43 129743060
Ricardo Silva;+33 689241196
Rui Fernandes;+33 036697961
Ricardo Fernandes;+49 769959978
Ricardo Gonçalves;+41 317902069
Ricardo Martins;+49 720590086
Ricardo Alves;+39 841229051
Ricardo Martins;+44 112006049
Rui Martins;+41 653582438
Ricardo Santos;+49 474500651
Ricardo Martins;+43 119570747
Rui Silva;+41 296655725
Ricardo Martins;+44 147122987
Rui Fernandes;+39 989320152
Rui Gomes;+43 500267269
Rui Pereira;+41 738019676
Rui Martins;+33 135446590
Rui Alves;+351 991864328
Rui Santos;+39 256202136
Rui Mendes;+32 941961730
Ricardo Mendes;+351 252851092
Rui Mendes;+33 065595169
Rui Fernandes;+41 860955210
Rui Martins;+49 076719604
Rui Alves;+44 763575354
Rui Mendes;+43 429895295
Rui Gomes;+351 576036411
Rui Alves;+39 005034333
Ricardo Santos;+43 276311288
Ricardo Santos;+39 664459775
Rui Fernandes;+33 143622770
Rui Santos;+49 961947664
Rui Gomes;+44 987419080
Ricardo Gonçalves;+33 553790849
Ricardo Ferreira;+33 147471721
Rui Mendes;+43 624618382
Ricardo Martins;+43 547648866
Rui Fernandes;+44 277631966
Ricardo Mendes;+39 477598241
Rui Fernandes;+32 924357953
Ricardo Alves;+351 388909206
Ricardo Gomes;+43 505243609
Ricardo Santos;+41 266344819
Ricardo Fernandes;+41 182730062
Ricardo Gonçalves;+32 791547279
Rui Mendes;+49 412524838
Rui Alves;+44 022906061
Rui Alves;+44 645381806
Ricardo Martins;+49 831908041
Ricardo Mendes;+351 855192639
Rui Alves;+49 037526145
Ricardo Ferreira;+49 412119865
Ricardo Mendes;+43 794320950
