Catarina Santos;+33 007952392
Catarina Pereira;+32 077777456
Catarina Gomes;+351 655213197
Carlos Mendes;+33 408101357
Catarina Gonçalves;+41 453750203
Catarina Martins;+351 590500602
Catarina Gonçalves;+33 620185992
Carlos Silva;+44 187711623
Carlos Alves;+49 314137549
Carlos Silva;+49 893857109
Carlos Mendes;+43 644502490
Carlos Ferreira;+39 733104694
Carlos Pereira;+33 985578504
Carlos Gomes;+33 147237943
Carlos Alves;+32 657999383
Catarina Gomes;+351 319044695
Catarina Pereira;+39 424221733
Carlos Santos;+49 641897378
Catarina Pereira;+32 875537037
Carlos Alves;+49 537662597
Catarina Silva;+49 371134692
Carlos Santos;+351 486798059
Carlos Mendes;+49 326864181
Carlos Gonçalves;+41 832627683
Catarina Mendes;+44 567118910
Carlos Gonçalves;+41 728613203
Carlos Gomes;+41 177300074
Catarina Gonçalves;+43 179291048
Carlos Alves;+43 481222817
Catarina Mendes;+43 069298734
Catarina Pereira;+32 232090304
Carlos Gonçalves;+49 378803154
Catarina Mendes;+39 512802131
Carlos Alves;+32 260678415
Carlos Gomes;+33 925683149
Catarina Mendes;+44 058143562
Catarina Martins;+33 691751304
Catarina Martins;+41 753128847
Catarina Mendes;+44 696784790
Catarina Silva;+43 154271546
Carlos Mendes;+33 280843894
Catarina Fernandes;+32 272830702
Catarina Gomes;+49 409283076
Catarina Silva;+43 035769637
Carlos Ferreira;+39 978934986
Carlos Fernandes;+33 867494714
Catarina Alves;+33 382548993
Catarina Mendes;+43 192530060
Carlos Silva;+41 029416528
Carlos Mendes;+351 660295769
Catarina Martins;+49 801956359
Catarina Ferreira;+39 448627147
Catarina Gomes;+44 562003361
Carlos Mendes;+49 427928337
Catarina Gonçalves;+33 308524051
Carlos Gomes;+32 370689558
Catarina Mendes;+32 339536223
Catarina Santos;+41 102148235
Carlos Gomes;+33 930536444
Catarina Martins;+44 521741633
Carlos Ferreira;+41 235875737
Carlos Mendes;+43 884802792
Catarina Santos;+33 754329401
Catarina Martins;+44 561515583
Carlos Martins;+32 134253706
Carlos Alves;+49 364638619
Catarina Gonçalves;+43 673700423
Catarina Alves;+351 286650388
Carlos Gonçalves;+351 610618282
Catarina Santos;+33 039273564
Catarina Pereira;+44 406107919
Catarina Alves;+44 790325455
Catarina Gonçalves;+43 865447829
Carlos Martins;+32 200394518
Carlos Silva;+43 146195109
Carlos Gomes;+32 818546234
Carlos Pereira;+41 776153504
Catarina Gonçalves;+39 203335720
Catarina Gonçalves;+351 353383529
Catarina Silva;+39 276692317
Carlos Fernandes;+43 855831766
Catarina Pereira;+39 257276113
Carlos Martins;+49 274135917
Catarina Alves;+33 117897855
Carlos Martins;+49 225429753
Catarina Ferreira;+43 291480118
Catarina Gomes;+39 257721201
Catarina Ferreira;+44 520012829
Carlos Gomes;+41 417147357
Carlos Pereira;+44 438602674
Catarina Pereira;+43 260873499
Catarina Alves;+49 311428551
Catarina Mendes;+41 536704285
Carlos Pereira;+351 043394786
Carlos Santos;+32 329054512
Catarina Alves;+351 165822224
Carlos Martins;+33 326777474
Catarina Martins;+49 425057622
Catarina Fernandes;+33 518816151
Carlos Ferreira;+49 364931359
