Sofia Ferreira;+39 740775885
Sofia Fernandes;+49 880483792
Sofia Gonçalves;+33 195572271
Sofia Ferreira;+39 498858451
Sofia Pereira;+351 672614003
Sofia Alves;+32 883897191
Sofia Ferreira;+351 640418834
Sofia Mendes;+49 302233330
Sofia Gonçalves;+49 908569824
Sofia Santos;+43 162760571
Sofia Silva;+41 587153755
Sofia Gonçalves;+32 362936571
Sofia Santos;+33 330479799
Sofia Santos;+49 885038054
Sofia Fernandes;+351 779466831
Sofia Mendes;+49 645368055
Sofia Ferreira;+41 641006702
Sofia Gonçalves;+32 913167032
Sofia Mendes;+39 407039891
Sofia Ferreira;+32 591842508
Sofia Alves;+33 534819061
Sofia Silva;+351 649364121
Sofia Alves;+39 291058655
Sofia Silva;+39 377395813
Sofia Fernandes;+351 388489531
Sofia Martins;+351 530724734
Sofia Fernandes;+32 740378782
Sofia Mendes;+39 929184987
Sofia Ferreira;+49 263924542
Sofia Silva;+33 570049394
Sofia Martins;+33 209526001
Sofia Ferreira;+49 325939244
Sofia Silva;+43 789616690
Sofia Pereira;+33 847105021
Sofia Gomes;+351 914518115
Sofia Santos;+32 579975376
Sofia Santos;+49 746982245
Sofia Gonçalves;+351 306731961
Sofia Silva;+39 212128682
Sofia Gonçalves;+39 802333302
Sofia Martins;+44 617976634
Sofia Santos;+43 099454310
Sofia Martins;+39 577430112
Sofia Ferreira;+44 281936764
Sofia Ferreira;+33 170691653
Sofia Gomes;+351 533204984
Sofia Mendes;+32 097048079
Sofia Santos;+41 690192703
Sofia Silva;+43 225446613
Sofia Gomes;+32 841954431
Sofia Gomes;+32 226012436
Sofia Alves;+33 454440952
Sofia Gonçalves;+39 296441794
Sofia Martins;+41 608344323
Sofia Ferreira;+39 838046748
Sofia Pereira;+39 334328744
Sofia Fernandes;+44 500888588
Sofia Santos;+33 617953189
Sofia Alves;+44 008149655
Sofia Gomes;+41 592451376
Sofia Martins;+44 267078634
Sofia Gonçalves;+39 300408397
Sofia Martins;+32 625192107
Sofia Fernandes;+41 826226249
Sofia Silva;+44 972277094
Sofia Ferreira;+43 444421766
Sofia Fernandes;+32 076539918
Sofia Alves;+41 568663990
Sofia Santos;+351 202815679
Sofia Mendes;+41 808106900
Sofia Santos;+33 363622693
Sofia Alves;+351 585974845
Sofia Gomes;+43 885836834
Sofia Gonçalves;+41 026918492
Sofia Santos;+39 992022100
Sofia Santos;+351 325739709
Sofia Martins;+33 393483194
Sofia Mendes;+44 191766009
Sofia Gomes;+43 670446424
Sofia Mendes;+32 180045303
Sofia Silva;+32 297380558
Sofia Ferreira;+44 187164491
Sofia Silva;+33 420362978
Sofia Ferreira;+44 754049630
Sofia Mendes;+33 412352295
Sofia Pereira;+43 193195824
Sofia Alves;+49 572967664
Sofia Ferreira;+49 665081466
Sofia Ferreira;+44 864861192
Sofia Gonçalves;+33 790679492
Sofia Martins;+49 847036859
Sofia Fernandes;+44 977129970
Sofia Silva;+43 958986706
Sofia Gonçalves;+33 456737809
Sofia Fernandes;+33 434903288
Sofia Alves;+44 655159528
Sofia Fernandes;+41 253912642
Sofia Fernandes;+44 384249091
Sofia Ferreira;+39 819077533
Sofia Gomes;+49 443245466
