Ana Pereira;+351 200497603
Ana Gomes;+32 291185818
Ana Santos;+41 224298558
Ana Alves;+39 533665041
Ana Ferreira;+351 376637877
Ana Fernandes;+44 558851767
Ana Pereira;+49 291442872
Ana Silva;+32 818946738
Ana Gonçalves;+44 374854123
Ana Alves;+39 726374843
Ana Gonçalves;+351 686312476
Ana Gomes;+351 022238973
Ana Mendes;+32 204619347
Ana Silva;+32 161657789
Ana Santos;+49 923049514
Ana Mendes;+44 693779102
Ana Martins;+44 390028965
Ana Alves;+44 174603085
Ana Mendes;+32 390440506
Ana Santos;+49 486019979
Ana Silva;+44 217204466
Ana Mendes;+44 813308482
Ana Ferreira;+351 490539314
Ana Gonçalves;+41 595524722
Ana Pereira;+33 267503506
Ana Alves;+49 354531011
Ana Ferreira;+41 854107656
Ana Ferreira;+41 565926901
Ana Ferreira;+44 977139998
Ana Santos;+41 991247822
Ana Ferreira;+33 068915897
Ana Silva;+44 741283497
Ana Alves;+41 015764874
Ana Gomes;+351 149386541
Ana Silva;+32 836672567
Ana Ferreira;+44 426570825
Ana Santos;+43 801498677
Ana Alves;+32 892967737
Ana Ferreira;+44 338238148
Ana Silva;+44 961546369
Ana Gonçalves;+44 152371742
Ana Santos;+32 209920652
Ana Santos;+43 462315903
Ana Silva;+39 318898622
Ana Ferreira;+43 176178869
Ana Martins;+41 946290609
Ana Pereira;+33 402482261
Ana Silva;+41 109443934
Ana Ferreira;+351 519718715
Ana Martins;+49 099894738
Ana Alves;+43 270997203
Ana Martins;+44 268963249
Ana Alves;+33 806390497
Ana Santos;+44 706715168
Ana Silva;+43 482732275
Ana Ferreira;+33 264471502
Ana Silva;+43 082380313
Ana Gonçalves;+39 452846525
Ana Alves;+49 893257131
Ana Silva;+33 022142039
Ana Alves;+44 011531249
Ana Mendes;+41 514745602
Ana Ferreira;+49 020727832
Ana Pereira;+44 370188725
Ana Silva;+351 637277455
Ana Martins;+39 033442128
Ana Silva;+41 772781501
Ana Ferreira;+41 183816162
Ana Ferreira;+49 853404834
Ana Martins;+33 724989056
Ana Martins;+49 053749337
Ana Gonçalves;+39 617094716
Ana Fernandes;+41 305755489
Ana Martins;+39 330800421
Ana Pereira;+41 242610446
Ana Gonçalves;+43 640412389
Ana Silva;+49 917398460
Ana Gonçalves;+33 425661472
Ana Silva;+41 238142915
Ana Ferreira;+39 135341509
Ana Santos;+41 578351987
Ana Silva;+41 719872841
Ana Santos;+32 730756609
Ana Santos;+39 990750569
Ana Pereira;+39 583952740
Ana Alves;+32 563431462
Ana Santos;+44 769072667
Ana Gomes;+43 169277427
Ana Alves;+49 035191987
Ana Mendes;+41 800846304
Ana Gomes;+41 672674266
Ana Alves;+44 391550821
Ana Ferreira;+32 214429781
Ana Alves;+49 170760488
Ana Pereira;+49 198924972
Ana Pereira;+44 306969971
Ana Pereira;+39 309985749
Ana Silva;+32 989511638
Ana Pereira;+44 685384587
Ana Santos;+41 184515194
