Catarina Santos;+39 306063285
Carlos Pereira;+351 047594367
Catarina Alves;+32 508932887
Carlos Fernandes;+33 239834827
Carlos Ferreira;+39 678493837
Catarina Pereira;+351 275968688
Carlos Gonçalves;+49 223012210
Carlos Santos;+32 395565484
Carlos Gomes;+32 891743168
Carlos Alves;+39 681090775
Carlos Mendes;+44 554625407
Catarina Santos;+41 960014326
Carlos Gonçalves;+33 391373341
Carlos Ferreira;+351 554337343
Carlos Fernandes;+49 165574670
Catarina Fernandes;+39 778651158
Carlos Fernandes;+41 837050278
Carlos Santos;+43 109862243
Carlos Fernandes;+49 601352545
Catarina Ferreira;+39 504527624
Catarina Fernandes;+41 054649155
Catarina Santos;+32 666616507
Catarina Gomes;+351 842498379
Carlos Gomes;+41 210626206
Carlos Alves;+43 383725996
Catarina Alves;+41 161010819
Carlos Gonçalves;+49 968039732
Carlos Gonçalves;+43 301954403
Carlos Alves;+41 832811630
Carlos Fernandes;+39 293026957
Catarina Martins;+32 946522083
Carlos Ferreira;+351 824140612
Carlos Pereira;+43 382171668
Carlos Fernandes;+44 746543175
Catarina Silva;+49 370360081
Carlos Pereira;+44 599732478
Catarina Gomes;+351 755587229
Catarina Silva;+39 547966094
Catarina Ferreira;+41 247169530
Catarina Pereira;+39 415212159
Carlos Gomes;+351 352586822
Carlos Silva;+33 847266546
Catarina Alves;+41 385635066
Catarina Ferreira;+44 726857609
Catarina Silva;+39 671486820
Catarina Ferreira;+49 543294179
Carlos Gonçalves;+44 708360728
Carlos Gomes;+351 530327112
Catarina Santos;+44 874756788
Catarina Pereira;+351 215465585
Catarina Gonçalves;+33 436463610
Carlos Gonçalves;+39 032402955
Catarina Martins;+43 763375037
Catarina Silva;+39 812553556
Carlos Martins;+49 365115887
Carlos Gomes;+351 896664188
Catarina Martins;+32 455207464
Catarina Alves;+43 000180362
Catarina Gomes;+33 970039947
Catarina Alves;+43 886044780
Catarina Fernandes;+41 963942078
Catarina Martins;+41 746733135
Carlos Gonçalves;+32 571047712
Carlos Silva;+41 984777712
Catarina Mendes;+44 411712393
Carlos Martins;+41 383925153
Catarina Gomes;+41 988333007
Catarina Gomes;+43 574869580
Carlos Alves;+351 602622807
Catarina Mendes;+44 510321931
Carlos Martins;+41 122676886
Catarina Pereira;+32 174051757
Catarina Alves;+44 669477449
Catarina Fernandes;+43 841527756
Carlos Ferreira;+43 873469367
Carlos Gonçalves;+32 448113129
Carlos Martins;+33 698321512
Catarina Santos;+43 299209920
Catarina Pereira;+39 109138680
Carlos Santos;+49 428290494
Carlos Gomes;+49 518534144
Catarina Silva;+44 271210756
Catarina Gonçalves;+32 782019174
Catarina Martins;+39 662061133
Carlos Fernandes;+49 195963063
Carlos Gonçalves;+41 977760979
Carlos Ferreira;+32 757839817
Carlos Silva;+39 035849426
Catarina Martins;+39 077640965
Catarina Gomes;+49 526275454
Catarina Silva;+44 288620816
Carlos Gonçalves;+41 000634017
Carlos Gonçalves;+39 586076875
Catarina Silva;+32 363801210
Catarina Ferreira;+33 286178241
Carlos Ferreira;+41 078355104
Catarina Santos;+43 012928891
Catarina Silva;+49 836563922
Catarina Alves;+41 353081297
Carlos Silva;+43 414621619
