Sofia Gomes;+49 821271509
Sofia Santos;+44 002746522
Sofia Silva;+43 715687122
Sofia Ferreira;+39 940778835
Sofia Gonçalves;+33 750601179
Sofia Alves;+43 960093398
Sofia Mendes;+41 364944278
Sofia Silva;+33 346195758
Sofia Ferreira;+39 494059824
Sofia Fernandes;+33 256694314
Sofia Silva;+43 875955481
Sofia Ferreira;+49 507413339
Sofia Silva;+41 515704053
Sofia Martins;+49 529445365
Sofia Pereira;+43 622736366
Sofia Pereira;+33 692243117
Sofia Gonçalves;+39 576915627
Sofia Martins;+32 689724045
Sofia Alves;+32 208801196
Sofia Santos;+41 997151010
Sofia Alves;+39 336396238
Sofia Gomes;+49 725435051
Sofia Pereira;+39 514895257
Sofia Ferreira;+41 513444827
Sofia Ferreira;+39 384446577
Sofia Martins;+351 184901241
Sofia Santos;+33 737689422
Sofia Mendes;+39 820650582
Sofia Martins;+39 962737397
Sofia Ferreira;+351 347847554
Sofia Gomes;+49 573604888
Sofia Alves;+39 788783419
Sofia Silva;+351 598820383
Sofia Silva;+44 969505370
Sofia Ferreira;+32 151037014
Sofia Gomes;+49 690793819
Sofia Pereira;+351 738916970
Sofia Pereira;+32 159202985
Sofia Ferreira;+32 847241632
Sofia Martins;+33 182469629
Sofia Ferreira;+33 032661063
Sofia Ferreira;+32 359521257
Sofia Gonçalves;+33 907908112
Sofia Gonçalves;+351 358207953
Sofia Gonçalves;+49 302643302
Sofia Ferreira;+32 319392076
Sofia Ferreira;+49 997582379
Sofia Mendes;+49 896936912
Sofia Mendes;+32 821368322
Sofia Gonçalves;+351 400578303
Sofia Pereira;+44 987243029
Sofia Santos;+49 692965277
Sofia Ferreira;+43 127877195
Sofia Gomes;+39 849399406
Sofia Martins;+39 163911665
Sofia Alves;+39 848630563
Sofia Ferreira;+33 393343600
Sofia Alves;+33 395208924
Sofia Gonçalves;+39 148684122
Sofia Santos;+43 811636914
Sofia Alves;+351 501535743
Sofia Santos;+44 927126061
Sofia Santos;+49 203952983
Sofia Martins;+33 140717616
Sofia Fernandes;+44 225287369
Sofia Ferreira;+44 958012161
Sofia Santos;+49 952678843
Sofia Mendes;+43 107506929
Sofia Ferreira;+351 584119785
Sofia Gomes;+44 887271447
Sofia Alves;+44 537861580
Sofia Martins;+32 777299141
Sofia Fernandes;+41 084535914
Sofia Santos;+39 688137541
Sofia Fernandes;+39 619722816
Sofia Fernandes;+32 914809278
Sofia Gonçalves;+33 648004529
Sofia Pereira;+49 620605810
Sofia Mendes;+44 199240265
Sofia Gonçalves;+33 516304293
Sofia Ferreira;+44 445540185
Sofia Silva;+43 373701136
Sofia Martins;+39 953074675
Sofia Gomes;+41 445210509
Sofia Martins;+41 962651314
Sofia Santos;+39 306819427
Sofia Alves;+41 026770140
Sofia Ferreira;+351 963085773
Sofia Gonçalves;+44 377712161
Sofia Silva;+39 165661812
Sofia Mendes;+33 965631523
Sofia Martins;+44 555078357
Sofia Silva;+351 610764357
Sofia Santos;+49 288540880
Sofia Alves;+44 728057596
Sofia Santos;+32 442142153
Sofia Mendes;+33 688606557
Sofia Ferreira;+43 072654312
Sofia Silva;+32 671576925
Sofia Gonçalves;+39 563356657
