Sofia Silva;+33 635949443
Sofia Fernandes;+32 413385580
Sofia Gomes;+49 888157734
Sofia Alves;+32 692862285
Sofia Martins;+351 624724696
Sofia Alves;+33 257502091
Sofia Silva;+32 560502968
Sofia Martins;+39 228558492
Sofia Ferreira;+49 963583644
Sofia Gonçalves;+49 039940924
Sofia Fernandes;+44 205356929
Sofia Gomes;+44 811886796
Sofia Martins;+33 792097815
Sofia Ferreira;+41 432101940
Sofia Pereira;+44 173468936
Sofia Santos;+49 206363577
Sofia Martins;+41 164523078
Sofia Pereira;+43 869289807
Sofia Fernandes;+43 018899326
Sofia Gomes;+49 597155394
Sofia Alves;+49 752513604
Sofia Gonçalves;+49 880245427
Sofia Santos;+44 047238415
Sofia Fernandes;+44 657000375
Sofia Ferreira;+43 886836643
Sofia Gonçalves;+39 669357357
Sofia Gomes;+49 757276713
Sofia Martins;+44 564115859
Sofia Fernandes;+351 325463185
Sofia Santos;+41 663559690
Sofia Ferreira;+351 817054380
Sofia Fernandes;+33 374127133
Sofia Mendes;+49 365448520
Sofia Alves;+49 989630326
Sofia Fernandes;+39 959800553
Sofia Alves;+32 102021686
Sofia Gonçalves;+33 223926462
Sofia Gonçalves;+49 668548984
Sofia Gonçalves;+39 562018242
Sofia Mendes;+33 478251843
Sofia Pereira;+39 269712187
Sofia Ferreira;+39 831903013
Sofia Silva;+44 357594697
Sofia Gomes;+351 985289324
Sofia Mendes;+33 991830443
Sofia Alves;+33 268439837
Sofia Gomes;+41 386354292
Sofia Gonçalves;+49 055916236
Sofia Gonçalves;+44 806828502
Sofia Gomes;+32 485291664
Sofia Pereira;+32 268476910
Sofia Alves;+43 502611011
Sofia Mendes;+39 296508179
Sofia Martins;+43 455837844
Sofia Silva;+33 189823091
Sofia Pereira;+39 485602628
Sofia Alves;+351 652508312
Sofia Santos;+32 400786188
Sofia Mendes;+41 505526800
Sofia Silva;+32 584075046
Sofia Gonçalves;+44 524404783
Sofia Fernandes;+41 278487087
Sofia Pereira;+44 442678820
Sofia Silva;+33 887806846
Sofia Fernandes;+41 254285923
Sofia Alves;+351 537903757
Sofia Ferreira;+44 378426929
Sofia Santos;+351 281340086
Sofia Mendes;+33 741377699
Sofia Gomes;+49 643434312
Sofia Gonçalves;+39 583658904
Sofia Ferreira;+49 562397297
Sofia Ferreira;+41 138542450
Sofia Gonçalves;+41 993727507
Sofia Pereira;+41 754996364
Sofia Alves;+351 573865982
Sofia Pereira;+41 972396313
Sofia Pereira;+41 535144033
Sofia Martins;+32 140285706
Sofia Santos;+39 565056799
Sofia Alves;+44 897549492
Sofia Gonçalves;+39 836600511
Sofia Fernandes;+33 135006749
Sofia Gomes;+44 162424528
Sofia Ferreira;+351 166020720
Sofia Alves;+43 879453594
Sofia Gomes;+39 259504162
Sofia Pereira;+43 665690548
Sofia Fernandes;+39 631446099
Sofia Pereira;+351 519937771
Sofia Gonçalves;+39 665486671
Sofia Pereira;+43 657032049
Sofia Fernandes;+32 375509077
Sofia Pereira;+39 129520254
Sofia Santos;+41 624689531
Sofia Pereira;+33 140808995
Sofia Fernandes;+44 980564742
Sofia Fernandes;+33 942464457
Sofia Ferreira;+49 916366735
Sofia Fernandes;+351 482685906
