Carlos Mendes;+39 753164247
Carlos Alves;+43 677137334
Catarina Fernandes;+39 526367299
Carlos Alves;+49 026121719
Carlos Ferreira;+39 130053493
Carlos Ferreira;+351 983137608
Carlos Gomes;+44 836334778
Catarina Pereira;+41 387712968
Catarina Alves;+43 288915135
Carlos Santos;+39 716922763
Catarina Santos;+41 186327419
Carlos Pereira;+32 408062237
Carlos Martins;+49 050797024
Carlos Silva;+33 955957752
Catarina Silva;+32 858945225
Carlos Fernandes;+32 700999191
Carlos Mendes;+44 621593280
Carlos Ferreira;+44 583287008
Carlos Fernandes;+49 965448840
Catarina Gonçalves;+351 009768291
Carlos Martins;+351 617293393
Catarina Santos;+33 697909000
Catarina Pereira;+39 217491778
Carlos Mendes;+43 771397473
Carlos Pereira;+41 512393480
Catarina Pereira;+351 752765234
Catarina Pereira;+33 249779229
Carlos Martins;+41 858679575
Catarina Fernandes;+44 862429967
Catarina Martins;+43 224016828
Carlos Fernandes;+43 244590889
Catarina Silva;+32 088013700
Catarina Santos;+39 054176832
Catarina Ferreira;+49 224000575
Catarina Gomes;+41 069991301
Carlos Martins;+39 284658081
Catarina Santos;+44 729809496
Catarina Santos;+39 645332877
Carlos Mendes;+43 183372192
Carlos Santos;+39 594870365
Catarina Martins;+32 086483810
Catarina Alves;+33 957060059
Carlos Gomes;+49 917652397
Carlos Mendes;+44 655617144
Carlos Martins;+43 154210401
Catarina Ferreira;+351 425436292
Carlos Mendes;+39 528040675
Carlos Ferreira;+32 433476278
Carlos Gonçalves;+33 851196630
Catarina Alves;+351 424599306
Carlos Silva;+44 587972066
Catarina Martins;+43 716053274
Carlos Gomes;+41 210752788
Catarina Ferreira;+33 047983886
Carlos Santos;+44 177183599
Carlos Ferreira;+39 562551433
Carlos Gonçalves;+32 770527099
Catarina Gonçalves;+44 813323928
Catarina Alves;+41 574108596
Carlos Fernandes;+44 021719104
Catarina Mendes;+49 215482356
Carlos Gonçalves;+33 283277323
Carlos Pereira;+44 832081618
Carlos Martins;+41 690675286
Carlos Ferreira;+49 177246167
Catarina Martins;+44 723226647
Catarina Ferreira;+39 695449380
Carlos Martins;+44 460780785
Catarina Silva;+39 347853624
Catarina Gomes;+33 333716792
Catarina Alves;+32 421070830
Carlos Fernandes;+49 664189405
Catarina Fernandes;+43 072597327
Catarina Pereira;+49 061399825
Catarina Pereira;+33 824406686
Carlos Martins;+33 408161680
Catarina Mendes;+44 567070831
Carlos Alves;+44 106082964
Carlos Pereira;+39 354383838
Carlos Pereira;+49 819543966
Catarina Santos;+351 197043939
Catarina Pereira;+33 436413202
Catarina Mendes;+41 438291967
Catarina Gomes;+39 452304929
Carlos Ferreira;+41 018352789
Carlos Martins;+32 467093630
Carlos Ferreira;+49 201522775
Carlos Santos;+32 255929237
Catarina Alves;+39 830290219
Catarina Silva;+32 623320035
Catarina Gonçalves;+33 332626375
Carlos Alves;+39 858722266
Catarina Santos;+32 052911673
Carlos Martins;+43 194727684
Catarina Alves;+41 313080229
Catarina Ferreira;+43 152896112
Carlos Pereira;+32 054761043
Catarina Pereira;+43 343056732
Carlos Gomes;+39 088424083
Carlos Gomes;+44 440360385
