Sofia Gonçalves;+33 164958635
Sofia Silva;+43 079900775
Sofia Fernandes;+44 588007734
Sofia Fernandes;+351 625076432
Sofia Ferreira;+43 668247906
Sofia Silva;+351 018319190
Sofia Alves;+41 052472900
Sofia Fernandes;+39 210529499
Sofia Silva;+32 814660283
Sofia Pereira;+39 331430120
Sofia Martins;+43 689881026
Sofia Silva;+33 491194954
Sofia Gonçalves;+43 128688530
Sofia Mendes;+32 068220733
Sofia Fernandes;+39 943679439
Sofia Ferreira;+41 881272362
Sofia Santos;+49 403681439
Sofia Mendes;+39 667197171
Sofia Pereira;+33 956313104
Sofia Santos;+49 886727978
Sofia Fernandes;+32 703066315
Sofia Fernandes;+44 672454051
Sofia Santos;+43 500472955
Sofia Pereira;+44 626991707
Sofia Fernandes;+39 779705452
Sofia Fernandes;+351 926090171
Sofia Mendes;+351 270207344
Sofia Ferreira;+351 656653079
Sofia Fernandes;+41 998091479
Sofia Fernandes;+39 956324609
Sofia Alves;+351 291107046
Sofia Santos;+32 224725713
Sofia Fernandes;+32 191458033
Sofia Martins;+49 277555090
Sofia Silva;+44 064371994
Sofia Gomes;+33 864095084
Sofia Silva;+33 420966774
Sofia Martins;+43 710437131
Sofia Fernandes;+44 726483149
Sofia Pereira;+44 411997460
Sofia Pereira;+43 130639634
Sofia Gonçalves;+351 770653100
Sofia Silva;+32 432939560
Sofia Martins;+39 079441316
Sofia Alves;+32 862167521
Sofia Ferreira;+44 934419071
Sofia Gomes;+32 457956663
Sofia Martins;+44 861720722
Sofia Gomes;+44 485349877
Sofia Pereira;+33 142977003
Sofia Alves;+33 679783859
Sofia Alves;+49 951176611
Sofia Mendes;+39 516551876
Sofia Gomes;+44 604240368
Sofia Pereira;+33 361712180
Sofia Mendes;+351 784344950
Sofia Ferreira;+44 610738302
Sofia Silva;+39 467153315
Sofia Martins;+44 315420163
Sofia Silva;+41 245714345
Sofia Martins;+44 795721586
Sofia Martins;+39 192631399
Sofia Santos;+49 454075478
Sofia Gomes;+39 733520081
Sofia Silva;+39 816437702
Sofia Pereira;+32 723320742
Sofia Pereira;+44 114722342
Sofia Fernandes;+32 095979145
Sofia Gonçalves;+44 292207454
Sofia Silva;+44 472004270
Sofia Ferreira;+351 835933847
Sofia Mendes;+49 783553769
Sofia Fernandes;+32 163621520
Sofia Gonçalves;+49 567710404
Sofia Mendes;+33 998057436
Sofia Alves;+351 688309834
Sofia Gomes;+44 885929089
Sofia Gonçalves;+32 079977821
Sofia Santos;+39 692615991
Sofia Martins;+44 266192544
Sofia Silva;+49 701766140
Sofia Alves;+39 477730626
Sofia Santos;+32 002844451
Sofia Mendes;+41 552046195
Sofia Silva;+351 210689595
Sofia Alves;+39 270858329
Sofia Gomes;+41 214927240
Sofia Santos;+43 369936849
Sofia Fernandes;+33 912224819
Sofia Alves;+44 437790607
Sofia Mendes;+351 702744920
Sofia Mendes;+32 788750887
Sofia Mendes;+49 103145303
Sofia Fernandes;+43 157968001
Sofia Ferreira;+351 053518597
Sofia Pereira;+33 192995267
Sofia Pereira;+49 613084037
Sofia Mendes;+39 673940799
Sofia Pereira;+33 885601460
Sofia Martins;+49 361973817
