Rui Gomes;+32 352716796
Ricardo Alves;+43 136991462
Ricardo Silva;+44 586906479
Ricardo Santos;+351 005703682
Rui Martins;+41 149837565
Ricardo Gomes;+33 395035073
Rui Mendes;+41 507190626
Rui Fernandes;+49 779734788
Ricardo Martins;+41 541471700
Rui Martins;+351 828141968
Rui Fernandes;+43 346680083
Rui Mendes;+39 272253496
Ricardo Ferreira;+351 897125321
Rui Santos;+32 375093069
Ricardo Gomes;+41 050767032
Ricardo Santos;+43 729405733
Rui Gonçalves;+39 251267073
Ricardo Gonçalves;+43 392743487
Rui Gonçalves;+43 288496198
Ricardo Fernandes;+39 518672139
Ricardo Alves;+43 349720602
Ricardo Pereira;+44 479499093
Ricardo Ferreira;+44 535324497
Rui Gomes;+39 904302922
Ricardo Gonçalves;+32 510323955
Ricardo Santos;+44 719534452
Rui Silva;+49 510419499
Rui Gomes;+49 581691887
Ricardo Mendes;+44 728728103
Ricardo Gomes;+39 401151155
Ricardo Fernandes;+43 675731846
Ricardo Gomes;+41 523022350
Rui Silva;+44 599957920
Rui Silva;+33 994660719
Rui Pereira;+39 122081161
Ricardo Ferreira;+32 498118112
Rui Fernandes;+32 345924148
Ricardo Santos;+49 168698924
Rui Gomes;+49 438850855
Rui Fernandes;+32 645702289
Ricardo Martins;+351 431425134
Ricardo Gonçalves;+49 744866543
Ricardo Mendes;+49 813445748
Ricardo Mendes;+44 258974454
Rui Alves;+44 456406366
Ricardo Gomes;+41 302600463
Ricardo Martins;+351 059676754
Rui Alves;+32 527880200
Rui Gonçalves;+39 458897927
Ricardo Martins;+49 685315831
Ricardo Gomes;+49 103668646
Rui Santos;+33 745944521
Ricardo Gomes;+33 512088903
Ricardo Silva;+49 436431789
Rui Santos;+39 402534460
Rui Martins;+32 955650695
Ricardo Santos;+351 706186483
Rui Mendes;+33 839310458
Ricardo Alves;+49 747835189
Rui Ferreira;+43 456384997
Rui Gomes;+33 222392373
Rui Martins;+33 679065781
Rui Martins;+49 795192390
Rui Gonçalves;+41 252061591
Rui Fernandes;+33 258169996
Ricardo Fernandes;+43 536171420
Rui Fernandes;+41 984346144
Ricardo Fernandes;+49 078601811
Ricardo Gonçalves;+49 957876240
Ricardo Pereira;+32 775858320
Rui Mendes;+32 724145795
Rui Gomes;+351 969979406
Rui Gomes;+44 884842274
Rui Pereira;+43 425454792
Rui Martins;+32 023165784
Ricardo Gomes;+33 026484278
Rui Martins;+49 163959219
Ricardo Silva;+49 765130034
Ricardo Silva;+39 396544710
Ricardo Ferreira;+32 716319202
Rui Ferreira;+49 037440355
Rui Gonçalves;+43 542557194
Rui Silva;+43 625121973
Ricardo Gomes;+44 775734899
Ricardo Pereira;+33 102131575
Ricardo Gonçalves;+32 384958086
Rui Gonçalves;+39 296031475
Rui Fernandes;+49 221448678
Ricardo Fernandes;+41 604072916
Rui Santos;+32 894535622
Rui Alves;+44 567165132
Ricardo Ferreira;+33 961131582
Ricardo Alves;+33 514391365
Ricardo Gonçalves;+43 484509460
Ricardo Martins;+44 486706155
Ricardo Pereira;+43 393635117
Rui Gonçalves;+32 286570209
Ricardo Silva;+49 352503860
Ricardo Gomes;+44 489886878
Ricardo Ferreira;+41 950626525
