Ana Alves;+41 782836505
Ana Santos;+39 267549241
Ana Santos;+43 758957551
Ana Pereira;+351 087400266
Ana Mendes;+33 007694831
Ana Gomes;+32 918224080
Ana Pereira;+351 582764778
Ana Mendes;+43 092524482
Ana Martins;+39 454136797
Ana Alves;+351 497413421
Ana Mendes;+33 166692876
Ana Silva;+33 294844155
Ana Martins;+32 903758340
Ana Martins;+351 343185977
Ana Ferreira;+39 498226234
Ana Ferreira;+351 215281815
Ana Alves;+43 579639738
Ana Santos;+49 605953242
Ana Ferreira;+43 646896318
Ana Fernandes;+41 583288950
Ana Fernandes;+351 372028757
Ana Fernandes;+44 722483813
Ana Alves;+49 875088372
Ana Martins;+32 265980094
Ana Gonçalves;+41 002262788
Ana Mendes;+33 162925210
Ana Santos;+32 447811532
Ana Mendes;+33 787886924
Ana Ferreira;+44 896204828
Ana Martins;+44 455862718
Ana Pereira;+41 400996378
Ana Fernandes;+41 269905339
Ana Gomes;+32 868288974
Ana Fernandes;+49 920574827
Ana Martins;+39 788887201
Ana Mendes;+49 587099534
Ana Martins;+32 768422554
Ana Mendes;+49 825251951
Ana Martins;+49 129179753
Ana Ferreira;+43 343093104
Ana Ferreira;+43 811201702
Ana Santos;+33 980626083
Ana Pereira;+44 376521587
Ana Mendes;+32 647438130
Ana Gonçalves;+41 886980943
Ana Mendes;+49 011847842
Ana Alves;+32 810479345
Ana Gonçalves;+33 804089508
Ana Ferreira;+49 009299393
Ana Pereira;+351 756861160
Ana Silva;+44 690996886
Ana Silva;+351 102630098
Ana Silva;+351 461553688
Ana Martins;+43 470790971
Ana Gomes;+33 871504827
Ana Santos;+44 492795079
Ana Mendes;+44 759360845
Ana Martins;+39 188796363
Ana Fernandes;+351 312236296
Ana Ferreira;+41 782882444
Ana Silva;+43 695875247
Ana Mendes;+44 994459902
Ana Pereira;+43 924425194
Ana Martins;+351 327504652
Ana Gomes;+41 905021033
Ana Mendes;+33 219537217
Ana Silva;+44 082420983
Ana Silva;+49 226540697
Ana Alves;+33 439046615
Ana Mendes;+33 372556960
Ana Silva;+41 114745011
Ana Alves;+39 954328835
Ana Ferreira;+32 276301150
Ana Martins;+32 730228869
Ana Fernandes;+39 396275349
Ana Gonçalves;+33 477098449
Ana Fernandes;+39 095417622
Ana Fernandes;+39 751945215
Ana Fernandes;+39 016184522
Ana Fernandes;+41 866962737
Ana Pereira;+351 265987742
Ana Mendes;+33 982240750
Ana Mendes;+351 875417793
Ana Pereira;+351 613548732
Ana Fernandes;+44 427810963
Ana Alves;+43 583929804
Ana Fernandes;+33 597363956
Ana Gonçalves;+32 985616160
Ana Pereira;+49 868403420
Ana Pereira;+33 706481670
Ana Ferreira;+351 217833720
Ana Gonçalves;+43 849329550
Ana Silva;+33 988725562
Ana Fernandes;+49 200917216
Ana Gonçalves;+39 675764992
Ana Silva;+39 550491082
Ana Pereira;+39 518552269
Ana Silva;+33 822566441
Ana Silva;+41 658761427
Ana Silva;+32 983543693
