Ricardo Gonçalves;+44 608999111
Rui Alves;+39 845581861
Ricardo Alves;+32 978322152
Rui Ferreira;+44 311534239
Ricardo Mendes;+32 463515441
Ricardo Silva;+43 694457537
Rui Mendes;+351 014410618
Rui Gonçalves;+33 201418120
Ricardo Santos;+351 793865191
Rui Martins;+43 029649711
Rui Gomes;+44 617416183
Ricardo Gonçalves;+43 418759452
Ricardo Mendes;+41 616201997
Rui Gonçalves;+32 721626208
Rui Ferreira;+33 336256814
Ricardo Santos;+49 303966716
Ricardo Martins;+43 511401645
Ricardo Mendes;+32 620351892
Ricardo Silva;+41 467130251
Rui Ferreira;+41 593971563
Rui Gonçalves;+33 408604820
Ricardo Gomes;+41 843587543
Ricardo Martins;+33 705198941
Ricardo Fernandes;+39 773853939
Ricardo Gomes;+49 833036000
Rui Silva;+41 210095074
Ricardo Alves;+41 373768463
Rui Ferreira;+32 724080270
Rui Gonçalves;+33 450921845
Ricardo Gomes;+351 164345851
Rui Pereira;+43 533171372
Ricardo Gomes;+32 828909407
Ricardo Mendes;+33 218755019
Rui Ferreira;+32 793929217
Rui Gonçalves;+49 426709144
Rui Mendes;+49 844430964
Ricardo Mendes;+44 295100834
Rui Santos;+32 152084589
Ricardo Fernandes;+49 025221545
Rui Martins;+33 714102895
Ricardo Gonçalves;+33 456705918
Ricardo Mendes;+351 005336328
Ricardo Santos;+32 845812777
Rui Gomes;+43 801116178
Ricardo Santos;+32 413454962
Rui Santos;+49 583080724
Rui Gomes;+44 742594162
Rui Silva;+32 275173877
Rui Alves;+41 059035906
Ricardo Ferreira;+32 107140496
Ricardo Martins;+44 647060715
Rui Alves;+43 766265972
Ricardo Martins;+49 837073863
Rui Silva;+32 898629220
Rui Martins;+43 357354275
Rui Mendes;+49 896436855
Rui Pereira;+351 423607909
Rui Pereira;+39 588936616
Rui Silva;+351 393486797
Rui Martins;+43 685052480
Rui Martins;+33 106567083
Ricardo Martins;+43 819809342
Ricardo Silva;+351 981252071
Rui Mendes;+41 265180294
Ricardo Mendes;+33 788346369
Ricardo Santos;+43 486858967
Ricardo Alves;+44 875157454
Ricardo Gonçalves;+44 042606137
Ricardo Martins;+351 949909436
Rui Pereira;+49 120384662
Ricardo Martins;+41 695166980
Ricardo Pereira;+41 331043286
Rui Alves;+49 119274125
Rui Fernandes;+32 607307241
Rui Alves;+49 164908141
Ricardo Alves;+44 142817949
Ricardo Ferreira;+49 949234275
Rui Silva;+39 372347811
Rui Pereira;+33 898550289
Rui Martins;+39 582682985
Ricardo Ferreira;+351 722553087
Ricardo Gomes;+44 909359187
Ricardo Mendes;+39 345283436
Ricardo Alves;+32 405618908
Ricardo Martins;+33 629604289
Ricardo Fernandes;+39 327101372
Rui Martins;+351 982526526
Rui Ferreira;+43 502183725
Rui Gomes;+49 849544588
Ricardo Santos;+43 843910405
Rui Gomes;+43 941525825
Rui Fernandes;+351 389947438
Ricardo Pereira;+33 602633227
Ricardo Alves;+49 097356110
Rui Gomes;+41 737882533
Ricardo Silva;+39 073838036
Rui Martins;+43 736187278
Ricardo Pereira;+41 365086417
Ricardo Pereira;+32 595819271
Rui Mendes;+33 713990438
