Ricardo Fernandes;+41 821600131
Rui Alves;+351 109413163
Ricardo Fernandes;+41 050812847
Rui Gomes;+32 531474491
Rui Ferreira;+32 016082441
Ricardo Mendes;+41 087034511
Ricardo Fernandes;+39 616851058
Rui Fernandes;+351 552525870
Ricardo Fernandes;+351 127740848
Rui Gonçalves;+41 385000845
Rui Ferreira;+44 957671650
Rui Pereira;+351 288906153
Ricardo Fernandes;+33 214308529
Ricardo Martins;+41 676344842
Ricardo Alves;+44 789919671
Rui Fernandes;+43 814922964
Rui Alves;+33 590794342
Ricardo Pereira;+43 773072394
Ricardo Silva;+33 011278465
Ricardo Gomes;+44 135121578
Ricardo Martins;+43 151495688
Ricardo Alves;+49 054620768
Rui Alves;+43 648788064
Ricardo Fernandes;+43 641516521
Rui Silva;+43 338115240
Ricardo Alves;+39 909304475
Ricardo Ferreira;+32 908169305
Rui Santos;+44 177461147
Ricardo Martins;+33 816670624
Rui Pereira;+32 938720704
Rui Fernandes;+44 652633257
Rui Ferreira;+43 633562718
Rui Mendes;+41 912854721
Rui Martins;+351 092729371
Ricardo Ferreira;+39 290881111
Ricardo Silva;+43 292298312
Rui Gonçalves;+43 700658270
Rui Gomes;+39 274896875
Ricardo Pereira;+39 346106497
Rui Pereira;+41 317041851
Ricardo Alves;+33 647114011
Ricardo Fernandes;+43 271538975
Ricardo Martins;+351 604831646
Rui Martins;+32 553784849
Ricardo Gomes;+39 591951548
Ricardo Santos;+44 635588916
Rui Santos;+44 415030670
Rui Fernandes;+33 022134365
Rui Mendes;+44 638763321
Rui Gonçalves;+49 659352736
Ricardo Ferreira;+351 139005950
Ricardo Mendes;+41 257951025
Ricardo Silva;+33 156021346
Ricardo Alves;+351 774033200
Ricardo Santos;+33 099430214
Rui Ferreira;+41 619108906
Rui Mendes;+49 256116799
Ricardo Gomes;+33 826620771
Rui Gonçalves;+33 447180743
Ricardo Gonçalves;+41 300470842
Ricardo Gonçalves;+44 200318021
Ricardo Fernandes;+49 504938803
Ricardo Gonçalves;+43 244429531
Rui Santos;+39 011525663
Ricardo Pereira;+41 099819663
Ricardo Santos;+32 866751326
Ricardo Gonçalves;+39 133456365
Rui Ferreira;+351 118087561
Ricardo Silva;+32 463241186
Rui Martins;+351 391390363
Rui Gonçalves;+33 686327674
Rui Santos;+43 709197258
Ricardo Gonçalves;+49 446494946
Rui Gonçalves;+49 529283718
Ricardo Martins;+39 757435467
Rui Gomes;+44 323979741
Ricardo Silva;+49 233861859
Rui Fernandes;+44 272888668
Ricardo Fernandes;+49 171924394
Rui Santos;+351 464719947
Ricardo Pereira;+41 410755146
Ricardo Silva;+44 982191784
Ricardo Gomes;+49 509735594
Ricardo Santos;+44 652619809
Rui Silva;+44 173644845
Rui Alves;+41 423047693
Rui Fernandes;+49 165620002
Ricardo Ferreira;+43 467115652
Rui Pereira;+44 984427852
Rui Santos;+351 181159218
Ricardo Fernandes;+33 614448804
Rui Pereira;+44 895624334
Ricardo Gomes;+32 849590430
Rui Gomes;+33 967833908
Ricardo Gomes;+351 246824715
Ricardo Mendes;+33 536787768
Rui Gonçalves;+44 645594675
Rui Alves;+33 459853086
Rui Martins;+43 720643896
Rui Silva;+43 626796616
