Catarina Mendes;+351 558099004
Carlos Ferreira;+41 093664736
Carlos Ferreira;+39 744302007
Catarina Martins;+41 562546346
Catarina Santos;+32 667599269
Catarina Martins;+43 446746826
Catarina Alves;+351 389513484
Catarina Martins;+41 421502975
Carlos Gomes;+49 988833753
Catarina Pereira;+32 815922385
Carlos Fernandes;+39 032339766
Carlos Gomes;+351 873555526
Carlos Alves;+43 157883818
Carlos Silva;+32 191869394
Catarina Silva;+32 676482959
Catarina Pereira;+33 311471051
Catarina Mendes;+41 185181324
Carlos Silva;+43 592013337
Carlos Pereira;+351 155101990
Carlos Ferreira;+33 144028673
Carlos Pereira;+39 822717107
Carlos Alves;+41 466724592
Catarina Gomes;+39 044943868
Catarina Santos;+41 883958037
Catarina Pereira;+41 434273617
Catarina Alves;+33 459064585
Carlos Fernandes;+32 216113308
Carlos Mendes;+39 011197193
Catarina Silva;+351 357649025
Catarina Alves;+351 185900659
Catarina Fernandes;+39 090867498
Catarina Gomes;+351 265621167
Carlos Alves;+43 590937516
Catarina Alves;+49 965302119
Catarina Gomes;+39 833609642
Carlos Alves;+39 044858187
Catarina Alves;+41 018263111
Carlos Alves;+41 861186574
Carlos Santos;+49 288854756
Catarina Silva;+32 863610664
Catarina Gomes;+44 321733722
Catarina Santos;+351 185658034
Carlos Mendes;+32 450162212
Carlos Gomes;+33 430460885
Catarina Gomes;+44 739956129
Catarina Mendes;+49 516698087
Carlos Pereira;+351 004849501
Carlos Gomes;+43 272950117
Carlos Santos;+351 556602195
Carlos Gomes;+41 200349574
Carlos Gomes;+33 588562462
Catarina Gomes;+44 190775183
Carlos Santos;+39 532017759
Carlos Martins;+32 953335213
Carlos Santos;+44 294313706
Catarina Pereira;+32 334984483
Carlos Fernandes;+41 742243118
Catarina Santos;+43 762732822
Catarina Gomes;+43 600045338
Carlos Santos;+351 943316526
Catarina Silva;+41 072298914
Carlos Pereira;+39 815010763
Carlos Mendes;+49 320453580
Carlos Ferreira;+41 176169157
Catarina Gomes;+43 946922722
Catarina Fernandes;+32 081695398
Carlos Santos;+32 129757782
Carlos Gonçalves;+44 188881067
Carlos Mendes;+44 307171932
Carlos Mendes;+39 538765973
Carlos Pereira;+39 050843958
Catarina Fernandes;+33 014415777
Carlos Santos;+41 376301270
Carlos Martins;+41 447938604
Carlos Fernandes;+43 757254372
Carlos Santos;+32 079489291
Catarina Gomes;+39 981558472
Catarina Gonçalves;+44 068236613
Catarina Santos;+41 805793032
Carlos Fernandes;+44 329399908
Catarina Pereira;+39 559263827
Carlos Pereira;+44 964730951
Carlos Ferreira;+44 317610881
Catarina Mendes;+49 603276472
Carlos Silva;+41 526392405
Carlos Ferreira;+32 525997544
Catarina Mendes;+43 742294940
Catarina Gonçalves;+44 223195376
Catarina Alves;+49 933163868
Catarina Silva;+43 444202546
Catarina Martins;+39 227949102
Carlos Pereira;+44 513490707
Catarina Silva;+44 294541403
Catarina Pereira;+43 621591509
Catarina Ferreira;+39 130777925
Carlos Ferreira;+351 523894915
Carlos Pereira;+33 922572594
Catarina Santos;+39 734881283
Catarina Pereira;+43 807728007
Carlos Fernandes;+33 389385944
