Rui Ferreira;+41 248278323
Ricardo Gomes;+32 803664946
Ricardo Mendes;+49 751123079
Rui Gonçalves;+32 482003097
Ricardo Martins;+32 281676493
Ricardo Gomes;+41 042048418
Rui Alves;+39 409097638
Ricardo Gomes;+39 609822539
Rui Gonçalves;+39 401327097
Ricardo Silva;+43 459077800
Ricardo Silva;+49 534221615
Rui Gomes;+351 997648125
Rui Silva;+44 033575330
Rui Martins;+33 875355699
Ricardo Martins;+44 157151092
Rui Ferreira;+49 056066174
Ricardo Fernandes;+351 547276776
Ricardo Ferreira;+49 148861283
Rui Gonçalves;+351 422626466
Rui Alves;+351 114278993
Rui Martins;+41 693115822
Ricardo Santos;+32 128866343
Ricardo Ferreira;+49 662338321
Rui Mendes;+33 874375394
Rui Gomes;+43 257890677
Rui Santos;+39 904369140
Ricardo Fernandes;+351 236304722
Ricardo Martins;+39 241027146
Ricardo Fernandes;+39 772448193
Ricardo Pereira;+44 475767239
Rui Gomes;+33 040862834
Ricardo Santos;+351 453374260
Rui Silva;+33 699660710
Ricardo Alves;+41 519403122
Rui Martins;+44 324327607
Rui Silva;+33 264014958
Ricardo Silva;+39 806855449
Rui Gomes;+33 757284377
Ricardo Pereira;+41 847709603
Rui Fernandes;+351 879635475
Rui Martins;+49 911139879
Ricardo Gonçalves;+41 330687172
Rui Fernandes;+43 991041687
Ricardo Gonçalves;+33 579852010
Ricardo Pereira;+33 935804009
Rui Silva;+41 217608304
Rui Fernandes;+49 862905887
Rui Gonçalves;+43 617859010
Rui Mendes;+44 292459500
Ricardo Mendes;+43 792308753
Rui Pereira;+39 661527566
Rui Gomes;+39 581093729
Rui Ferreira;+39 259144288
Rui Mendes;+33 997997606
Rui Martins;+44 889585425
Ricardo Pereira;+33 859528169
Ricardo Martins;+39 593745521
Rui Santos;+43 306205681
Ricardo Alves;+33 463626334
Rui Fernandes;+39 269636294
Rui Alves;+44 348299065
Rui Mendes;+351 998857294
Rui Fernandes;+33 809730841
Rui Pereira;+32 782268120
Rui Alves;+49 545509544
Rui Fernandes;+39 599988499
Rui Martins;+49 619100806
Ricardo Mendes;+41 663528503
Rui Gonçalves;+351 449850624
Rui Gonçalves;+41 283479595
Rui Gonçalves;+39 983209129
Rui Pereira;+33 590128332
Ricardo Silva;+351 429856925
Ricardo Fernandes;+41 798721034
Rui Santos;+49 392490273
Rui Silva;+39 123407138
Ricardo Alves;+351 073401354
Rui Ferreira;+32 696453584
Ricardo Martins;+49 062715528
Ricardo Ferreira;+39 686784670
Rui Silva;+49 994442350
Rui Santos;+41 702446019
Ricardo Silva;+44 510694841
Rui Silva;+43 705099650
Rui Martins;+33 613516576
Rui Martins;+41 545069508
Rui Fernandes;+41 529866751
Ricardo Ferreira;+49 010802250
Ricardo Fernandes;+351 554060695
Ricardo Gomes;+351 165071912
Ricardo Gomes;+39 152831367
Ricardo Martins;+32 586161641
Ricardo Silva;+41 620745753
Rui Silva;+33 125064551
Rui Silva;+44 153373669
Rui Gomes;+43 518813357
Ricardo Gonçalves;+32 838591576
Ricardo Santos;+43 675534981
Rui Martins;+43 659356644
Rui Silva;+41 979304497
