Sofia Alves;+41 770626153
Sofia Martins;+49 844889750
Sofia Ferreira;+351 634212457
Sofia Alves;+49 740928825
Sofia Fernandes;+351 155763184
Sofia Ferreira;+39 309663760
Sofia Martins;+39 169961365
Sofia Ferreira;+43 522836311
Sofia Mendes;+32 024855539
Sofia Mendes;+41 650613676
Sofia Gonçalves;+32 473899901
Sofia Gonçalves;+33 438045436
Sofia Gonçalves;+32 707696723
Sofia Martins;+44 356787119
Sofia Santos;+33 026775431
Sofia Gomes;+33 355593018
Sofia Mendes;+39 695108572
Sofia Silva;+44 214848312
Sofia Alves;+39 629575494
Sofia Santos;+32 611021591
Sofia Alves;+43 682999281
Sofia Gonçalves;+351 036733801
Sofia Martins;+44 530807355
Sofia Gonçalves;+49 949542444
Sofia Mendes;+32 839621364
Sofia Silva;+43 272222462
Sofia Ferreira;+43 511219790
Sofia Silva;+39 110888306
Sofia Martins;+44 166665006
Sofia Martins;+49 291261314
Sofia Gomes;+33 578167852
Sofia Mendes;+41 410737084
Sofia Martins;+43 678905828
Sofia Ferreira;+39 244945122
Sofia Martins;+49 322363010
Sofia Pereira;+43 931527958
Sofia Alves;+41 012880248
Sofia Gonçalves;+49 920450071
Sofia Gonçalves;+43 425411173
Sofia Fernandes;+32 574303446
Sofia Alves;+44 987135487
Sofia Gomes;+39 522008529
Sofia Gonçalves;+33 788129845
Sofia Gonçalves;+43 945833251
Sofia Mendes;+32 527251577
Sofia Fernandes;+32 932504926
Sofia Gonçalves;+32 455839693
Sofia Silva;+43 761054429
Sofia Fernandes;+351 290751540
Sofia Martins;+41 027065225
Sofia Mendes;+32 237018535
Sofia Ferreira;+41 283668180
Sofia Gomes;+44 912189185
Sofia Santos;+43 667170902
Sofia Gomes;+44 584484674
Sofia Gomes;+41 532543902
Sofia Silva;+33 969305766
Sofia Pereira;+39 788536926
Sofia Silva;+43 877015084
Sofia Fernandes;+49 937973548
Sofia Pereira;+49 707516697
Sofia Martins;+39 765603171
Sofia Fernandes;+43 943739822
Sofia Mendes;+39 925257520
Sofia Gonçalves;+33 392877835
Sofia Alves;+43 676479784
Sofia Mendes;+33 241785940
Sofia Alves;+32 695248192
Sofia Ferreira;+41 537680481
Sofia Santos;+49 967484502
Sofia Fernandes;+43 333435752
Sofia Gonçalves;+39 640106721
Sofia Santos;+351 477267052
Sofia Gonçalves;+39 391820040
Sofia Gomes;+41 873577903
Sofia Santos;+33 275414050
Sofia Pereira;+44 131396209
Sofia Mendes;+39 050770468
Sofia Fernandes;+32 184323393
Sofia Pereira;+43 495993903
Sofia Ferreira;+32 577078219
Sofia Pereira;+43 633811356
Sofia Silva;+32 509930001
Sofia Martins;+43 239651834
Sofia Ferreira;+32 130594123
Sofia Martins;+41 176135518
Sofia Gomes;+39 313957783
Sofia Gomes;+39 398043153
Sofia Santos;+49 141321975
Sofia Gomes;+49 235184317
Sofia Mendes;+49 821251908
Sofia Fernandes;+39 231405786
Sofia Fernandes;+39 862417786
Sofia Santos;+44 248143906
Sofia Gomes;+33 020733563
Sofia Silva;+33 781584849
Sofia Silva;+49 437309874
Sofia Pereira;+39 592207425
Sofia Ferreira;+39 727473324
Sofia Gomes;+351 240829737
