Ana Santos;+43 083316504
Ana Santos;+49 539120356
Ana Gonçalves;+41 748599618
Ana Gomes;+41 322348316
Ana Gonçalves;+33 771477458
Ana Alves;+33 464506331
Ana Gomes;+33 654255427
Ana Mendes;+32 623525257
Ana Alves;+39 929964713
Ana Silva;+44 671116358
Ana Gomes;+44 051875380
Ana Martins;+41 861143973
Ana Alves;+44 401074821
Ana Martins;+44 667926321
Ana Pereira;+49 330467762
Ana Gomes;+32 107727907
Ana Gomes;+41 432364608
Ana Martins;+32 229046939
Ana Ferreira;+33 727561115
Ana Gomes;+351 008410700
Ana Santos;+43 238971225
Ana Martins;+39 633614425
Ana Gomes;+41 714906347
Ana Martins;+44 176282171
Ana Silva;+39 430455677
Ana Mendes;+44 912515088
Ana Fernandes;+351 395994002
Ana Mendes;+39 331513472
Ana Pereira;+44 247572695
Ana Santos;+43 124145810
Ana Mendes;+43 447225306
Ana Gomes;+43 352309127
Ana Fernandes;+351 321416841
Ana Martins;+39 152997984
Ana Gomes;+351 294189110
Ana Mendes;+44 824080304
Ana Mendes;+43 121836435
Ana Martins;+32 274398170
Ana Ferreira;+351 144500346
Ana Pereira;+44 739402819
Ana Alves;+32 565180701
Ana Martins;+43 168235706
Ana Mendes;+32 109769856
Ana Pereira;+32 442296447
Ana Ferreira;+41 331192790
Ana Gomes;+41 231878536
Ana Martins;+351 723158920
Ana Santos;+44 478003696
Ana Fernandes;+39 993708039
Ana Pereira;+351 390047363
Ana Silva;+43 868986559
Ana Alves;+32 278818428
Ana Santos;+49 416506846
Ana Pereira;+44 182437492
Ana Gonçalves;+49 166769323
Ana Mendes;+32 249621222
Ana Ferreira;+43 083334325
Ana Fernandes;+49 558786195
Ana Martins;+32 228517856
Ana Ferreira;+43 810249280
Ana Fernandes;+41 757119561
Ana Martins;+32 200824193
Ana Gomes;+41 009888342
Ana Gonçalves;+41 337014405
Ana Ferreira;+39 526581336
Ana Martins;+49 802793548
Ana Gomes;+43 753572111
Ana Gomes;+39 613656331
Ana Gonçalves;+33 663589820
Ana Gomes;+32 288292659
Ana Pereira;+44 856056160
Ana Alves;+351 364197277
Ana Santos;+32 241287155
Ana Gomes;+39 970978196
Ana Santos;+351 944962284
Ana Silva;+41 749152588
Ana Gomes;+44 993245521
Ana Martins;+41 718679496
Ana Gomes;+39 128851251
Ana Fernandes;+44 602644333
Ana Alves;+49 658689229
Ana Martins;+43 041590608
Ana Alves;+43 372654736
Ana Silva;+33 675033373
Ana Silva;+39 745389619
Ana Martins;+33 279454442
Ana Alves;+32 897838558
Ana Pereira;+43 305118788
Ana Santos;+44 771913298
Ana Alves;+351 433232440
Ana Gomes;+39 209015086
Ana Mendes;+39 813230383
Ana Gomes;+32 353658113
Ana Martins;+39 706101651
Ana Mendes;+351 629141820
Ana Silva;+44 384934651
Ana Gomes;+39 147213184
Ana Pereira;+32 211176928
Ana Santos;+33 446812143
Ana Gomes;+32 247816682
