Sofia Alves;+33 914075734
Sofia Martins;+351 910378518
Sofia Pereira;+39 132813294
Sofia Martins;+44 257673226
Sofia Santos;+49 632325602
Sofia Ferreira;+44 482756959
Sofia Silva;+32 005806866
Sofia Santos;+49 708359503
Sofia Silva;+351 059170402
Sofia Martins;+32 053338159
Sofia Gomes;+49 789641757
Sofia Santos;+39 301662880
Sofia Santos;+49 534015545
Sofia Ferreira;+351 985849465
Sofia Silva;+49 014755416
Sofia Pereira;+33 828437004
Sofia Martins;+49 441486153
Sofia Santos;+41 576817128
Sofia Alves;+33 363033878
Sofia Ferreira;+49 700461987
Sofia Ferreira;+41 280643454
Sofia Ferreira;+49 082274903
Sofia Alves;+32 434156578
Sofia Fernandes;+32 128500699
Sofia Mendes;+44 547069883
Sofia Gomes;+351 059976010
Sofia Gonçalves;+44 998549000
Sofia Santos;+351 935072820
Sofia Silva;+41 199769451
Sofia Santos;+49 013285653
Sofia Alves;+39 123034338
Sofia Santos;+39 100264380
Sofia Silva;+44 827210995
Sofia Silva;+351 309823993
Sofia Fernandes;+32 672737289
Sofia Gomes;+41 187149886
Sofia Martins;+39 388468698
Sofia Martins;+351 138302325
Sofia Mendes;+41 517501096
Sofia Gomes;+43 727653792
Sofia Santos;+44 276578983
Sofia Mendes;+43 676473791
Sofia Martins;+44 961710359
Sofia Santos;+41 807354603
Sofia Fernandes;+33 105117531
Sofia Martins;+44 515222061
Sofia Mendes;+43 503934663
Sofia Gomes;+33 480689687
Sofia Martins;+39 197574456
Sofia Santos;+49 465765051
Sofia Gonçalves;+41 355330229
Sofia Fernandes;+33 781177838
Sofia Pereira;+32 465342133
Sofia Santos;+43 066517299
Sofia Gomes;+43 244822007
Sofia Gomes;+41 404962915
Sofia Alves;+41 958201266
Sofia Mendes;+39 533417613
Sofia Mendes;+43 565215066
Sofia Santos;+351 141590282
Sofia Martins;+32 478902902
Sofia Fernandes;+44 248279746
Sofia Martins;+43 717617379
Sofia Ferreira;+32 261756386
Sofia Gonçalves;+44 405759788
Sofia Ferreira;+41 951496124
Sofia Gonçalves;+32 818148355
Sofia Gomes;+49 093970846
Sofia Gonçalves;+351 989203519
Sofia Gonçalves;+33 510597293
Sofia Ferreira;+33 732945429
Sofia Fernandes;+43 516015408
Sofia Mendes;+351 963797168
Sofia Gonçalves;+43 970256015
Sofia Ferreira;+41 234281666
Sofia Silva;+33 533778425
Sofia Mendes;+39 908557217
Sofia Santos;+44 328033561
Sofia Gomes;+43 854338041
Sofia Gomes;+351 854648256
Sofia Mendes;+49 657699662
Sofia Ferreira;+41 235208286
Sofia Mendes;+33 503976343
Sofia Santos;+351 967536945
Sofia Silva;+32 789648849
Sofia Gonçalves;+44 090616135
Sofia Mendes;+49 976231014
Sofia Gonçalves;+43 913325232
Sofia Pereira;+351 307102247
Sofia Ferreira;+41 503859461
Sofia Alves;+351 328981980
Sofia Fernandes;+351 300055168
Sofia Martins;+33 505579413
Sofia Gonçalves;+49 543988966
Sofia Pereira;+39 249737813
Sofia Gonçalves;+49 655167374
Sofia Silva;+44 666885820
Sofia Mendes;+32 069450555
Sofia Alves;+32 601116693
Sofia Alves;+33 372240507
