Sofia Gomes;+49 689046879
Sofia Alves;+33 469645261
Sofia Ferreira;+41 143214511
Sofia Fernandes;+351 242920441
Sofia Gomes;+32 139588322
Sofia Alves;+41 836724807
Sofia Martins;+44 170812229
Sofia Alves;+351 788823127
Sofia Ferreira;+351 079955114
Sofia Gonçalves;+32 197429040
Sofia Fernandes;+41 018571044
Sofia Santos;+351 860838620
Sofia Martins;+41 272783933
Sofia Martins;+32 085371528
Sofia Mendes;+32 265686992
Sofia Fernandes;+33 594051836
Sofia Martins;+39 818151802
Sofia Gomes;+39 954602731
Sofia Silva;+32 893951396
Sofia Fernandes;+49 219234165
Sofia Gonçalves;+351 905974053
Sofia Gonçalves;+41 698152436
Sofia Gomes;+41 625636705
Sofia Silva;+43 840482646
Sofia Mendes;+43 219077676
Sofia Mendes;+32 686905849
Sofia Ferreira;+32 805205928
Sofia Silva;+33 232226956
Sofia Gomes;+39 573269563
Sofia Silva;+351 320732525
Sofia Fernandes;+33 784334329
Sofia Silva;+33 619391937
Sofia Fernandes;+351 712023789
Sofia Alves;+39 805473139
Sofia Santos;+43 098330618
Sofia Gonçalves;+44 534688112
Sofia Pereira;+43 708222971
Sofia Pereira;+39 384875064
Sofia Alves;+44 227514224
Sofia Fernandes;+41 561429104
Sofia Martins;+44 256344210
Sofia Pereira;+44 003696528
Sofia Silva;+33 883524545
Sofia Mendes;+39 123810544
Sofia Martins;+33 914238841
Sofia Ferreira;+32 960495056
Sofia Mendes;+49 728525134
Sofia Silva;+33 016173133
Sofia Fernandes;+32 896888459
Sofia Ferreira;+351 688440887
Sofia Ferreira;+32 310450842
Sofia Alves;+43 202970449
Sofia Gomes;+351 713647773
Sofia Alves;+39 742713757
Sofia Ferreira;+49 251976845
Sofia Gomes;+41 173472512
Sofia Fernandes;+43 417747358
Sofia Gomes;+32 013065430
Sofia Silva;+32 545030349
Sofia Gomes;+33 128244226
Sofia Ferreira;+41 434737453
Sofia Martins;+43 659170932
Sofia Martins;+33 489814607
Sofia Ferreira;+49 421883928
Sofia Gomes;+33 872153207
Sofia Pereira;+33 701799977
Sofia Alves;+43 411090987
Sofia Gomes;+41 464133712
Sofia Santos;+32 730802827
Sofia Fernandes;+33 636635370
Sofia Fernandes;+44 180593655
Sofia Silva;+41 419688658
Sofia Martins;+49 483135460
Sofia Silva;+33 060422171
Sofia Ferreira;+39 504892466
Sofia Mendes;+41 966936521
Sofia Gonçalves;+41 692244433
Sofia Fernandes;+32 691165378
Sofia Martins;+32 715490475
Sofia Ferreira;+32 614600956
Sofia Fernandes;+351 684700756
Sofia Alves;+44 831313891
Sofia Gonçalves;+43 424677346
Sofia Silva;+49 712441946
Sofia Gonçalves;+44 020872187
Sofia Santos;+33 603049212
Sofia Mendes;+43 898722231
Sofia Gomes;+33 817894777
Sofia Martins;+39 094432960
Sofia Fernandes;+44 769856125
Sofia Santos;+43 634056578
Sofia Ferreira;+351 328435999
Sofia Pereira;+351 104755958
Sofia Gonçalves;+43 859384697
Sofia Gonçalves;+44 664877247
Sofia Fernandes;+32 346676246
Sofia Fernandes;+43 745897424
Sofia Martins;+49 365905349
Sofia Gomes;+44 506046562
Sofia Gomes;+41 768316486
