Catarina Ferreira;+39 061107766
Catarina Gonçalves;+43 556782415
Catarina Martins;+351 234445765
Catarina Ferreira;+49 212866945
Carlos Gonçalves;+44 115199769
Carlos Martins;+49 681658612
Carlos Gomes;+41 019129219
Catarina Gomes;+32 131741795
Catarina Pereira;+39 965371807
Catarina Santos;+33 360683281
Catarina Pereira;+351 396173054
Catarina Santos;+32 304090224
Carlos Gomes;+32 755749518
Carlos Fernandes;+39 451733632
Catarina Martins;+33 152709918
Catarina Santos;+32 698533022
Carlos Santos;+43 746520288
Carlos Pereira;+32 008883940
Catarina Silva;+44 595252557
Catarina Ferreira;+351 163085072
Catarina Martins;+32 171789702
Catarina Gomes;+351 804910046
Catarina Gomes;+43 874058317
Catarina Pereira;+33 305587657
Carlos Alves;+44 330632388
Carlos Gonçalves;+33 030536019
Carlos Fernandes;+44 745616071
Catarina Mendes;+44 671550600
Catarina Santos;+33 888722085
Carlos Gonçalves;+49 315185951
Carlos Gomes;+43 387989324
Catarina Gomes;+41 738223031
Carlos Santos;+351 522114838
Catarina Silva;+351 839851637
Catarina Mendes;+43 305737402
Catarina Mendes;+39 935618884
Carlos Gonçalves;+32 923399240
Catarina Silva;+33 924367677
Carlos Pereira;+49 482681132
Catarina Ferreira;+43 489453412
Carlos Fernandes;+43 000316931
Carlos Pereira;+39 825549377
Carlos Silva;+33 852309481
Catarina Pereira;+32 087250307
Catarina Fernandes;+44 512176038
Carlos Gonçalves;+351 304389578
Carlos Gonçalves;+49 172327247
Catarina Ferreira;+49 605094566
Catarina Ferreira;+49 408052959
Catarina Silva;+44 106255687
Carlos Pereira;+351 548978413
Carlos Pereira;+44 261608727
Catarina Alves;+33 344981162
Carlos Gomes;+41 055143638
Catarina Pereira;+351 622988717
Carlos Silva;+43 958868517
Catarina Gonçalves;+32 838312478
Carlos Gomes;+43 006044225
Carlos Fernandes;+44 965010012
Catarina Gonçalves;+351 494398611
Catarina Martins;+39 546933208
Carlos Santos;+43 446244813
Catarina Alves;+351 904490704
Carlos Fernandes;+39 218265818
Catarina Gonçalves;+43 376044759
Carlos Alves;+351 303748931
Catarina Silva;+32 233555750
Catarina Martins;+49 741436283
Carlos Martins;+43 406981939
Carlos Gonçalves;+351 227013553
Carlos Pereira;+39 023118281
Catarina Silva;+41 107871201
Catarina Mendes;+39 421090489
Carlos Alves;+32 808433484
Carlos Silva;+351 014624475
Carlos Silva;+39 961234640
Catarina Silva;+44 809262467
Catarina Alves;+33 446340213
Carlos Martins;+32 568218034
Catarina Fernandes;+41 424959433
Catarina Santos;+43 328803027
Carlos Alves;+351 128206725
Catarina Gonçalves;+39 072185198
Catarina Silva;+49 511205024
Carlos Alves;+351 019032671
Carlos Ferreira;+33 866262240
Carlos Ferreira;+44 859804344
Catarina Gomes;+43 115684211
Catarina Silva;+49 309833347
Catarina Martins;+41 435712314
Catarina Fernandes;+39 988853108
Catarina Gonçalves;+44 283438756
Catarina Pereira;+351 486235853
Catarina Mendes;+43 384944544
Carlos Mendes;+43 067274794
Carlos Silva;+41 787004617
Carlos Gonçalves;+49 989634397
Catarina Fernandes;+43 999161424
Catarina Fernandes;+43 599295043
Catarina Silva;+41 504743748
