Sofia Alves;+43 014043562
Sofia Pereira;+43 615850570
Sofia Pereira;+39 486404649
Sofia Pereira;+44 232022090
Sofia Gonçalves;+49 440809426
Sofia Ferreira;+44 179519449
Sofia Santos;+33 405960003
Sofia Santos;+33 915686496
Sofia Silva;+44 669734758
Sofia Fernandes;+351 738618416
Sofia Santos;+44 209917917
Sofia Alves;+32 330306561
Sofia Mendes;+351 002364428
Sofia Santos;+43 677507583
Sofia Mendes;+351 518676454
Sofia Gonçalves;+44 558796536
Sofia Martins;+43 094131737
Sofia Pereira;+43 994567638
Sofia Pereira;+44 640128605
Sofia Silva;+351 849506640
Sofia Ferreira;+49 744472131
Sofia Gomes;+351 993308697
Sofia Martins;+39 717197236
Sofia Gomes;+39 488114615
Sofia Gonçalves;+351 584009488
Sofia Ferreira;+351 655128341
Sofia Fernandes;+351 413526120
Sofia Gonçalves;+33 691826320
Sofia Alves;+33 563624064
Sofia Santos;+44 403936157
Sofia Gomes;+49 256453239
Sofia Martins;+49 169319377
Sofia Santos;+32 119318768
Sofia Alves;+351 385423674
Sofia Santos;+49 816315054
Sofia Santos;+41 210750002
Sofia Gonçalves;+39 450720372
Sofia Pereira;+351 342637632
Sofia Gonçalves;+39 539218688
Sofia Silva;+44 091779266
Sofia Alves;+32 663099500
Sofia Santos;+43 087383206
Sofia Ferreira;+44 856937539
Sofia Mendes;+351 958783924
Sofia Martins;+39 510387777
Sofia Martins;+43 037135588
Sofia Gonçalves;+39 680587036
Sofia Alves;+32 458830094
Sofia Fernandes;+33 841184009
Sofia Gonçalves;+351 717346119
Sofia Pereira;+33 221619707
Sofia Santos;+39 226717481
Sofia Gomes;+44 377608838
Sofia Pereira;+33 611142820
Sofia Silva;+49 040532602
Sofia Santos;+43 203286766
Sofia Silva;+32 991448705
Sofia Martins;+43 665738236
Sofia Mendes;+32 975679363
Sofia Ferreira;+44 841908124
Sofia Pereira;+32 186443979
Sofia Gomes;+351 414420340
Sofia Gomes;+33 877930674
Sofia Silva;+33 974764666
Sofia Martins;+43 640446037
Sofia Martins;+33 369240840
Sofia Pereira;+41 084464246
Sofia Santos;+351 610736307
Sofia Gonçalves;+49 459039235
Sofia Martins;+33 891245220
Sofia Silva;+351 166512919
Sofia Gomes;+32 549069653
Sofia Pereira;+32 095238733
Sofia Martins;+39 066662145
Sofia Pereira;+39 076836026
Sofia Alves;+41 269627783
Sofia Silva;+43 746840815
Sofia Alves;+351 782290657
Sofia Fernandes;+44 688001505
Sofia Fernandes;+44 242095587
Sofia Gomes;+39 410032977
Sofia Santos;+39 182710012
Sofia Gomes;+33 343904355
Sofia Santos;+49 000958738
Sofia Santos;+351 503626182
Sofia Gomes;+49 396678276
Sofia Alves;+41 394581792
Sofia Pereira;+39 532840471
Sofia Fernandes;+39 045020357
Sofia Gonçalves;+44 909664337
Sofia Gonçalves;+43 147892967
Sofia Fernandes;+39 310886804
Sofia Ferreira;+32 942266905
Sofia Mendes;+44 861607541
Sofia Santos;+41 492022321
Sofia Gomes;+44 685261768
Sofia Santos;+41 895605560
Sofia Gonçalves;+39 599969695
Sofia Pereira;+44 920754385
Sofia Santos;+351 411942029
