Rui Mendes;+351 286770225
Rui Martins;+32 873234355
Rui Martins;+33 764483493
Rui Silva;+33 899666182
Ricardo Silva;+33 086705019
Rui Ferreira;+32 658888019
Rui Ferreira;+32 403799653
Ricardo Pereira;+33 291092191
Ricardo Martins;+39 405506428
Ricardo Alves;+41 691505902
Rui Gomes;+32 132243284
Ricardo Martins;+44 279024940
Rui Santos;+49 417748021
Rui Fernandes;+41 471961446
Rui Fernandes;+44 105044412
Rui Ferreira;+32 110394037
Rui Santos;+41 330489318
Ricardo Martins;+32 090354421
Rui Silva;+33 484132689
Ricardo Gomes;+39 076479236
Ricardo Pereira;+49 901051228
Ricardo Martins;+32 734841933
Rui Martins;+41 617916898
Ricardo Ferreira;+39 114284356
Ricardo Fernandes;+41 785969251
Ricardo Pereira;+351 490099898
Rui Alves;+351 755799199
Ricardo Martins;+44 054589179
Ricardo Alves;+39 486865367
Rui Fernandes;+44 248608693
Rui Martins;+43 626596469
Rui Ferreira;+49 970799177
Rui Santos;+39 663250900
Rui Martins;+41 660794394
Ricardo Ferreira;+41 797779211
Ricardo Gomes;+351 017717425
Rui Santos;+44 724483920
Ricardo Silva;+33 003245862
Ricardo Gomes;+43 648359661
Rui Fernandes;+351 584650774
Ricardo Santos;+43 410295585
Ricardo Mendes;+44 057828089
Rui Martins;+41 317129801
Rui Pereira;+43 738425100
Ricardo Santos;+39 487200206
Ricardo Ferreira;+49 226339611
Rui Gonçalves;+43 433512892
Ricardo Santos;+49 140306681
Ricardo Gonçalves;+41 727507224
Ricardo Martins;+32 549201168
Ricardo Martins;+39 383372332
Rui Pereira;+44 900373739
Ricardo Martins;+39 724006694
Rui Alves;+49 254548778
Rui Fernandes;+32 766129125
Rui Martins;+43 386551171
Rui Gomes;+44 904334712
Ricardo Martins;+32 857358352
Rui Gonçalves;+44 311117120
Ricardo Santos;+33 798086444
Ricardo Martins;+43 215345869
Ricardo Alves;+43 544166031
Ricardo Pereira;+49 156684272
Rui Pereira;+33 711952989
Ricardo Pereira;+351 168732871
Ricardo Fernandes;+32 924897464
Rui Silva;+351 799307402
Ricardo Ferreira;+33 641502658
Ricardo Alves;+49 140369106
Rui Ferreira;+33 888040708
Rui Silva;+44 093390341
Rui Pereira;+351 723791053
Ricardo Mendes;+41 890072418
Rui Ferreira;+44 693986566
Ricardo Santos;+44 338260298
Ricardo Fernandes;+33 001055777
Rui Santos;+44 503468281
Rui Pereira;+39 168372900
Ricardo Fernandes;+43 883252270
Ricardo Mendes;+43 879039343
Ricardo Fernandes;+49 850691209
Rui Martins;+39 506021623
Rui Silva;+39 331489639
Ricardo Gonçalves;+351 814356613
Ricardo Mendes;+41 853130323
Ricardo Pereira;+43 339880712
Ricardo Alves;+39 061771302
Rui Gomes;+32 520772189
Ricardo Ferreira;+49 002562620
Rui Mendes;+49 194547573
Rui Martins;+49 659832275
Rui Gonçalves;+43 860417355
Rui Fernandes;+49 257022719
Ricardo Martins;+49 219832251
Ricardo Gomes;+43 363034717
Ricardo Pereira;+49 465658270
Rui Gomes;+44 443530947
Ricardo Santos;+351 394662728
Ricardo Silva;+33 410378413
Rui Gonçalves;+32 612647102
