Ana Martins;+39 735854591
Ana Fernandes;+351 365392283
Ana Silva;+41 586910433
Ana Pereira;+33 141718423
Ana Gomes;+41 880289937
Ana Martins;+33 341211063
Ana Ferreira;+49 967051797
Ana Mendes;+39 818683354
Ana Silva;+39 226127081
Ana Mendes;+33 417161439
Ana Martins;+33 297015029
Ana Alves;+41 178218339
Ana Mendes;+32 780197141
Ana Gonçalves;+49 036662617
Ana Pereira;+41 423308347
Ana Alves;+41 977904150
Ana Gonçalves;+43 350840017
Ana Santos;+33 276761087
Ana Gonçalves;+41 400709661
Ana Santos;+351 972900395
Ana Santos;+32 562820216
Ana Gomes;+49 107844649
Ana Gomes;+49 928187543
Ana Santos;+33 181629529
Ana Santos;+49 793794156
Ana Fernandes;+351 756406952
Ana Silva;+39 611942181
Ana Gonçalves;+33 387800833
Ana Ferreira;+351 307511621
Ana Mendes;+351 833880352
Ana Ferreira;+32 763190638
Ana Mendes;+49 795631515
Ana Gomes;+41 835124663
Ana Fernandes;+49 663893772
Ana Gomes;+39 536405233
Ana Mendes;+41 077002602
Ana Pereira;+43 829427940
Ana Alves;+39 541936755
Ana Alves;+39 512412991
Ana Ferreira;+39 346999105
Ana Gomes;+43 884826488
Ana Silva;+33 864843307
Ana Mendes;+49 536830848
Ana Martins;+41 215416088
Ana Mendes;+32 114685994
Ana Alves;+39 575661133
Ana Fernandes;+39 453345114
Ana Martins;+39 503619524
Ana Santos;+33 107442990
Ana Gonçalves;+41 516356477
Ana Santos;+33 251420660
Ana Gonçalves;+49 302194249
Ana Santos;+39 171240236
Ana Fernandes;+39 012030271
Ana Alves;+351 993749785
Ana Martins;+32 969026600
Ana Alves;+33 444595761
Ana Alves;+33 081946217
Ana Gomes;+49 446571769
Ana Gomes;+43 977566087
Ana Mendes;+32 834758167
Ana Ferreira;+351 490521882
Ana Martins;+39 245921316
Ana Mendes;+49 949529303
Ana Alves;+43 069022656
Ana Santos;+351 598092742
Ana Fernandes;+43 956584028
Ana Ferreira;+43 522409879
Ana Mendes;+39 841830094
Ana Santos;+43 755020641
Ana Martins;+32 323583244
Ana Ferreira;+351 997624376
Ana Mendes;+351 996255794
Ana Alves;+43 411214538
Ana Gonçalves;+39 332365209
Ana Silva;+41 551950245
Ana Ferreira;+39 243428756
Ana Ferreira;+32 817541583
Ana Mendes;+32 526145038
Ana Ferreira;+39 044366157
Ana Martins;+41 964455913
Ana Pereira;+39 200867521
Ana Gomes;+32 009107266
Ana Gomes;+351 601653683
Ana Santos;+49 243238650
Ana Mendes;+351 519623051
Ana Ferreira;+33 480558398
Ana Santos;+33 074817956
Ana Mendes;+49 279332747
Ana Ferreira;+43 820502240
Ana Mendes;+41 935765819
Ana Alves;+33 096458379
Ana Gonçalves;+49 497857793
Ana Martins;+43 032620398
Ana Pereira;+32 459984636
Ana Silva;+41 031644446
Ana Santos;+32 635771836
Ana Fernandes;+351 420575589
Ana Fernandes;+43 817792416
Ana Gomes;+44 378527171
