Sofia Gomes;+49 590768582
Sofia Martins;+41 667598284
Sofia Gonçalves;+33 398061066
Sofia Pereira;+33 893668417
Sofia Pereira;+41 746188320
Sofia Mendes;+33 900356437
Sofia Fernandes;+33 086875975
Sofia Gomes;+33 704661597
Sofia Pereira;+33 884462298
Sofia Pereira;+33 479286252
Sofia Ferreira;+32 983890000
Sofia Silva;+41 797062194
Sofia Ferreira;+43 196508442
Sofia Martins;+49 141107290
Sofia Fernandes;+32 700858456
Sofia Gonçalves;+41 002733232
Sofia Silva;+49 890527580
Sofia Silva;+39 859242739
Sofia Silva;+32 707182997
Sofia Ferreira;+49 743303718
Sofia Mendes;+41 127020186
Sofia Pereira;+32 128341815
Sofia Gomes;+49 737859546
Sofia Gomes;+43 814641758
Sofia Santos;+33 756647691
Sofia Santos;+43 827729809
Sofia Silva;+39 860026477
Sofia Pereira;+43 408081972
Sofia Martins;+49 865818912
Sofia Mendes;+41 389029904
Sofia Alves;+351 791022589
Sofia Silva;+44 462329266
Sofia Pereira;+43 542007992
Sofia Pereira;+44 953718436
Sofia Alves;+32 175162907
Sofia Fernandes;+351 704113678
Sofia Ferreira;+39 197947191
Sofia Gomes;+32 449227452
Sofia Santos;+32 161764321
Sofia Santos;+49 487121336
Sofia Fernandes;+32 592534422
Sofia Martins;+33 344477649
Sofia Alves;+49 496610360
Sofia Alves;+41 405527683
Sofia Silva;+351 492637525
Sofia Martins;+33 867522559
Sofia Fernandes;+33 754161882
Sofia Gonçalves;+43 570146313
Sofia Gomes;+351 823744176
Sofia Mendes;+43 309997083
Sofia Fernandes;+43 671173845
Sofia Silva;+49 098669322
Sofia Alves;+49 329700775
Sofia Gonçalves;+32 577828821
Sofia Santos;+41 179404966
Sofia Alves;+33 307508075
Sofia Silva;+41 841403553
Sofia Martins;+49 906912801
Sofia Martins;+49 199883124
Sofia Fernandes;+41 832742805
Sofia Fernandes;+44 869999323
Sofia Fernandes;+39 608173495
Sofia Santos;+49 066281908
Sofia Fernandes;+351 340858723
Sofia Alves;+41 631946723
Sofia Fernandes;+32 374314371
Sofia Pereira;+351 026696742
Sofia Santos;+41 381451258
Sofia Fernandes;+44 836325057
Sofia Martins;+351 358004052
Sofia Santos;+43 344837018
Sofia Silva;+39 112219525
Sofia Martins;+49 536104531
Sofia Santos;+43 587016387
Sofia Martins;+43 598342537
Sofia Alves;+43 960943285
Sofia Martins;+43 562478119
Sofia Gomes;+43 001026724
Sofia Gonçalves;+44 173207464
Sofia Santos;+41 383395585
Sofia Silva;+49 258466456
Sofia Ferreira;+39 880322297
Sofia Gonçalves;+32 452550824
Sofia Fernandes;+44 197759390
Sofia Silva;+351 966746597
Sofia Ferreira;+43 941517942
Sofia Alves;+44 122847609
Sofia Martins;+44 938094878
Sofia Alves;+41 460859791
Sofia Fernandes;+351 085915509
Sofia Pereira;+39 110535260
Sofia Alves;+49 558996112
Sofia Alves;+39 595362743
Sofia Gomes;+351 885845402
Sofia Gomes;+33 889015172
Sofia Gonçalves;+49 272498264
Sofia Martins;+44 886313427
Sofia Alves;+39 977265186
Sofia Ferreira;+351 291512951
Sofia Martins;+39 394644024
