Sofia Ferreira;+44 417602466
Sofia Gonçalves;+32 074915262
Sofia Mendes;+44 429385093
Sofia Alves;+32 156256489
Sofia Martins;+44 249771839
Sofia Martins;+351 776248615
Sofia Gomes;+39 337818056
Sofia Mendes;+41 209082428
Sofia Ferreira;+44 838945335
Sofia Martins;+41 004835646
Sofia Mendes;+44 573523931
Sofia Mendes;+39 974723215
Sofia Gomes;+33 407391285
Sofia Pereira;+32 419960329
Sofia Alves;+43 314828206
Sofia Silva;+32 551482418
Sofia Santos;+44 429862378
Sofia Mendes;+351 438831598
Sofia Silva;+43 538643779
Sofia Ferreira;+43 899537565
Sofia Alves;+32 890380968
Sofia Mendes;+39 939057776
Sofia Pereira;+43 221180767
Sofia Martins;+41 368205554
Sofia Santos;+351 747281522
Sofia Silva;+33 500047437
Sofia Pereira;+33 759403240
Sofia Pereira;+41 972199502
Sofia Santos;+33 633356438
Sofia Santos;+351 960992920
Sofia Mendes;+41 884415759
Sofia Silva;+41 727867517
Sofia Ferreira;+32 546857835
Sofia Mendes;+39 456760758
Sofia Santos;+33 917139887
Sofia Pereira;+44 842379300
Sofia Fernandes;+41 343511680
Sofia Mendes;+43 278472334
Sofia Santos;+32 219786425
Sofia Ferreira;+41 329537722
Sofia Gomes;+39 460055524
Sofia Pereira;+49 493280575
Sofia Martins;+33 937120001
Sofia Fernandes;+39 779710660
Sofia Fernandes;+41 527854080
Sofia Gonçalves;+33 914115807
Sofia Pereira;+44 218470449
Sofia Silva;+49 564855973
Sofia Gomes;+43 452474180
Sofia Silva;+43 960662056
Sofia Martins;+39 281353520
Sofia Martins;+41 704280690
Sofia Gomes;+49 690073642
Sofia Silva;+33 436296690
Sofia Santos;+39 859956383
Sofia Mendes;+33 729679212
Sofia Gonçalves;+39 098162392
Sofia Santos;+351 159457520
Sofia Mendes;+32 795170476
Sofia Gomes;+44 626404806
Sofia Gomes;+32 710038295
Sofia Alves;+351 652715620
Sofia Gomes;+33 285933570
Sofia Martins;+43 236651807
Sofia Mendes;+44 217910338
Sofia Silva;+39 939515359
Sofia Martins;+33 186916530
Sofia Fernandes;+41 404834929
Sofia Ferreira;+39 263968305
Sofia Gonçalves;+351 118148980
Sofia Gomes;+32 970237268
Sofia Mendes;+49 533517585
Sofia Fernandes;+44 465660793
Sofia Fernandes;+351 872857830
Sofia Gomes;+351 977574257
Sofia Fernandes;+351 099711334
Sofia Pereira;+41 555535554
Sofia Santos;+41 075799488
Sofia Santos;+351 450332805
Sofia Silva;+41 571593633
Sofia Silva;+351 215804697
Sofia Ferreira;+44 867482860
Sofia Ferreira;+39 771896746
Sofia Pereira;+33 221326889
Sofia Gonçalves;+33 986392498
Sofia Alves;+351 305457126
Sofia Silva;+44 178087784
Sofia Santos;+33 471701353
Sofia Fernandes;+32 321024511
Sofia Martins;+33 269866943
Sofia Pereira;+39 538095668
Sofia Martins;+41 424717410
Sofia Ferreira;+33 860824084
Sofia Fernandes;+44 492884744
Sofia Pereira;+41 967423004
Sofia Alves;+44 069999382
Sofia Martins;+39 987669612
Sofia Silva;+351 631483941
Sofia Silva;+43 300133231
Sofia Mendes;+33 618542915
