Ana Gomes;+41 647027564
Ana Ferreira;+41 441618109
Ana Martins;+49 374674485
Ana Gomes;+43 328184061
Ana Gonçalves;+44 856920614
Ana Gomes;+33 186484717
Ana Silva;+41 276077186
Ana Pereira;+44 349235777
Ana Pereira;+351 128236684
Ana Santos;+41 848734575
Ana Martins;+32 493377999
Ana Martins;+49 600850726
Ana Fernandes;+41 228258772
Ana Pereira;+39 786457740
Ana Gomes;+39 574031790
Ana Alves;+351 572073010
Ana Fernandes;+43 571727699
Ana Alves;+41 240757238
Ana Ferreira;+351 396077650
Ana Alves;+43 151782829
Ana Mendes;+33 796013487
Ana Gomes;+44 717602850
Ana Alves;+33 413023632
Ana Silva;+49 112560676
Ana Silva;+49 582669458
Ana Santos;+351 834831410
Ana Mendes;+49 228967815
Ana Silva;+33 493930392
Ana Ferreira;+49 286580687
Ana Martins;+43 085028505
Ana Gomes;+41 718156307
Ana Gonçalves;+33 488668102
Ana Silva;+41 833533956
Ana Pereira;+44 343846051
Ana Silva;+43 003664189
Ana Mendes;+41 678263532
Ana Ferreira;+41 975764084
Ana Gonçalves;+43 207388283
Ana Mendes;+41 437450975
Ana Alves;+43 591190845
Ana Alves;+43 384678596
Ana Ferreira;+49 020905794
Ana Pereira;+33 079681393
Ana Fernandes;+41 512868637
Ana Santos;+32 578569778
Ana Gomes;+32 740353073
Ana Gonçalves;+43 696133769
Ana Alves;+32 086441981
Ana Alves;+32 206293020
Ana Ferreira;+49 492532695
Ana Martins;+41 401698116
Ana Ferreira;+49 678391642
Ana Gomes;+43 091425851
Ana Mendes;+39 700216940
Ana Alves;+33 094286143
Ana Mendes;+32 550614824
Ana Santos;+33 934344981
Ana Alves;+44 777133544
Ana Gonçalves;+41 490702784
Ana Alves;+43 715804507
Ana Ferreira;+43 210931134
Ana Silva;+39 156819846
Ana Alves;+39 215090972
Ana Fernandes;+351 645885146
Ana Martins;+44 306687098
Ana Santos;+39 595434317
Ana Martins;+49 479703369
Ana Pereira;+49 858725692
Ana Martins;+44 752974763
Ana Santos;+351 690794997
Ana Gomes;+33 102307583
Ana Gomes;+44 213853968
Ana Gonçalves;+41 117701433
Ana Ferreira;+41 748416477
Ana Pereira;+44 815913487
Ana Pereira;+39 238372686
Ana Gonçalves;+33 286354803
Ana Gomes;+351 068573126
Ana Gonçalves;+41 812896433
Ana Martins;+39 199288172
Ana Silva;+32 968883127
Ana Pereira;+39 750427193
Ana Ferreira;+49 122906823
Ana Fernandes;+43 657846046
Ana Mendes;+44 441630487
Ana Ferreira;+49 247097262
Ana Silva;+43 240569348
Ana Pereira;+39 949162770
Ana Mendes;+43 291620407
Ana Gomes;+351 900164011
Ana Santos;+43 332808008
Ana Martins;+49 859253628
Ana Fernandes;+49 242344551
Ana Ferreira;+33 258078528
Ana Santos;+49 547199965
Ana Pereira;+33 926254182
Ana Gomes;+44 844925522
Ana Mendes;+33 082193149
Ana Mendes;+41 894167451
Ana Pereira;+41 192053369
