Catarina Fernandes;+32 232160084
Carlos Alves;+43 947315682
Carlos Fernandes;+32 788882615
Catarina Alves;+44 762737639
Catarina Silva;+351 110557484
Carlos Alves;+41 806567156
Carlos Silva;+41 582774498
Carlos Alves;+39 190517316
Catarina Fernandes;+49 015422688
Catarina Gomes;+44 485274593
Carlos Gonçalves;+32 391348470
Carlos Mendes;+39 031636859
Carlos Silva;+32 790907784
Catarina Fernandes;+39 743947364
Catarina Gomes;+49 026882292
Catarina Silva;+49 599867876
Carlos Martins;+43 447626236
Carlos Gomes;+351 333615593
Catarina Gomes;+43 098257583
Catarina Gomes;+43 389461072
Catarina Gonçalves;+33 732132187
Carlos Fernandes;+49 129044701
Carlos Santos;+32 986819646
Carlos Santos;+39 668377295
Carlos Alves;+41 567754589
Carlos Pereira;+39 650666741
Catarina Silva;+32 707633336
Catarina Mendes;+41 068674640
Carlos Mendes;+43 255306329
Carlos Ferreira;+44 376039584
Catarina Pereira;+49 908640393
Carlos Mendes;+43 667839794
Catarina Mendes;+32 440578997
Carlos Gomes;+49 735113284
Catarina Ferreira;+351 046859035
Catarina Alves;+39 741691833
Catarina Ferreira;+32 522238311
Carlos Mendes;+39 814455211
Carlos Ferreira;+49 276302819
Carlos Martins;+44 646775208
Carlos Santos;+43 501906922
Carlos Gonçalves;+41 842442340
Catarina Alves;+49 480868697
Catarina Ferreira;+44 058031403
Carlos Alves;+49 275911704
Catarina Gomes;+41 780479831
Carlos Alves;+41 904353181
Carlos Ferreira;+49 797551504
Carlos Pereira;+49 660453812
Carlos Ferreira;+44 226959717
Catarina Pereira;+351 839067799
Carlos Pereira;+32 565364199
Catarina Santos;+33 959366700
Carlos Martins;+44 519696902
Carlos Ferreira;+44 826864018
Catarina Martins;+33 667819160
Catarina Silva;+351 610684217
Catarina Pereira;+32 461079046
Carlos Silva;+351 367853713
Catarina Santos;+33 704214455
Catarina Pereira;+44 901861739
Carlos Martins;+44 482324858
Catarina Alves;+33 206636350
Catarina Pereira;+32 866740590
Catarina Mendes;+43 262399490
Catarina Gonçalves;+44 420484699
Carlos Martins;+33 842138510
Carlos Mendes;+49 203353653
Catarina Gonçalves;+49 030301992
Carlos Silva;+33 421493283
Catarina Martins;+39 355966048
Carlos Silva;+39 210317105
Catarina Gonçalves;+49 002101913
Catarina Silva;+351 859503323
Carlos Alves;+44 993257010
Carlos Mendes;+43 933233075
Carlos Pereira;+32 051901376
Carlos Gonçalves;+39 798393079
Catarina Alves;+41 908236021
Catarina Santos;+351 295718501
Carlos Gonçalves;+44 552359180
Catarina Fernandes;+43 742386955
Catarina Silva;+49 117256086
Carlos Mendes;+41 032965949
Carlos Gomes;+33 112701672
Catarina Mendes;+41 961786611
Carlos Gomes;+49 550515255
Catarina Mendes;+351 555106971
Carlos Santos;+351 534004850
Carlos Santos;+43 364534104
Carlos Ferreira;+351 720611267
Carlos Ferreira;+351 243213364
Catarina Fernandes;+32 962552041
Carlos Mendes;+351 626355782
Catarina Gomes;+49 088306062
Catarina Martins;+44 758164743
Catarina Santos;+39 203487024
Carlos Alves;+33 926010854
Catarina Gomes;+49 660525121
Carlos Ferreira;+39 914336947
