Carlos Gomes;+49 730665507
Catarina Pereira;+39 437417142
Catarina Santos;+33 601785858
Catarina Santos;+39 960658818
Carlos Ferreira;+44 817406354
Carlos Silva;+49 631353748
Catarina Silva;+41 154020827
Catarina Mendes;+49 423085315
Catarina Ferreira;+33 032812242
Catarina Silva;+351 462500557
Carlos Ferreira;+33 669408101
Carlos Mendes;+41 839189915
Catarina Alves;+33 156818733
Catarina Santos;+33 635340632
Carlos Silva;+43 011578173
Catarina Ferreira;+41 025475419
Catarina Martins;+33 507049100
Carlos Ferreira;+41 215499460
Carlos Gonçalves;+43 922961773
Catarina Ferreira;+32 924017901
Catarina Gonçalves;+39 750978804
Catarina Mendes;+39 900324544
Catarina Gomes;+33 804330191
Carlos Fernandes;+32 709780461
Catarina Pereira;+44 763451812
Carlos Martins;+33 625623577
Carlos Pereira;+41 090397410
Catarina Ferreira;+39 778825586
Carlos Silva;+43 691284687
Catarina Ferreira;+351 927642643
Catarina Santos;+49 985086010
Carlos Martins;+43 889633227
Catarina Martins;+33 423682353
Catarina Santos;+33 230815322
Carlos Gomes;+33 013494411
Catarina Gonçalves;+39 829166286
Catarina Alves;+32 977427937
Catarina Gonçalves;+32 164268599
Carlos Pereira;+41 240931569
Catarina Pereira;+43 781847885
Catarina Pereira;+32 192664472
Carlos Ferreira;+33 709634027
Carlos Mendes;+32 769709947
Catarina Alves;+44 608339899
Carlos Mendes;+49 310545731
Carlos Gomes;+351 533166932
Catarina Santos;+39 290898845
Carlos Ferreira;+33 616039972
Catarina Silva;+44 672127788
Carlos Ferreira;+39 696120260
Carlos Fernandes;+43 824766580
Catarina Silva;+39 398509722
Catarina Fernandes;+49 158694635
Carlos Mendes;+44 170850590
Carlos Alves;+32 508816371
Catarina Pereira;+44 768005120
Catarina Ferreira;+33 685588171
Catarina Martins;+39 954043967
Catarina Martins;+39 717606284
Carlos Martins;+43 506301233
Catarina Mendes;+33 542882734
Catarina Mendes;+33 044396769
Catarina Alves;+44 444591856
Carlos Santos;+41 552911023
Catarina Mendes;+33 544703006
Carlos Ferreira;+41 416063965
Carlos Pereira;+49 706691588
Catarina Alves;+49 697198954
Catarina Gonçalves;+351 761593865
Catarina Mendes;+351 809523467
Carlos Pereira;+39 583396970
Carlos Ferreira;+44 626748817
Carlos Pereira;+44 914511549
Carlos Pereira;+351 861054983
Carlos Ferreira;+39 174291887
Carlos Silva;+32 390022363
Carlos Gonçalves;+32 549068293
Catarina Fernandes;+41 156225206
Catarina Gonçalves;+351 625945400
Catarina Ferreira;+39 263978454
Catarina Ferreira;+39 698065945
Catarina Gomes;+39 682567412
Carlos Gomes;+44 331637975
Carlos Gonçalves;+49 098576625
Catarina Gomes;+32 718757109
Catarina Martins;+33 989225865
Carlos Ferreira;+43 658544242
Carlos Gomes;+39 629614257
Catarina Ferreira;+41 499359863
Carlos Gomes;+32 448904125
Catarina Alves;+351 201895745
Carlos Gonçalves;+44 029266913
Catarina Gomes;+44 279639988
Catarina Silva;+43 118992862
Carlos Alves;+351 373560815
Carlos Silva;+32 173193949
Carlos Martins;+39 230116706
Carlos Alves;+33 114650636
Catarina Pereira;+32 685873586
Catarina Gonçalves;+41 388655428
