Catarina Santos;+43 862010744
Carlos Gomes;+41 460639680
Carlos Martins;+44 469000289
Catarina Fernandes;+351 517968925
Catarina Santos;+39 823431583
Carlos Martins;+44 069801362
Catarina Ferreira;+41 306322868
Carlos Ferreira;+32 866227709
Catarina Ferreira;+33 182708828
Carlos Gomes;+49 015543523
Carlos Fernandes;+39 158086066
Carlos Silva;+49 959613816
Catarina Mendes;+32 421896499
Catarina Gomes;+44 909468820
Carlos Silva;+39 435163490
Carlos Pereira;+32 687347359
Catarina Mendes;+43 103415098
Catarina Martins;+32 535541123
Catarina Martins;+351 005688492
Carlos Gomes;+43 601460426
Catarina Gonçalves;+43 777071196
Carlos Mendes;+41 573681921
Carlos Alves;+43 758361135
Carlos Martins;+39 186302124
Carlos Santos;+49 414061950
Catarina Mendes;+41 616797202
Carlos Alves;+32 637452743
Carlos Silva;+44 464585486
Carlos Mendes;+44 348215754
Carlos Fernandes;+49 780620666
Catarina Silva;+351 737241145
Carlos Mendes;+351 923078509
Catarina Gonçalves;+33 738458629
Carlos Ferreira;+39 152295132
Carlos Ferreira;+39 037009147
Catarina Gomes;+44 563540155
Catarina Gomes;+32 727692459
Catarina Pereira;+351 283372670
Carlos Gomes;+49 261802828
Catarina Fernandes;+32 580112002
Carlos Martins;+351 353169896
Catarina Santos;+33 147594693
Carlos Santos;+32 880567270
Catarina Ferreira;+49 105651882
Catarina Martins;+44 492088931
Carlos Silva;+43 179835994
Catarina Ferreira;+33 848377240
Catarina Mendes;+33 218246691
Carlos Pereira;+33 607664992
Carlos Gomes;+49 031648879
Carlos Gonçalves;+39 085490186
Carlos Alves;+39 772045353
Catarina Martins;+49 186927612
Catarina Martins;+33 501447644
Catarina Ferreira;+33 772037002
Carlos Silva;+41 852474499
Catarina Pereira;+33 470224342
Carlos Mendes;+32 575076912
Catarina Gomes;+43 518230789
Catarina Ferreira;+351 503997479
Carlos Gomes;+39 296466259
Catarina Martins;+43 314504707
Catarina Martins;+33 754569129
Catarina Silva;+39 828524768
Carlos Alves;+44 729705457
Catarina Martins;+39 548062726
Carlos Gomes;+43 768882814
Carlos Alves;+44 150980969
Catarina Martins;+33 265886120
Catarina Pereira;+43 941616498
Carlos Santos;+39 274473951
Carlos Alves;+39 921460128
Catarina Pereira;+44 309799110
Carlos Gonçalves;+49 775118618
Catarina Silva;+43 965026668
Carlos Silva;+49 630738160
Catarina Gonçalves;+44 077738549
Carlos Gomes;+351 111805817
Catarina Ferreira;+32 602681593
Carlos Pereira;+44 510690491
Catarina Mendes;+41 666805333
Catarina Gomes;+43 687951230
Carlos Mendes;+32 416623972
Catarina Fernandes;+44 489984271
Carlos Gomes;+49 355076743
Carlos Pereira;+33 740657847
Carlos Santos;+32 248669853
Catarina Fernandes;+41 307964164
Carlos Ferreira;+41 195946315
Catarina Mendes;+43 281483115
Carlos Silva;+32 239745570
Catarina Ferreira;+351 585787024
Catarina Martins;+351 337900765
Carlos Martins;+49 010389633
Carlos Silva;+351 970407453
Catarina Santos;+41 795575405
Carlos Silva;+39 535137361
Catarina Pereira;+43 969068150
Carlos Martins;+39 284811675
Carlos Gonçalves;+49 227976780
