Catarina Santos;+33 534996296
Carlos Ferreira;+351 997743714
Catarina Silva;+43 489906664
Carlos Gomes;+351 880868081
Carlos Alves;+33 702865896
Catarina Alves;+32 389901171
Catarina Fernandes;+43 053339483
Carlos Silva;+351 434850584
Carlos Alves;+39 502427671
Catarina Silva;+43 122476151
Carlos Fernandes;+32 171125022
Catarina Gomes;+39 526674593
Carlos Silva;+39 534035744
Carlos Pereira;+49 720565081
Carlos Silva;+351 692143484
Catarina Ferreira;+41 820187436
Catarina Ferreira;+41 892482456
Carlos Fernandes;+49 271373675
Catarina Santos;+39 310494308
Carlos Alves;+39 116991794
Carlos Gonçalves;+49 261808872
Catarina Fernandes;+43 888047827
Catarina Santos;+351 107075535
Carlos Gonçalves;+43 965957702
Catarina Gomes;+39 959317087
Carlos Santos;+44 236139377
Catarina Gonçalves;+33 910292442
Carlos Mendes;+49 045833582
Catarina Fernandes;+49 634501886
Catarina Ferreira;+33 663559217
Catarina Silva;+41 865942935
Catarina Gonçalves;+32 816478227
Catarina Ferreira;+41 652564178
Carlos Alves;+351 475578916
Carlos Ferreira;+351 112635001
Catarina Santos;+44 773747848
Catarina Martins;+33 156534176
Catarina Silva;+41 026753769
Carlos Alves;+33 462635864
Carlos Alves;+41 193227409
Carlos Martins;+351 818566312
Catarina Santos;+49 363450636
Catarina Martins;+43 940309133
Catarina Martins;+39 289403304
Catarina Gomes;+43 120445874
Carlos Gomes;+49 934875222
Catarina Pereira;+43 594130871
Carlos Gonçalves;+351 591372870
Catarina Fernandes;+43 156650993
Carlos Silva;+39 043714027
Carlos Pereira;+49 464552561
Carlos Silva;+32 067102153
Catarina Pereira;+43 003318700
Catarina Silva;+39 259392073
Carlos Gonçalves;+49 255267967
Carlos Pereira;+33 543656351
Catarina Santos;+49 905629287
Carlos Fernandes;+39 377381637
Carlos Santos;+32 546022575
Carlos Ferreira;+43 604198373
Catarina Ferreira;+41 573606188
Carlos Pereira;+33 312862168
Catarina Santos;+32 361827067
Carlos Gonçalves;+33 272438195
Catarina Alves;+44 529229527
Catarina Gonçalves;+32 708321510
Carlos Fernandes;+32 727976674
Catarina Alves;+32 864774850
Catarina Ferreira;+41 928903778
Carlos Gonçalves;+41 231834372
Carlos Pereira;+32 921144018
Catarina Silva;+49 898558501
Carlos Alves;+41 613786826
Carlos Gomes;+33 049682686
Carlos Mendes;+33 399022066
Catarina Alves;+49 666596320
Carlos Ferreira;+41 038802756
Carlos Ferreira;+39 130547474
Catarina Alves;+41 245551218
Catarina Martins;+33 037685730
Carlos Alves;+33 920336795
Catarina Alves;+39 825611575
Catarina Fernandes;+32 105528138
Catarina Alves;+33 957660448
Catarina Santos;+33 694914390
Catarina Martins;+32 576241048
Carlos Gonçalves;+49 827927904
Carlos Santos;+41 390460587
Carlos Ferreira;+32 086700714
Catarina Martins;+44 544124158
Catarina Silva;+33 979848797
Catarina Gomes;+49 331515663
Catarina Pereira;+44 483196688
Carlos Ferreira;+39 218616756
Catarina Santos;+43 180717077
Carlos Alves;+32 351526789
Catarina Gonçalves;+351 999618655
Carlos Pereira;+33 018536117
Catarina Gomes;+39 441096784
Carlos Ferreira;+44 252618058
