Ricardo Fernandes;+49 680141299
Rui Gomes;+41 481691555
Rui Pereira;+32 336752598
Rui Alves;+39 288904625
Rui Gomes;+44 247175776
Rui Gomes;+43 026377743
Ricardo Mendes;+44 651574086
Rui Alves;+44 138930291
Rui Silva;+49 759786601
Rui Mendes;+49 539265433
Rui Martins;+39 827559209
Rui Mendes;+39 032379093
Rui Mendes;+44 727017424
Ricardo Silva;+43 014912708
Ricardo Fernandes;+39 924792458
Rui Gomes;+351 778847335
Rui Fernandes;+32 053919458
Ricardo Pereira;+43 508202828
Ricardo Fernandes;+49 869891643
Rui Fernandes;+41 592865579
Rui Santos;+41 148980309
Ricardo Pereira;+351 449639354
Ricardo Gomes;+351 171225634
Ricardo Fernandes;+351 248102933
Ricardo Gomes;+32 126245731
Rui Silva;+351 194968885
Ricardo Martins;+32 125659324
Rui Mendes;+41 953659888
Rui Gomes;+33 234737603
Rui Ferreira;+32 787199450
Ricardo Mendes;+32 828833115
Rui Alves;+44 043392914
Rui Silva;+41 258298918
Rui Mendes;+351 605427023
Ricardo Santos;+39 637537609
Rui Gomes;+39 016758039
Rui Martins;+32 294161835
Rui Martins;+33 820445630
Ricardo Gomes;+44 238268280
Ricardo Martins;+32 216557523
Ricardo Gomes;+351 489130632
Ricardo Santos;+32 360434544
Ricardo Martins;+39 170817689
Ricardo Fernandes;+351 944567168
Rui Gomes;+44 747280015
Rui Gonçalves;+41 923312076
Ricardo Fernandes;+44 884614658
Ricardo Mendes;+39 810711328
Ricardo Gomes;+43 012750072
Ricardo Gonçalves;+39 803485382
Rui Gomes;+351 259368682
Rui Mendes;+351 936400948
Rui Mendes;+351 812939243
Rui Santos;+33 580086869
Ricardo Martins;+43 715149745
Rui Alves;+32 273818709
Ricardo Santos;+49 571109085
Ricardo Alves;+32 127881242
Ricardo Silva;+33 777745164
Rui Pereira;+43 392274364
Rui Alves;+49 459441056
Ricardo Silva;+49 029784263
Ricardo Alves;+43 976458119
Ricardo Alves;+49 644998350
Ricardo Pereira;+351 873507303
Rui Silva;+351 591304547
Rui Gonçalves;+43 969407936
Ricardo Santos;+32 473980556
Ricardo Santos;+41 102841160
Rui Santos;+32 408925664
Ricardo Fernandes;+351 257616371
Ricardo Gomes;+39 132073548
Rui Gonçalves;+44 583675500
Rui Santos;+44 372225175
Ricardo Alves;+41 658151402
Rui Martins;+33 587670129
Ricardo Fernandes;+41 568525714
Rui Silva;+32 709586052
Rui Ferreira;+39 829042591
Ricardo Fernandes;+41 711986440
Ricardo Silva;+44 131764890
Ricardo Alves;+33 335253613
Rui Pereira;+49 276219751
Ricardo Pereira;+49 774193350
Rui Gomes;+43 345726882
Ricardo Alves;+44 413559486
Rui Gonçalves;+41 678836520
Ricardo Silva;+41 253176219
Ricardo Ferreira;+351 170185410
Ricardo Gomes;+44 067936390
Rui Silva;+32 569853677
Ricardo Alves;+49 543825820
Ricardo Gomes;+43 822052384
Ricardo Alves;+33 596308036
Rui Alves;+39 437263947
Rui Martins;+41 724409255
Ricardo Gomes;+44 069038621
Rui Gomes;+44 795726275
Rui Mendes;+44 702811135
Ricardo Gomes;+49 256473282
