Sofia Pereira;+44 591088815
Sofia Mendes;+39 087169739
Sofia Silva;+32 146643058
Sofia Silva;+41 261145530
Sofia Ferreira;+39 964663349
Sofia Fernandes;+33 484172124
Sofia Mendes;+39 545118905
Sofia Alves;+49 411135244
Sofia Mendes;+39 394757342
Sofia Pereira;+33 311438881
Sofia Santos;+351 470522634
Sofia Santos;+49 965884515
Sofia Martins;+44 531233382
Sofia Martins;+43 826258111
Sofia Silva;+39 376314932
Sofia Gomes;+44 405237256
Sofia Santos;+44 349111863
Sofia Mendes;+41 668190520
Sofia Mendes;+43 593297165
Sofia Gomes;+41 612812899
Sofia Gomes;+44 390213794
Sofia Alves;+351 720602601
Sofia Santos;+43 551966147
Sofia Mendes;+351 813801337
Sofia Ferreira;+43 147177011
Sofia Mendes;+44 108671151
Sofia Santos;+351 363083183
Sofia Mendes;+44 390451797
Sofia Pereira;+33 027456051
Sofia Pereira;+351 796125270
Sofia Gomes;+32 122121071
Sofia Ferreira;+43 674166576
Sofia Martins;+351 695275729
Sofia Alves;+49 536447816
Sofia Ferreira;+41 184147014
Sofia Ferreira;+351 608870757
Sofia Pereira;+44 035403774
Sofia Gomes;+43 024895803
Sofia Ferreira;+351 324930063
Sofia Santos;+32 214088931
Sofia Gomes;+33 679773907
Sofia Silva;+44 668053962
Sofia Mendes;+41 555835994
Sofia Gomes;+32 419253030
Sofia Gonçalves;+43 585800606
Sofia Gonçalves;+39 805702941
Sofia Alves;+32 566004999
Sofia Gomes;+43 048838598
Sofia Gonçalves;+41 521639346
Sofia Pereira;+33 328016389
Sofia Silva;+32 297325793
Sofia Mendes;+44 235931434
Sofia Silva;+49 935123630
Sofia Silva;+32 088270934
Sofia Santos;+49 932963225
Sofia Silva;+43 659998436
Sofia Alves;+49 388943257
Sofia Santos;+33 903106441
Sofia Silva;+33 046830051
Sofia Ferreira;+33 333639792
Sofia Ferreira;+44 420933894
Sofia Santos;+33 103544298
Sofia Fernandes;+32 362864088
Sofia Ferreira;+32 513605207
Sofia Alves;+33 199160347
Sofia Santos;+44 197049727
Sofia Alves;+41 678789942
Sofia Gomes;+351 213171136
Sofia Alves;+32 563136211
Sofia Gomes;+43 928154959
Sofia Silva;+39 662132760
Sofia Pereira;+43 705616172
Sofia Martins;+44 930193726
Sofia Gonçalves;+41 843296439
Sofia Fernandes;+49 269324600
Sofia Gomes;+43 360425307
Sofia Mendes;+49 747949492
Sofia Mendes;+44 985939027
Sofia Alves;+39 864183979
Sofia Pereira;+351 969789948
Sofia Ferreira;+351 348890704
Sofia Pereira;+49 332235466
Sofia Santos;+39 713096967
Sofia Silva;+49 294135844
Sofia Gomes;+39 662032819
Sofia Ferreira;+44 114477111
Sofia Alves;+49 294776491
Sofia Silva;+49 666187752
Sofia Gomes;+41 065700661
Sofia Pereira;+39 586099167
Sofia Gonçalves;+49 588729400
Sofia Gonçalves;+351 395616777
Sofia Alves;+49 146457662
Sofia Santos;+351 513984891
Sofia Pereira;+351 047989191
Sofia Fernandes;+39 094058871
Sofia Ferreira;+49 906888166
Sofia Silva;+41 276467342
Sofia Santos;+41 271384642
Sofia Mendes;+41 129795806
