Ricardo Martins;+44 496467409
Rui Santos;+44 176045733
Rui Gonçalves;+49 682046516
Ricardo Mendes;+33 351692858
Rui Gonçalves;+351 747327241
Ricardo Silva;+33 760512608
Rui Alves;+43 718986524
Rui Gomes;+41 618470630
Ricardo Silva;+41 524990726
Ricardo Ferreira;+351 119451600
Ricardo Ferreira;+49 863174135
Rui Gonçalves;+41 911915717
Rui Gomes;+32 811517495
Rui Martins;+351 700871438
Rui Pereira;+39 460673505
Ricardo Silva;+49 128518465
Ricardo Pereira;+351 973982587
Ricardo Gonçalves;+39 077175098
Ricardo Pereira;+43 612803292
Rui Mendes;+351 039533972
Ricardo Santos;+32 619667519
Rui Silva;+32 797900189
Rui Santos;+41 607834426
Ricardo Alves;+41 580183999
Rui Silva;+41 710156148
Ricardo Gomes;+351 062757794
Rui Pereira;+44 334896390
Rui Alves;+351 234660035
Rui Gonçalves;+351 412462180
Ricardo Martins;+351 800236898
Ricardo Alves;+49 532733213
Ricardo Silva;+351 706736289
Ricardo Gomes;+49 947025419
Ricardo Gonçalves;+49 396831040
Rui Mendes;+33 292862701
Ricardo Gonçalves;+39 653190436
Rui Santos;+33 013845671
Ricardo Fernandes;+32 122001562
Ricardo Martins;+39 823946836
Rui Mendes;+33 511238022
Ricardo Fernandes;+32 424207537
Rui Pereira;+32 745976720
Rui Alves;+39 007063877
Rui Silva;+351 763600781
Rui Fernandes;+44 226645367
Ricardo Santos;+41 426525383
Rui Martins;+43 833641493
Rui Martins;+351 675273259
Ricardo Santos;+41 164223013
Ricardo Fernandes;+33 001029426
Ricardo Martins;+33 929312548
Rui Gomes;+41 044402594
Ricardo Pereira;+44 292829292
Ricardo Fernandes;+33 971566047
Rui Silva;+32 411314206
Ricardo Pereira;+33 134203746
Rui Alves;+49 657917027
Ricardo Santos;+43 505879275
Rui Mendes;+351 400537977
Rui Alves;+44 068994069
Ricardo Gomes;+33 099047340
Rui Martins;+32 412817163
Rui Alves;+49 849297894
Rui Mendes;+39 636588703
Ricardo Fernandes;+44 120905237
Ricardo Ferreira;+44 378491531
Rui Alves;+43 354401878
Ricardo Martins;+43 384617857
Ricardo Pereira;+41 408187270
Rui Ferreira;+44 258606535
Ricardo Pereira;+41 542988531
Rui Gonçalves;+351 858080099
Ricardo Alves;+41 354135066
Rui Silva;+39 025525530
Ricardo Alves;+351 020525749
Ricardo Mendes;+44 974113817
Rui Martins;+33 086813926
Ricardo Fernandes;+39 368321382
Rui Alves;+33 004761005
Rui Gomes;+33 291327657
Ricardo Pereira;+41 905335302
Rui Gomes;+39 024461185
Ricardo Martins;+32 276464630
Rui Ferreira;+32 088606137
Rui Gonçalves;+351 611834869
Ricardo Fernandes;+43 079534581
Rui Gomes;+33 449485086
Rui Alves;+44 733864015
Ricardo Ferreira;+43 367342005
Rui Silva;+43 685409416
Rui Pereira;+49 889236404
Ricardo Silva;+41 119780670
Ricardo Mendes;+32 655541459
Rui Alves;+43 122060588
Rui Ferreira;+43 168620023
Rui Mendes;+41 029739600
Ricardo Alves;+39 415176941
Rui Fernandes;+43 777199256
Rui Gomes;+33 130083297
Rui Silva;+49 872570257
