Rui Pereira;+41 433067168
Ricardo Gonçalves;+43 871491119
Rui Gomes;+351 331822080
Rui Fernandes;+44 689005219
Ricardo Fernandes;+49 422820334
Rui Fernandes;+351 167832835
Rui Pereira;+33 600215772
Ricardo Fernandes;+41 034331321
Ricardo Santos;+41 673098366
Ricardo Gonçalves;+49 923606492
Ricardo Gomes;+39 018877519
Ricardo Mendes;+49 576682740
Ricardo Santos;+41 319639403
Rui Mendes;+41 817292978
Ricardo Mendes;+33 141302697
Rui Martins;+39 075308479
Ricardo Fernandes;+32 191444146
Rui Martins;+32 432865804
Ricardo Martins;+39 685192123
Ricardo Fernandes;+41 636062453
Ricardo Gomes;+32 282782011
Rui Gonçalves;+41 672818501
Rui Gonçalves;+44 510502916
Rui Martins;+32 801412882
Ricardo Gomes;+49 295335462
Rui Pereira;+351 206685663
Rui Martins;+351 706054171
Rui Santos;+49 378800658
Rui Ferreira;+33 095041057
Ricardo Ferreira;+44 870175014
Rui Mendes;+32 857714109
Ricardo Martins;+33 151048655
Rui Mendes;+44 837707096
Rui Martins;+351 216821249
Ricardo Martins;+32 676946418
Rui Alves;+33 382289141
Ricardo Pereira;+32 636018057
Rui Gomes;+43 502503946
Rui Pereira;+43 627353987
Ricardo Pereira;+351 144232348
Rui Silva;+39 382128801
Rui Martins;+351 029263765
Rui Fernandes;+44 880961516
Ricardo Mendes;+32 104440377
Rui Ferreira;+43 075910085
Rui Mendes;+49 530655171
Ricardo Mendes;+39 041950245
Ricardo Mendes;+44 535407170
Rui Pereira;+33 117497384
Rui Silva;+39 939426584
Rui Gomes;+43 603599381
Ricardo Gonçalves;+351 281625187
Rui Pereira;+39 399592851
Ricardo Fernandes;+351 450621222
Ricardo Gonçalves;+41 332565928
Rui Alves;+32 796096020
Ricardo Martins;+39 320888323
Rui Martins;+41 308050352
Rui Silva;+49 580795917
Rui Fernandes;+44 253682135
Rui Fernandes;+351 825683507
Ricardo Ferreira;+44 596391917
Rui Martins;+43 472410162
Rui Pereira;+41 036480715
Rui Alves;+49 991752350
Ricardo Mendes;+44 876191786
Rui Silva;+43 787568034
Ricardo Martins;+41 997226999
Rui Alves;+39 123137265
Rui Fernandes;+44 071980920
Rui Mendes;+33 239609659
Ricardo Silva;+43 429603648
Ricardo Gomes;+43 908650655
Ricardo Fernandes;+39 084310048
Rui Ferreira;+39 221791019
Rui Ferreira;+43 050317455
Ricardo Mendes;+33 189278475
Ricardo Ferreira;+49 612761313
Rui Fernandes;+49 996983835
Ricardo Ferreira;+41 973998406
Rui Gomes;+44 143233227
Rui Santos;+44 300259378
Ricardo Alves;+33 002272511
Rui Ferreira;+33 027009879
Ricardo Gonçalves;+351 298558600
Rui Mendes;+41 576029613
Ricardo Fernandes;+351 161015040
Rui Pereira;+351 173533939
Rui Gomes;+351 747710996
Ricardo Fernandes;+32 795119085
Rui Gonçalves;+43 316754030
Rui Mendes;+32 009457062
Rui Santos;+39 625016580
Rui Gonçalves;+39 822810881
Rui Martins;+44 277289759
Rui Gomes;+33 862113937
Rui Fernandes;+43 065382582
Rui Santos;+41 334409098
Ricardo Fernandes;+39 721791092
Ricardo Gonçalves;+351 638548265
