Sofia Pereira;+41 668827689
Sofia Pereira;+49 449375422
Sofia Ferreira;+32 283102337
Sofia Martins;+41 620568164
Sofia Mendes;+49 036118640
Sofia Fernandes;+32 566499249
Sofia Santos;+32 941611063
Sofia Fernandes;+43 295979138
Sofia Fernandes;+44 867420249
Sofia Silva;+39 092508927
Sofia Fernandes;+351 001460974
Sofia Gonçalves;+43 519341618
Sofia Ferreira;+39 593797264
Sofia Silva;+32 613599668
Sofia Santos;+33 341682488
Sofia Alves;+39 876498894
Sofia Gonçalves;+43 588593917
Sofia Santos;+32 447151451
Sofia Martins;+351 622318419
Sofia Silva;+32 052685542
Sofia Ferreira;+44 467385006
Sofia Mendes;+32 036889783
Sofia Gonçalves;+49 182309958
Sofia Gomes;+49 301386132
Sofia Pereira;+39 288574912
Sofia Ferreira;+39 187214768
Sofia Ferreira;+39 260393670
Sofia Martins;+49 869111677
Sofia Mendes;+351 321309711
Sofia Gonçalves;+43 457990354
Sofia Gonçalves;+351 352342245
Sofia Martins;+41 565353337
Sofia Pereira;+41 201889030
Sofia Gonçalves;+44 647871890
Sofia Martins;+32 025442107
Sofia Silva;+43 970405274
Sofia Fernandes;+41 873828087
Sofia Gonçalves;+39 776859529
Sofia Martins;+33 862072787
Sofia Pereira;+44 973317709
Sofia Silva;+44 238625383
Sofia Gomes;+43 567856247
Sofia Martins;+39 663286277
Sofia Gomes;+351 421272467
Sofia Gomes;+33 291281778
Sofia Fernandes;+33 286181157
Sofia Gonçalves;+41 806702209
Sofia Silva;+39 663518236
Sofia Mendes;+39 556550976
Sofia Alves;+43 340132670
Sofia Ferreira;+351 802024948
Sofia Alves;+44 412298310
Sofia Gonçalves;+41 338162826
Sofia Silva;+44 632483148
Sofia Gomes;+351 115922044
Sofia Gomes;+43 869014990
Sofia Martins;+41 114953884
Sofia Ferreira;+43 000831896
Sofia Silva;+44 132365602
Sofia Ferreira;+44 647441292
Sofia Fernandes;+44 803167462
Sofia Santos;+43 930903118
Sofia Gomes;+44 138718419
Sofia Fernandes;+41 197955584
Sofia Pereira;+43 878294656
Sofia Alves;+39 984248511
Sofia Ferreira;+39 188964641
Sofia Silva;+44 753631789
Sofia Ferreira;+43 590016061
Sofia Ferreira;+351 807020817
Sofia Santos;+33 316646194
Sofia Fernandes;+39 236031410
Sofia Santos;+39 966591125
Sofia Martins;+39 734284294
Sofia Alves;+49 419044686
Sofia Alves;+33 735287308
Sofia Martins;+32 265226217
Sofia Gonçalves;+44 899296737
Sofia Silva;+39 618154538
Sofia Ferreira;+39 225322812
Sofia Gonçalves;+32 446397984
Sofia Santos;+44 391451359
Sofia Gonçalves;+33 409479829
Sofia Ferreira;+32 904389428
Sofia Gomes;+39 470340887
Sofia Silva;+32 410662141
Sofia Fernandes;+32 194465756
Sofia Ferreira;+44 427441427
Sofia Silva;+351 756487152
Sofia Pereira;+49 183688833
Sofia Mendes;+32 175834049
Sofia Ferreira;+33 042552662
Sofia Fernandes;+33 892711360
Sofia Silva;+351 876024344
Sofia Martins;+39 757730057
Sofia Mendes;+351 434414874
Sofia Santos;+351 074715960
Sofia Gomes;+41 001592830
Sofia Silva;+39 990346415
Sofia Gomes;+33 589961548
