Carlos Gonçalves;+41 657395422
Catarina Fernandes;+39 681232385
Carlos Martins;+43 416141274
Catarina Santos;+33 993913486
Catarina Fernandes;+39 311278766
Catarina Gonçalves;+41 277960677
Catarina Gonçalves;+49 794393795
Catarina Mendes;+33 363298936
Catarina Silva;+44 972031187
Carlos Martins;+43 595818751
Catarina Silva;+33 316878556
Catarina Fernandes;+39 531632753
Catarina Martins;+351 141036181
Carlos Gomes;+49 610371577
Catarina Mendes;+41 361812132
Catarina Alves;+43 152589608
Catarina Silva;+39 956774275
Carlos Fernandes;+44 801923684
Catarina Martins;+49 065993727
Carlos Mendes;+44 203540476
Carlos Alves;+351 436023419
Carlos Ferreira;+44 264829503
Carlos Santos;+41 349954558
Carlos Fernandes;+49 206657724
Catarina Gomes;+32 021909987
Catarina Pereira;+351 127003784
Carlos Ferreira;+33 221160684
Catarina Santos;+44 468133729
Catarina Silva;+41 396244303
Catarina Santos;+43 534508857
Carlos Ferreira;+39 191663425
Catarina Pereira;+44 887491581
Catarina Santos;+49 183470321
Carlos Fernandes;+43 524759931
Catarina Alves;+32 158501517
Carlos Santos;+32 969495763
Carlos Ferreira;+44 253080203
Carlos Fernandes;+351 543011077
Catarina Pereira;+39 580063632
Catarina Fernandes;+33 355053269
Catarina Mendes;+351 396825288
Catarina Ferreira;+351 902073769
Carlos Pereira;+32 691768652
Carlos Mendes;+44 885015176
Carlos Ferreira;+32 655511336
Carlos Santos;+44 793222045
Carlos Gonçalves;+39 812326880
Carlos Gonçalves;+351 279684614
Catarina Fernandes;+41 850315622
Catarina Gonçalves;+41 806597819
Carlos Ferreira;+33 337362638
Carlos Martins;+41 047857832
Catarina Gonçalves;+49 505800467
Catarina Mendes;+49 835995909
Carlos Gonçalves;+32 919696398
Carlos Alves;+351 601675682
Catarina Gomes;+49 718928984
Catarina Mendes;+41 831049454
Catarina Martins;+41 002686159
Carlos Fernandes;+39 486139177
Catarina Pereira;+49 611794268
Catarina Santos;+44 912134604
Catarina Ferreira;+44 549391569
Carlos Pereira;+33 002174340
Carlos Gomes;+49 540746904
Carlos Mendes;+43 526147266
Catarina Ferreira;+351 219174977
Carlos Silva;+43 051291315
Catarina Pereira;+41 922492724
Catarina Santos;+32 803176889
Carlos Silva;+351 481487226
Carlos Santos;+33 503881960
Carlos Fernandes;+44 916307874
Carlos Gomes;+39 970815135
Catarina Alves;+44 926004701
Carlos Fernandes;+43 137860761
Carlos Silva;+351 779413804
Carlos Fernandes;+33 575250153
Carlos Gonçalves;+33 490116432
Catarina Gonçalves;+32 096508564
Carlos Ferreira;+44 320305482
Catarina Silva;+44 580437991
Catarina Gomes;+41 647604571
Carlos Fernandes;+32 618966908
Carlos Martins;+49 440903221
Catarina Silva;+39 775688438
Carlos Gomes;+41 444143523
Carlos Santos;+33 976894718
Catarina Gonçalves;+43 611683589
Carlos Pereira;+41 825795587
Carlos Gonçalves;+41 556994654
Catarina Fernandes;+41 737036915
Catarina Santos;+39 947620556
Catarina Ferreira;+39 604985234
Catarina Mendes;+32 245230117
Catarina Santos;+33 680641401
Carlos Gonçalves;+39 666392402
Carlos Silva;+351 737288170
Carlos Fernandes;+351 379949920
Catarina Gomes;+44 937309191
