Carlos Mendes;+44 700999898
Carlos Santos;+351 997099885
Carlos Alves;+49 944182996
Carlos Fernandes;+33 375211924
Carlos Gonçalves;+44 854361130
Catarina Alves;+49 798444574
Carlos Gonçalves;+32 893878117
Carlos Ferreira;+41 364065558
Catarina Silva;+33 483972261
Carlos Silva;+44 212906219
Catarina Santos;+33 033415319
Carlos Pereira;+44 489354843
Catarina Gonçalves;+44 995628943
Carlos Gomes;+43 214790215
Carlos Mendes;+32 958750271
Carlos Gomes;+351 432572831
Carlos Fernandes;+49 922468994
Catarina Mendes;+39 351375259
Carlos Ferreira;+41 660785920
Catarina Mendes;+49 477572544
Carlos Martins;+32 677907389
Carlos Gonçalves;+49 677074237
Catarina Santos;+49 370589592
Carlos Gomes;+43 158707912
Catarina Martins;+43 975880202
Catarina Silva;+41 571735760
Carlos Santos;+41 472026662
Catarina Gonçalves;+39 343414956
Catarina Gonçalves;+351 918275967
Carlos Gonçalves;+33 001692772
Carlos Martins;+43 759505670
Carlos Pereira;+351 536428512
Carlos Fernandes;+41 920198555
Carlos Fernandes;+39 419032442
Catarina Ferreira;+39 955011642
Catarina Silva;+33 830611910
Catarina Martins;+41 501038652
Carlos Gomes;+49 257351562
Carlos Gomes;+32 882175963
Carlos Gonçalves;+41 590860366
Catarina Alves;+351 137316441
Carlos Mendes;+43 637695192
Catarina Mendes;+43 023447133
Catarina Mendes;+49 609597608
Carlos Alves;+41 215946446
Catarina Ferreira;+43 293122184
Catarina Martins;+39 790466715
Carlos Santos;+41 684151163
Carlos Mendes;+351 232429853
Catarina Gonçalves;+44 495542459
Catarina Gomes;+44 639488891
Catarina Fernandes;+32 252955588
Catarina Silva;+33 907589505
Catarina Ferreira;+32 625917889
Carlos Gonçalves;+33 412661679
Carlos Mendes;+41 648796490
Carlos Ferreira;+39 035330519
Carlos Silva;+33 203364572
Catarina Pereira;+39 686847635
Carlos Mendes;+39 798701988
Carlos Silva;+39 500331167
Catarina Silva;+39 954364166
Carlos Ferreira;+33 453607502
Carlos Santos;+33 169348222
Catarina Ferreira;+41 012677338
Catarina Ferreira;+33 051076848
Carlos Martins;+44 575448300
Catarina Silva;+32 751349160
Catarina Silva;+44 455288520
Catarina Santos;+39 286244161
Carlos Pereira;+33 984461324
Catarina Gomes;+39 647325592
Catarina Ferreira;+351 785050389
Carlos Gonçalves;+41 097116507
Carlos Ferreira;+33 302918033
Catarina Pereira;+39 003148478
Carlos Mendes;+41 002556448
Carlos Gomes;+39 224335619
Catarina Pereira;+43 575924746
Carlos Mendes;+32 279369503
Catarina Martins;+41 764264347
Carlos Fernandes;+33 489416328
Catarina Gomes;+43 865382559
Catarina Martins;+49 026651022
Carlos Gonçalves;+351 882907242
Carlos Silva;+32 128540489
Catarina Fernandes;+41 506882626
Catarina Ferreira;+33 098850317
Carlos Pereira;+351 663671331
Catarina Gonçalves;+41 249678086
Catarina Alves;+41 893339154
Carlos Ferreira;+39 425785995
Catarina Silva;+41 085030339
Catarina Gomes;+41 370196326
Carlos Santos;+49 731964139
Catarina Silva;+44 046537758
Carlos Gonçalves;+43 548802000
Catarina Gomes;+32 120749383
Carlos Ferreira;+33 540820218
Catarina Pereira;+351 436389724
