Carlos Ferreira;+43 531049987
Catarina Gomes;+39 352468541
Catarina Gomes;+32 432491124
Carlos Mendes;+43 287858338
Carlos Silva;+351 789831573
Carlos Santos;+41 010542117
Carlos Gomes;+39 041258758
Carlos Gomes;+39 513603473
Catarina Martins;+41 429824176
Catarina Gomes;+351 882603810
Catarina Martins;+32 219174192
Carlos Martins;+39 011635846
Catarina Martins;+43 911552241
Catarina Alves;+44 001379052
Catarina Pereira;+351 034632115
Carlos Gomes;+43 173317002
Catarina Fernandes;+49 854278868
Carlos Mendes;+41 569608569
Catarina Gonçalves;+44 798993271
Catarina Santos;+39 579150794
Carlos Pereira;+49 863292622
Catarina Martins;+32 767608071
Carlos Silva;+32 338168435
Carlos Mendes;+43 582242951
Carlos Mendes;+32 742134008
Carlos Silva;+351 801478554
Carlos Ferreira;+32 319412228
Catarina Mendes;+49 960174522
Carlos Alves;+43 365106919
Catarina Gonçalves;+41 348889639
Carlos Silva;+39 933060738
Carlos Martins;+39 792881521
Carlos Alves;+351 341832236
Carlos Ferreira;+44 053246172
Catarina Alves;+351 779381412
Carlos Santos;+39 212557455
Catarina Mendes;+32 745908993
Carlos Gomes;+33 495012081
Catarina Santos;+39 822708557
Carlos Santos;+49 690660787
Catarina Pereira;+43 936916990
Carlos Pereira;+39 549681783
Carlos Fernandes;+32 045699627
Catarina Martins;+43 851913475
Catarina Ferreira;+43 291309287
Catarina Gonçalves;+44 476605213
Catarina Gonçalves;+32 126282492
Catarina Santos;+41 500836305
Carlos Gomes;+43 749653525
Catarina Gomes;+32 083416122
Carlos Gonçalves;+39 000896437
Carlos Mendes;+39 735316467
Catarina Pereira;+41 612012197
Catarina Gonçalves;+41 042202460
Catarina Silva;+49 905175538
Carlos Alves;+39 240838392
Carlos Gonçalves;+351 250598387
Carlos Martins;+49 854853741
Carlos Mendes;+351 071447549
Catarina Silva;+49 206128927
Catarina Martins;+33 086668060
Carlos Fernandes;+41 231479917
Carlos Gomes;+351 223745233
Carlos Ferreira;+32 011542080
Catarina Gomes;+41 925107017
Catarina Silva;+351 477177596
Carlos Alves;+43 373448224
Carlos Silva;+49 653603816
Carlos Martins;+39 218239728
Carlos Martins;+49 194122233
Carlos Martins;+39 783053239
Catarina Santos;+44 794075021
Catarina Martins;+32 582563298
Catarina Alves;+32 937442178
Carlos Martins;+33 259543544
Catarina Gomes;+44 686620898
Carlos Silva;+41 906614618
Carlos Martins;+43 029206871
Carlos Gonçalves;+32 194608803
Carlos Alves;+41 221314115
Carlos Silva;+39 988410545
Carlos Silva;+43 047401038
Catarina Alves;+351 222407765
Carlos Gonçalves;+39 665928137
Carlos Silva;+44 443134784
Catarina Pereira;+32 451710089
Catarina Alves;+32 312064000
Carlos Pereira;+39 516032052
Catarina Silva;+33 175006726
Catarina Martins;+351 934221048
Catarina Ferreira;+39 606498755
Carlos Santos;+44 765469700
Carlos Ferreira;+49 142821213
Catarina Silva;+43 365478679
Carlos Mendes;+41 250941578
Catarina Fernandes;+351 229697726
Carlos Silva;+39 157205907
Carlos Pereira;+41 389618677
Carlos Santos;+49 346984312
Carlos Gonçalves;+351 751913776
