Ricardo Santos;+41 863580452
Rui Mendes;+32 933253319
Rui Gonçalves;+32 934911425
Ricardo Gomes;+33 014046471
Rui Santos;+351 368613476
Ricardo Martins;+351 803380054
Ricardo Ferreira;+41 544323686
Ricardo Pereira;+43 384292029
Ricardo Pereira;+32 338346199
Ricardo Ferreira;+39 728855690
Ricardo Ferreira;+32 221891772
Ricardo Alves;+39 739520912
Ricardo Silva;+49 959665536
Ricardo Mendes;+39 653990059
Ricardo Martins;+43 306417413
Ricardo Mendes;+33 984292396
Ricardo Santos;+43 594348613
Ricardo Mendes;+33 773210235
Ricardo Fernandes;+44 365634136
Rui Fernandes;+49 131201329
Ricardo Alves;+39 419996927
Ricardo Ferreira;+44 261018387
Rui Ferreira;+351 242976409
Ricardo Gomes;+351 883951834
Ricardo Pereira;+33 480544595
Ricardo Pereira;+43 801610460
Ricardo Silva;+33 003492104
Ricardo Santos;+43 883504817
Ricardo Mendes;+39 051384107
Ricardo Mendes;+49 059553354
Rui Santos;+351 455643731
Ricardo Santos;+44 692711895
Rui Pereira;+43 641366791
Ricardo Ferreira;+41 318537496
Ricardo Fernandes;+33 107319072
Rui Fernandes;+351 739157708
Rui Mendes;+43 211342421
Ricardo Gomes;+43 705719898
Ricardo Fernandes;+49 551614884
Ricardo Ferreira;+351 194069539
Rui Gonçalves;+351 135399624
Ricardo Pereira;+49 791266741
Rui Ferreira;+32 235897711
Rui Gomes;+43 630211853
Rui Fernandes;+43 177630475
Rui Martins;+33 596891904
Ricardo Ferreira;+32 205093664
Ricardo Alves;+351 767602114
Ricardo Gonçalves;+351 920518813
Rui Ferreira;+49 158919261
Rui Martins;+49 445421655
Ricardo Mendes;+49 856888320
Rui Ferreira;+44 297821153
Ricardo Ferreira;+41 774631755
Rui Alves;+39 438464256
Rui Santos;+33 685496288
Ricardo Ferreira;+41 500617766
Rui Ferreira;+33 167010381
Ricardo Gonçalves;+49 056710226
Rui Martins;+44 191832771
Rui Ferreira;+351 686545045
Rui Santos;+39 527276159
Rui Silva;+49 152803519
Ricardo Fernandes;+32 889963036
Ricardo Santos;+32 535944612
Ricardo Gonçalves;+43 270848361
Ricardo Gomes;+43 787444155
Ricardo Santos;+33 562680481
Ricardo Silva;+43 113643719
Rui Martins;+44 413811632
Ricardo Pereira;+32 570118295
Ricardo Martins;+43 536077006
Rui Ferreira;+49 402500318
Ricardo Pereira;+33 855054610
Rui Santos;+49 575446926
Rui Gomes;+39 164329539
Rui Mendes;+32 128029498
Rui Pereira;+44 872048949
Rui Martins;+44 881232055
Ricardo Martins;+41 968023213
Rui Silva;+43 915990720
Ricardo Alves;+49 848182650
Ricardo Mendes;+43 121783428
Ricardo Silva;+41 497663325
Ricardo Fernandes;+44 681126489
Rui Santos;+32 733620245
Ricardo Santos;+44 531769766
Ricardo Alves;+44 249084584
Ricardo Fernandes;+43 146294891
Ricardo Gomes;+32 072437676
Ricardo Santos;+351 057401170
Rui Gomes;+32 972874034
Ricardo Fernandes;+41 358813390
Rui Martins;+39 193983855
Ricardo Fernandes;+32 012090618
Ricardo Santos;+351 819269549
Ricardo Pereira;+33 193914683
Ricardo Gonçalves;+33 090222235
Ricardo Martins;+41 610055777
Ricardo Fernandes;+351 494389392
